model_name,random_state,f1
ConvModel,747,1.0
ConvModel,732,1.0
ConvModel,1628,1.0
ConvModel,226,1.0
ConvModel,618,1.0
DenseModel,917,1.0
DenseModel,590,1.0
DenseModel,662,1.0
DenseModel,1855,1.0
DenseModel,820,1.0
ConvLSTPAMModel,230,1.0
ConvLSTPAMModel,24,1.0
ConvLSTPAMModel,105,1.0
ConvLSTPAMModel,86,1.0
ConvLSTPAMModel,177,1.0
LSTMModel,51,1.0
LSTMModel,44,1.0
LSTMModel,12,1.0
LSTMModel,72,1.0
LSTMModel,54,1.0
ConvLSTMModel,83,1.0
ConvLSTMModel,38,1.0
ConvLSTMModel,675,1.0
ConvLSTMModel,27,1.0
ConvLSTMModel,88,1.0
LSTMAttentionModel,649,1.0
LSTMAttentionModel,348,1.0
LSTMAttentionModel,563,1.0
LSTMAttentionModel,62,1.0
LSTMAttentionModel,27,1.0
