sequence,dff
CCCCCCAGGCTGCGTAAGTCTGCTCCCCCC,0.41835
CCCCCCAGGGGAGCGTGCGGAGGCCCCCCC,0.30074
CCCCCCGACTTGGGCTCATGCTGTCCCCCC,0.32649
CCCCCCTAGACAGGGCTGACTGTGCCCCCC,0.29183
CCCCCCGGCGGACAGACTCTAATGCCCCCC,0.48504
CCCCCCATCATCATCATCATCATCCCCCCC,0.26887
CCCCCCGTGGGTGCATTTGCTGTACCCCCC,0.33299
CCCCCCGACGGCATTCAGGCACGTCCCCCC,0.23886
CCCCCCTGTAGTGCTCGGCTGCCGCCCCCC,0.28531
CCCCCCAGGCTGCGTAAGTCTGCTCCCCCC,0.31942
CCCCCCAAGATGTATCGTGTGCTGCCCCCC,0.22423
CCCCCCGGGTAAGGGCACAACAGTCCCCCC,0.54659
CCCCCCAATACAGCGGTGTTTCTACCCCCC,0.35409
CCCCCCTATTACACTAGTGGATGGCCCCCC,0.35285
CCCCCCTTGAGCGTAACGACAGTGCCCCCC,0.53745
CCCCCCAGGGTATAACGTCCTTTGCCCCCC,0.7449
CCCCCCATAAACAGTCTAGCTGTGCCCCCC,0.3758
CCCCCCAGGAACTACGATCGTGAACCCCCC,0.64094
CCCCCCTAACGGGTTATCCATAATCCCCCC,0.2283
CCCCCCCCCCCCCCCCCCCCCCCCCCCCCC,0.44017
CCCCCCAGGGCCTAGGGATGACGTCCCCCC,0.43442
CCCCCCGAGCAACGGGTCAGCATTCCCCCC,0.24612
CCCCCCACGGGACCGCAGATCGAGCCCCCC,1.0463
CCCCCCAAGTAGGGACAGAATACGCCCCCC,0.57679
CCCCCCGGGATTCGGTCATGTCCTCCCCCC,0.45586
CCCCCCTGCATCGCAACAGCAGTTCCCCCC,0.73006
CCCCCCGGGGCATTCACTGAGCTGCCCCCC,0.32318
CCCCCCGTAGAATGGGCATCGTCGCCCCCC,0.33972
CCCCCCAGCGGCGGCGACGGCGAACCCCCC,0.36796
CCCCCCCCCCCCCCCCCCCCGCCCCCCCCC,0.83564
