sequence,dff,category
ACGAAGGAACAGACAGGG,0.3225740309603818,0
GCGACGGAACAAACAGTG,0.2785912721009277,0
AGGAACGAACAGACAACG,0.1889230994387346,0
AGGAACGAAAATCCAGAG,0.2579882025051139,0
GGGTAACAGAACCAAAGT,0.3147434586508832,0
AGGCTGCGTAAGTCTGCT,0.41835,0
AGGGGAGCGTGCGGAGGC,0.30074,0
GACTTGGGCTCATGCTGT,0.32649,0
TAGACAGGGCTGACTGTG,0.29183,0
ATCATCATCATCATCATC,0.26887,0
GTGGGTGCATTTGCTGTA,0.33299,0
GACGGCATTCAGGCACGT,0.23886,0
TGTAGTGCTCGGCTGCCG,0.28531,0
AAGATGTATCGTGTGCTG,0.22423,0
AATACAGCGGTGTTTCTA,0.35409,0
TATTACACTAGTGGATGG,0.35285,0
ATAAACAGTCTAGCTGTG,0.3758,0
TAACGGGTTATCCATAAT,0.2283,0
CCCCCCCCCCCCCCCCCC,0.44017,0
AGGGCCTAGGGATGACGT,0.43442,0
GAGCAACGGGTCAGCATT,0.24612,0
GGGGCATTCACTGAGCTG,0.32318,0
GTAGAATGGGCATCGTCG,0.33972,0
AGCGGCGGCGACGGCGAA,0.36796,0
