id,alias,sequence_18nt,set,dff,category,row_in_oxt_1.0_2.csv
OXT_01,,AGGCTGCGTAAGTCTGCT,original,0.41835,0,21
OXT_02,,AGGGGAGCGTGCGGAGGC,original,0.30074,0,22
OXT_03,,GACTTGGGCTCATGCTGT,original,0.32649,0,23
OXT_04,,TAGACAGGGCTGACTGTG,original,0.29183,0,24
OXT_05,,GGCGGACAGACTCTAATG,original,0.48504,1,25
OXT_06,,ATCATCATCATCATCATC,original,0.26887,0,26
OXT_07,,GTGGGTGCATTTGCTGTA,original,0.33299,0,27
OXT_08,,GACGGCATTCAGGCACGT,original,0.23886,0,28
OXT_09,,TGTAGTGCTCGGCTGCCG,original,0.28531,0,29
OXT_10,,AAGATGTATCGTGTGCTG,original,0.22423,0,30
OXT_11,,GGGTAAGGGCACAACAGT,original,0.54659,1,31
OXT_12,,AATACAGCGGTGTTTCTA,original,0.35409,0,32
OXT_13,,TATTACACTAGTGGATGG,original,0.35285,0,33
OXT_14,,TTGAGCGTAACGACAGTG,original,0.53745,1,34
OXT_15,,AGGGTATAACGTCCTTTG,original,0.7449,1,35
OXT_16,,ATAAACAGTCTAGCTGTG,original,0.3758,0,36
OXT_17,,AGGAACTACGATCGTGAA,original,0.64094,1,37
OXT_18,,TAACGGGTTATCCATAAT,original,0.2283,0,38
OXT_19,,CCCCCCCCCCCCCCCCCC,original,0.44017,0,39
OXT_20,,AGGGCCTAGGGATGACGT,original,0.43442,0,40
OXT_21,,GAGCAACGGGTCAGCATT,original,0.24612,0,41
OXT_22,,ACGGGACCGCAGATCGAG,original,1.0463,1,42
OXT_23,,AAGTAGGGACAGAATACG,original,0.57679,1,43
OXT_24,,GGGATTCGGTCATGTCCT,original,0.45586,1,44
OXT_25,,TGCATCGCAACAGCAGTT,original,0.73006,1,45
OXT_26,,GGGGCATTCACTGAGCTG,original,0.32318,0,46
OXT_27,,GTAGAATGGGCATCGTCG,original,0.33972,0,47
OXT_28,,AGCGGCGGCGACGGCGAA,original,0.36796,0,48
OXT_29,,CCCCCCCCCCCCCCGCCC,original,0.83564,1,49
S1,SELEC1,ACGAAGGAACAGACAGGG,round 1 (SELEX),0.3225740309603818,0,2
S2,SELEC2,AGGAAGGGACATCAAAAG,round 1 (SELEX),0.815793270098788,1,3
S3,SELEC3,GGGTAACTACAACAATCG,round 1 (SELEX),0.5986464666527489,1,4
S4,SELEC4,GGGACACAAAGACTAAAG,round 1 (SELEX),1.3093497689370286,1,5
S5,SELEC5,GGGAAACTAACAACGACG,round 1 (SELEX),0.9518198712032429,1,6
S6,SELEC6,GCGACGGAACAAACAGTG,round 1 (SELEX),0.2785912721009277,0,7
S7,SELEC7,CGGGGACAACCGAACGCA,round 1 (SELEX),0.5629874307577811,1,8
S8,SELEC8,AGGAGCAACAAACATGAA,round 1 (SELEX),0.6575530107596657,1,9
S9,VAE1,AGGAAAGAACAGACAACG,round 1 (VAE),0.9716831316304336,1,10
S10,VAE2,AGGAACGAACAGACAACG,round 1 (VAE),0.1889230994387346,0,11
S11,VAE3,AGGAACGAAAATCCAGAG,round 1 (VAE),0.2579882025051139,0,12
S12,VAE4,AGGAACGAAAATCCAGAA,round 1 (VAE),0.5996675899148113,1,13
S13,VAE5,GGGGGACAGCAGACAAAG,round 1 (VAE),0.7455452555500349,1,14
S14,VAE6,GGGGGGGAAAAAAAATTG,round 1 (VAE),1.5903424203060477,1,15
S15,VAE7,AGGAAAGAGCAGACAACG,round 1 (VAE),0.730957808251394,1,16
S16,VAE8,AGGAGAGAGCAGACAACG,round 1 (VAE),0.5868877576603047,1,17
S17,VAE9,GGGTAACAGAATCAAAGT,round 1 (VAE),0.7149415989237613,1,18
S18,VAE10,GGGTAACAGAACCAAAGT,round 1 (VAE),0.3147434586508832,0,19
S19,VAE11,AGGAAAGAACAGACAGCG,round 1 (VAE),0.7405527292640353,1,20
