seqid_round2,predicted_sequence,nearest_id,nearest_sequence,hamming_distance,nearest_set,nearest_dff,nearest_category,row_in_oxt_1.0_2.csv,nearest_alias,n_tied_nearest,tied_ids,min_dist_to_original29,min_dist_to_round1_19,mean_dist_all48,max_dist_all48,round2_avg_probability,round2_dff_mean_1195nm,architecture_in_xlsx,architecture_in_repo
c0_1,TATTATGCTGGGTGTTTA,OXT_12,AATACAGCGGTGTTTCTA,8,original,0.35409,0,32,,2,OXT_12;OXT_13,8,15,14.521,17,0.9877654,0.389073,"N/A, SELEC",conv
c0_2,TATTATGCTGGGTTTTTA,OXT_12,AATACAGCGGTGTTTCTA,7,original,0.35409,0,32,,1,OXT_12,7,15,14.542,17,0.98682,1.296747,"N/A, SELEC",conv
c0_3,TATAACTCTCGTGTGCGG,OXT_10,AAGATGTATCGTGTGCTG,6,original,0.22423,0,30,,2,OXT_10;OXT_13,6,13,13.771,17,0.98667145,0.639333,"N/A, SELEC",conv
c0_4,TATACTGCGGTGTTTTTA,OXT_12,AATACAGCGGTGTTTCTA,3,original,0.35409,0,32,,1,OXT_12,3,14,14.271,17,0.98651105,0.241429,"N/A, SELEC",conv
c0_5,AATACTGCGGTGTTTCTA,OXT_12,AATACAGCGGTGTTTCTA,1,original,0.35409,0,32,,1,OXT_12,1,13,13.875,18,0.9858603,0.349653,"N/A, SELEC",conv
c0_6,TATAACTCTCGTGGGCGG,OXT_13,TATTACACTAGTGGATGG,5,original,0.35285,0,33,,1,OXT_13,5,13,13.75,17,0.9852921,0.971237,"N/A, SELEC",conv
c0_7,TATTATGCTAGTGGGTGG,OXT_13,TATTACACTAGTGGATGG,3,original,0.35285,0,33,,1,OXT_13,3,13,14.167,18,0.9849878,1.32188,"N/A, SELEC",conv
c0_8,AATACTGCGTTGTTTGTA,OXT_12,AATACAGCGGTGTTTCTA,3,original,0.35409,0,32,,1,OXT_12,3,13,13.75,18,0.9847232,0.609644,"N/A, SELEC",conv
c0_9,AATATGTCTCGTGTGCCG,OXT_10,AAGATGTATCGTGTGCTG,3,original,0.22423,0,30,,1,OXT_10,3,12,13.688,18,0.9846017,0.971467,perceptron,conv
c0_10,TATATCTCTCGTGTGCCG,OXT_10,AAGATGTATCGTGTGCTG,5,original,0.22423,0,30,,1,OXT_10,5,13,13.896,18,0.9843954,1.248567,perceptron,conv
c1_1,GGGAAACAAAAAAAAAAG,S4,GGGACACAAAGACTAAAG,4,round 1 (SELEX),1.3093497689370286,1,5,SELEC4,1,S4,9,4,10.688,17,0.9573585,3.226342,Conv2D,lstm
c1_2,GGGGGACAACAGAAAAAA,S13,GGGGGACAGCAGACAAAG,3,round 1 (VAE),0.7455452555500349,1,14,VAE5,1,S13,8,3,11.188,17,0.95630896,2.499741,Conv2D,conv
c1_3,GGGGGACAACAGAAAACA,S7,CGGGGACAACCGAACGCA,4,round 1 (SELEX),0.5629874307577811,1,8,SELEC7,2,S7;S13,9,4,11.083,17,0.9551727,1.920914,perceptron,conv
c1_4,GGGGGAGAACAGAAAACG,S9,AGGAAAGAACAGACAACG,4,round 1 (VAE),0.9716831316304336,1,10,VAE1,3,S9;S13;S16,7,4,10.5,16,0.9548141,2.297761,LSTM,dense
c1_5,GGGAAAGAAAAAAAAAAG,S4,GGGACACAAAGACTAAAG,5,round 1 (SELEX),1.3093497689370286,1,5,SELEC4,3,S4;S9;S14,8,5,10.5,18,0.9544143,2.635776,perceptron,lstm
c1_6,GGGTGACAAAAACAAAAG,S4,GGGACACAAAGACTAAAG,4,round 1 (SELEX),1.3093497689370286,1,5,SELEC4,1,S4,7,4,11.188,17,0.95327866,21.152138,perceptron,conv
c1_7,GGGGGACAGAAGAAAAAG,S13,GGGGGACAGCAGACAAAG,2,round 1 (VAE),0.7455452555500349,1,14,VAE5,1,S13,6,2,10.979,17,0.9513218,1.952913,Conv2D,conv
c1_8,GGGGAAGAACAGAAAACG,S9,AGGAAAGAACAGACAACG,3,round 1 (VAE),0.9716831316304336,1,10,VAE1,1,S9,6,3,10.396,16,0.94953245,6.599383,Conv2D,dense
c1_9,GGGGGACAACAGAACAAA,S7,CGGGGACAACCGAACGCA,4,round 1 (SELEX),0.5629874307577811,1,8,SELEC7,2,S7;S13,7,4,11.5,18,0.9485694,2.458319,perceptron,conv
c1_10,GGGTAACAAAAACAAAAG,S3,GGGTAACTACAACAATCG,4,round 1 (SELEX),0.5986464666527489,1,4,SELEC3,4,S3;S4;S17;S18,8,4,11.083,17,0.9474796,2.216558,perceptron,conv
