predicted_sequence,nearest_sequence_id,original_or_round1_sequence,hamming_distance
TATTATGCTGGGTGTTTA,OXT_12; OXT_13,AATACAGCGGTGTTTCTA; TATTACACTAGTGGATGG,8
TATTATGCTGGGTTTTTA,OXT_12,AATACAGCGGTGTTTCTA,7
TATAACTCTCGTGTGCGG,OXT_10; OXT_13,AAGATGTATCGTGTGCTG; TATTACACTAGTGGATGG,6
TATACTGCGGTGTTTTTA,OXT_12,AATACAGCGGTGTTTCTA,3
AATACTGCGGTGTTTCTA,OXT_12,AATACAGCGGTGTTTCTA,1
TATAACTCTCGTGGGCGG,OXT_13,TATTACACTAGTGGATGG,5
TATTATGCTAGTGGGTGG,OXT_13,TATTACACTAGTGGATGG,3
AATACTGCGTTGTTTGTA,OXT_12,AATACAGCGGTGTTTCTA,3
AATATGTCTCGTGTGCCG,OXT_10,AAGATGTATCGTGTGCTG,3
TATATCTCTCGTGTGCCG,OXT_10,AAGATGTATCGTGTGCTG,5
GGGAAACAAAAAAAAAAG,S4,GGGACACAAAGACTAAAG,4
GGGGGACAACAGAAAAAA,S13,GGGGGACAGCAGACAAAG,3
GGGGGACAACAGAAAACA,S7; S13,CGGGGACAACCGAACGCA; GGGGGACAGCAGACAAAG,4
GGGGGAGAACAGAAAACG,S9; S13; S16,AGGAAAGAACAGACAACG; GGGGGACAGCAGACAAAG; AGGAGAGAGCAGACAACG,4
GGGAAAGAAAAAAAAAAG,S4; S9; S14,GGGACACAAAGACTAAAG; AGGAAAGAACAGACAACG; GGGGGGGAAAAAAAATTG,5
GGGTGACAAAAACAAAAG,S4,GGGACACAAAGACTAAAG,4
GGGGGACAGAAGAAAAAG,S13,GGGGGACAGCAGACAAAG,2
GGGGAAGAACAGAAAACG,S9,AGGAAAGAACAGACAACG,3
GGGGGACAACAGAACAAA,S7; S13,CGGGGACAACCGAACGCA; GGGGGACAGCAGACAAAG,4
GGGTAACAAAAACAAAAG,S3; S4; S17; S18,GGGTAACTACAACAATCG; GGGACACAAAGACTAAAG; GGGTAACAGAATCAAAGT; GGGTAACAGAACCAAAGT,4
