source_path,release_path,source_sha256,release_sha256,bytes,action
distance-analysis/OXT.csv,distance-analysis/OXT.csv,04a395427bba484c20c8d422b827a289ba9dd38bec4c707ac94524b9bc9267f2,04a395427bba484c20c8d422b827a289ba9dd38bec4c707ac94524b9bc9267f2,1179,copy
distance-analysis/abr/distance_analysis.py,distance-analysis/data/distance_analysis.py,f3ba3ce2bdf03aca863080c0b91427d38a1c882f4b449863c64848fde86ee71c,8e37b463186bbf4fbba5c32f33ca8e05cc83b5addab3b815d773efaa24c10e48,20475,copy; repository path references updated after folder renames; calculations unchanged
distance-analysis/abr/make_paper_csv.py,distance-analysis/data/make_paper_csv.py,cdda1c046b2e8dce28a3dea8f18d8706f6012871daee92e94690102476d55037,cdda1c046b2e8dce28a3dea8f18d8706f6012871daee92e94690102476d55037,23748,copy
distance-analysis/abr/make_per_seq_excel.py,distance-analysis/data/make_per_seq_excel.py,a0665adf1b32285e6afe656bab348b3c873a869c147a6826694f27dd11d7fbca,f33b1ceaf44f63a01336c764af7474f8357f2a273e48f3c2070495c453560593,11922,copy; repository path references updated after folder renames; calculations unchanged
distance-analysis/abr/md_to_pdf.py,distance-analysis/data/md_to_pdf.py,bd0086551f8a057cea8a4655e9c6ab8ca560f29eab96b3c5a2afbd14ceb6bfc4,bd0086551f8a057cea8a4655e9c6ab8ca560f29eab96b3c5a2afbd14ceb6bfc4,5062,copy
distance-analysis/abr/oxt_reference_29.csv,distance-analysis/data/oxt_reference_29.csv,6c2833834064d5b7fb8d82f1c8206a0c5e0ad272bbf3e0bb65de833f9336f8b0,6c2833834064d5b7fb8d82f1c8206a0c5e0ad272bbf3e0bb65de833f9336f8b0,1906,copy
distance-analysis/abr/pairwise_distances.py,distance-analysis/data/pairwise_distances.py,e0a02a3b2adaaaa873fbec17ec6ec9df89bb2a19ec1e0131620d5fa34f2a9ced,df57fd1a9b4e7914c1282a83c24031d4c68f9527232ab591dc606a859fd1cf4b,7793,copy; repository path references updated after folder renames; calculations unchanged
distance-analysis/abr/paper/00_reference_key/oxt_id_key.csv,distance-analysis/data/paper/00_reference_key/oxt_id_key.csv,77488862c0dc890e65a01c5740f5af46ecf6206f96158375544898b2cf39005b,77488862c0dc890e65a01c5740f5af46ecf6206f96158375544898b2cf39005b,2224,copy
distance-analysis/abr/paper/01_vae_all_29_references/distribution_statistics.csv,distance-analysis/data/paper/01_vae_all_29_references/distribution_statistics.csv,d9af3043a381a3d0f431faddc8e662772ddc7728db04aa12073cc371d70f0ebd,d9af3043a381a3d0f431faddc8e662772ddc7728db04aa12073cc371d70f0ebd,289,copy
distance-analysis/abr/paper/01_vae_all_29_references/fig_hamming_vae.png,distance-analysis/data/paper/01_vae_all_29_references/fig_hamming_vae.png,401f00d4bc8bc1e79587d73a112bfb29c78e13e560528f262b5fd68e70758a9f,401f00d4bc8bc1e79587d73a112bfb29c78e13e560528f262b5fd68e70758a9f,170993,copy
distance-analysis/abr/paper/01_vae_all_29_references/hamming_counts_vae.csv,distance-analysis/data/paper/01_vae_all_29_references/hamming_counts_vae.csv,de86e5396561db21334764fec069bde719e540bccd4dca292d3b4a878ac96fc6,de86e5396561db21334764fec069bde719e540bccd4dca292d3b4a878ac96fc6,408,copy
distance-analysis/abr/paper/01_vae_all_29_references/vae_nearest_hamming.csv,distance-analysis/data/paper/01_vae_all_29_references/vae_nearest_hamming.csv,d5770ec42c48c1435e93578f43387aa91a869fea41cfdf2f6d0852815293ff99,d5770ec42c48c1435e93578f43387aa91a869fea41cfdf2f6d0852815293ff99,64840,copy
distance-analysis/abr/paper/01_vae_all_29_references/vae_nearest_hamming_extended.csv,distance-analysis/data/paper/01_vae_all_29_references/vae_nearest_hamming_extended.csv,dfeb4e39931196a710e2dc8e154bd9a9c5012ef25acec772cad8def651041cad,dfeb4e39931196a710e2dc8e154bd9a9c5012ef25acec772cad8def651041cad,144280,copy
distance-analysis/abr/paper/02_vae_excluding_polyC_controls/distribution_statistics.csv,distance-analysis/data/paper/02_vae_excluding_polyC_controls/distribution_statistics.csv,16de86989bc5beae7c75cc4b93d7bcdd98dfa6dce06a871224e20a2c4fd490b7,16de86989bc5beae7c75cc4b93d7bcdd98dfa6dce06a871224e20a2c4fd490b7,321,copy
distance-analysis/abr/paper/02_vae_excluding_polyC_controls/fig_hamming_vae_excl_polyC.png,distance-analysis/data/paper/02_vae_excluding_polyC_controls/fig_hamming_vae_excl_polyC.png,005e445dbc6d0b4cc43a2110999e7ef88d4b297494289e280b92963358a9df3b,005e445dbc6d0b4cc43a2110999e7ef88d4b297494289e280b92963358a9df3b,167081,copy
distance-analysis/abr/paper/02_vae_excluding_polyC_controls/hamming_counts_vae_excl_polyC.csv,distance-analysis/data/paper/02_vae_excluding_polyC_controls/hamming_counts_vae_excl_polyC.csv,9d29d13a87480ea1c6290dddc5974c40bc3aebdbc6db0e77b3957106614ab9bf,9d29d13a87480ea1c6290dddc5974c40bc3aebdbc6db0e77b3957106614ab9bf,424,copy
distance-analysis/abr/paper/02_vae_excluding_polyC_controls/vae_nearest_hamming_excl_polyC.csv,distance-analysis/data/paper/02_vae_excluding_polyC_controls/vae_nearest_hamming_excl_polyC.csv,7f2b02f81e37637a3b8741e95424f29c5dfb6688c10e37463cb6e0ccd3930770,7f2b02f81e37637a3b8741e95424f29c5dfb6688c10e37463cb6e0ccd3930770,64884,copy
distance-analysis/abr/paper/02_vae_excluding_polyC_controls/vae_nearest_hamming_excl_polyC_extended.csv,distance-analysis/data/paper/02_vae_excluding_polyC_controls/vae_nearest_hamming_excl_polyC_extended.csv,7fb7d65583fb69692477eb35893116db2548f005dbbc44924f8fa7d43a4f5624,7fb7d65583fb69692477eb35893116db2548f005dbbc44924f8fa7d43a4f5624,144671,copy
distance-analysis/abr/paper/03_r6_all_29_references/distribution_statistics.csv,distance-analysis/data/paper/03_r6_all_29_references/distribution_statistics.csv,68a43cde2ce67f69100d1e140f63ff2c6e3daa4b3d161cbc983dbe27dcdfdf9c,68a43cde2ce67f69100d1e140f63ff2c6e3daa4b3d161cbc983dbe27dcdfdf9c,297,copy
distance-analysis/abr/paper/03_r6_all_29_references/fig_hamming_r6.png,distance-analysis/data/paper/03_r6_all_29_references/fig_hamming_r6.png,a8a69a7227ac8dc639ff1ba659a220d64c8f109c996c6bb8ddb84c47a79864c2,a8a69a7227ac8dc639ff1ba659a220d64c8f109c996c6bb8ddb84c47a79864c2,155417,copy
distance-analysis/abr/paper/03_r6_all_29_references/hamming_counts_r6.csv,distance-analysis/data/paper/03_r6_all_29_references/hamming_counts_r6.csv,eb50d6288b67e2411d40a5ff96951428994cd0004720caa3a59069e3a3085845,eb50d6288b67e2411d40a5ff96951428994cd0004720caa3a59069e3a3085845,397,copy
distance-analysis/abr/paper/03_r6_all_29_references/r6_nearest_hamming.csv,distance-analysis/data/paper/03_r6_all_29_references/r6_nearest_hamming.csv,921db7dcaf82f1fa8219d1ab266eeaf41d6c8fde5bd3d792461b3eed4c389a8a,921db7dcaf82f1fa8219d1ab266eeaf41d6c8fde5bd3d792461b3eed4c389a8a,946917,copy
distance-analysis/abr/paper/03_r6_all_29_references/r6_nearest_hamming_extended.csv,distance-analysis/data/paper/03_r6_all_29_references/r6_nearest_hamming_extended.csv,e3bfcba7ee81e1eef57cb80afb82751e48eca9b7ecef2341d2c8b13ff0fc5a1d,e3bfcba7ee81e1eef57cb80afb82751e48eca9b7ecef2341d2c8b13ff0fc5a1d,2106648,copy
distance-analysis/abr/paper/04_r6_excluding_polyC_controls/distribution_statistics.csv,distance-analysis/data/paper/04_r6_excluding_polyC_controls/distribution_statistics.csv,cd7082e7649b8e457c5bfd79ef4cf7954467764a2b4aaee25d9dc8bbdce87322,cd7082e7649b8e457c5bfd79ef4cf7954467764a2b4aaee25d9dc8bbdce87322,326,copy
distance-analysis/abr/paper/04_r6_excluding_polyC_controls/fig_hamming_r6_excl_polyC.png,distance-analysis/data/paper/04_r6_excluding_polyC_controls/fig_hamming_r6_excl_polyC.png,532aeccd7e731960d870d2ea12dc6f4827b358621b8faba31237dc3f72e0ec6d,532aeccd7e731960d870d2ea12dc6f4827b358621b8faba31237dc3f72e0ec6d,155250,copy
distance-analysis/abr/paper/04_r6_excluding_polyC_controls/hamming_counts_r6_excl_polyC.csv,distance-analysis/data/paper/04_r6_excluding_polyC_controls/hamming_counts_r6_excl_polyC.csv,58f80a15f7e0773e87c14c6b466766b7bed4c81690abf9caefabb5419cbdceed,58f80a15f7e0773e87c14c6b466766b7bed4c81690abf9caefabb5419cbdceed,393,copy
distance-analysis/abr/paper/04_r6_excluding_polyC_controls/r6_nearest_hamming_excl_polyC.csv,distance-analysis/data/paper/04_r6_excluding_polyC_controls/r6_nearest_hamming_excl_polyC.csv,aa1ff363de4870024d9d1a8bd2e1016e4f24c128306e47c995de544cf04a7a9b,aa1ff363de4870024d9d1a8bd2e1016e4f24c128306e47c995de544cf04a7a9b,946953,copy
distance-analysis/abr/paper/04_r6_excluding_polyC_controls/r6_nearest_hamming_excl_polyC_extended.csv,distance-analysis/data/paper/04_r6_excluding_polyC_controls/r6_nearest_hamming_excl_polyC_extended.csv,95c92f694efc03004f3fd49550cb4a29506808fa3f9b9618e601a6e011155520,95c92f694efc03004f3fd49550cb4a29506808fa3f9b9618e601a6e011155520,2105519,copy
distance-analysis/abr/paper/05_comparison_vae_vs_r6/distribution_statistics_all.csv,distance-analysis/data/paper/05_comparison_vae_vs_r6/distribution_statistics_all.csv,557fe5f20c8edceed3ac9884f8e46bd3ad8a4f7e6e407804161ffb7664ece79b,557fe5f20c8edceed3ac9884f8e46bd3ad8a4f7e6e407804161ffb7664ece79b,766,copy
distance-analysis/abr/paper/05_comparison_vae_vs_r6/fig_hamming_comparison.png,distance-analysis/data/paper/05_comparison_vae_vs_r6/fig_hamming_comparison.png,bd5e1858d994ccc2208beed65f7b4f62cba53cf17b75dab77be6944f71a9ef69,bd5e1858d994ccc2208beed65f7b4f62cba53cf17b75dab77be6944f71a9ef69,293814,copy
distance-analysis/abr/paper/05_comparison_vae_vs_r6/hamming_counts_comparison.csv,distance-analysis/data/paper/05_comparison_vae_vs_r6/hamming_counts_comparison.csv,887827aa7798d0bd3ff63557443231c86ba845d5bfb200be2050456c1d89d582,887827aa7798d0bd3ff63557443231c86ba845d5bfb200be2050456c1d89d582,435,copy
distance-analysis/abr/paper/r6_nearest_hamming.csv,distance-analysis/data/paper/r6_nearest_hamming.csv,921db7dcaf82f1fa8219d1ab266eeaf41d6c8fde5bd3d792461b3eed4c389a8a,921db7dcaf82f1fa8219d1ab266eeaf41d6c8fde5bd3d792461b3eed4c389a8a,946917,copy
distance-analysis/abr/paper/vae_nearest_hamming.csv,distance-analysis/data/paper/vae_nearest_hamming.csv,d5770ec42c48c1435e93578f43387aa91a869fea41cfdf2f6d0852815293ff99,d5770ec42c48c1435e93578f43387aa91a869fea41cfdf2f6d0852815293ff99,64840,copy
distance-analysis/abr/summary_statistics.csv,distance-analysis/data/summary_statistics.csv,ead2d372d46ee89b1b3c632f9c70b9a0a6eade5b4bcb1a589c6aa3a4115eb691,ead2d372d46ee89b1b3c632f9c70b9a0a6eade5b4bcb1a589c6aa3a4115eb691,480,copy
distance-analysis/abr/summary_statistics_excluding_polyC_controls.csv,distance-analysis/data/summary_statistics_excluding_polyC_controls.csv,a905af72705ecef7e3e8b6a8f3a93e1b540fb0789ceece750d263b4c5ccef42f,a905af72705ecef7e3e8b6a8f3a93e1b540fb0789ceece750d263b4c5ccef42f,481,copy
distance-analysis/abr/vae_by_architecture.csv,distance-analysis/data/vae_by_architecture.csv,a297645abc969e903397b7580225f9111063900232d826d5df38718add8cfac5,a297645abc969e903397b7580225f9111063900232d826d5df38718add8cfac5,269,copy
distance-analysis/abr/validate_kernels.py,distance-analysis/data/validate_kernels.py,a4f7e7ae8b210dffa9f8f25d426ee75584f8b74344658cf17faa4a3f49f082c3,a4f7e7ae8b210dffa9f8f25d426ee75584f8b74344658cf17faa4a3f49f082c3,3474,copy
distance-analysis/abr/validate_palette.py,distance-analysis/data/validate_palette.py,378f7a63086c4ea4fe8e1d7f2f51930b0c8e6150160a031109f57a8902adc308,378f7a63086c4ea4fe8e1d7f2f51930b0c8e6150160a031109f57a8902adc308,4622,copy
distance-analysis/abr/validate_per_seq_excel.py,distance-analysis/data/validate_per_seq_excel.py,c09bc15848dce60a99e86ee167ff3cf69116e8354aa95355e3531552b65d0778,c09bc15848dce60a99e86ee167ff3cf69116e8354aa95355e3531552b65d0778,8782,copy
distance-analysis/result_nn_r6.csv,distance-analysis/result_nn_r6.csv,c4ba8bb8e72ce29cf8ad7c528c286b5ad9f54f2085f95bba87cfebc5e72ee9e2,c4ba8bb8e72ce29cf8ad7c528c286b5ad9f54f2085f95bba87cfebc5e72ee9e2,7045864,copy
distance-analysis/result_nn_vae_ordered_base_on_arch.csv,distance-analysis/result_nn_vae_ordered_base_on_arch.csv,906b167a577b7b33a283a24144e80e1e49d7d5864b794c86b801a8a3595e164a,906b167a577b7b33a283a24144e80e1e49d7d5864b794c86b801a8a3595e164a,474683,copy
reference_set_48.csv,reference_set_48.csv,2ca881fc476cd14ea2f4a39b142a0d70ce9e91d18564af4549e0eb837b09a457,2ca881fc476cd14ea2f4a39b142a0d70ce9e91d18564af4549e0eb837b09a457,2796,copy
round2_nearest_hamming.csv,round2_nearest_hamming.csv,a09593e80fa54c019160c811da908ed1ae0b3bb7c081e7659730d5469ec27e86,a09593e80fa54c019160c811da908ed1ae0b3bb7c081e7659730d5469ec27e86,1286,copy
round2_nearest_hamming.py,round2_nearest_hamming.py,10c7cae27c6101dd23b3be2e1eef001acd2c0fa68c92a90c36ea02c8781fc33d,886a600d8117d64b3c0a4753cd7a463e10a406144b78210fa90ea8c194a7f38c,9684,copy; repository path references updated after folder renames; calculations unchanged
round2_nearest_hamming_extended.csv,round2_nearest_hamming_extended.csv,c47d11d88bb34e8daac8c1f6c51358bced8d7d62d4b11c4b02d095ff294018d3,c47d11d88bb34e8daac8c1f6c51358bced8d7d62d4b11c4b02d095ff294018d3,3215,copy
table-S3-JAQUESTA-NEW.xlsx,table-S3-JAQUESTA-NEW.xlsx,d3d978352025f47085eea60fd36428b97e69f6c93a32932311174374a9e4c748,d3d978352025f47085eea60fd36428b97e69f6c93a32932311174374a9e4c748,16858,copy
table-S4-nearest-hamming-original-round1.xlsx,table-S4-nearest-hamming-original-round1.xlsx,806831e079352286202570fa456350f9304451373e74b9e831ec1a6d46c2f491,806831e079352286202570fa456350f9304451373e74b9e831ec1a6d46c2f491,6562,copy
table-S4-validation2-JAQUESTA-NEW.xlsx,table-S4-validation2-JAQUESTA-NEW.xlsx,68b30e6f72569e06dfe94f8f160c8e07e42e976c308d6793c4abfc97f317bd72,68b30e6f72569e06dfe94f8f160c8e07e42e976c308d6793c4abfc97f317bd72,14360,copy
vaelela/freezevae.txt,vae/freezevae.txt,a7f315cf4ab71b97775ae86311f1e5577f8c0dddd92dfa5b6584cfcb766cf5bc,a7f315cf4ab71b97775ae86311f1e5577f8c0dddd92dfa5b6584cfcb766cf5bc,2930,copy
vaelela/listvae.txt,vae/listvae.txt,f16c77e876ebb57ea07f8efeb9df3ff9219604b52011ee55eefd53c60f120c69,f16c77e876ebb57ea07f8efeb9df3ff9219604b52011ee55eefd53c60f120c69,5740,copy
vaelela/oxt/NN/ConvLSTMModel/model_28_rnd_28.h5,vae/oxt/NN/ConvLSTMModel/model_28_rnd_28.h5,17036de9604cc1f5a7378f250b97f681bba3ba153d557b9c58d5e084697a157b,17036de9604cc1f5a7378f250b97f681bba3ba153d557b9c58d5e084697a157b,351984,copy
vaelela/oxt/NN/ConvLSTMModel/model_39_rnd_39.h5,vae/oxt/NN/ConvLSTMModel/model_39_rnd_39.h5,7a55efa925685ad0814a515ad81455b3cee5be9621338fd21ac2c87748db8535,7a55efa925685ad0814a515ad81455b3cee5be9621338fd21ac2c87748db8535,351984,copy
vaelela/oxt/NN/ConvLSTMModel/model_676_rnd_676.h5,vae/oxt/NN/ConvLSTMModel/model_676_rnd_676.h5,bec974c7807a834e9f7ca5f9dcee30e94ef2cfd16ce1b05aa4aac28e700c6ee7,bec974c7807a834e9f7ca5f9dcee30e94ef2cfd16ce1b05aa4aac28e700c6ee7,351984,copy
vaelela/oxt/NN/ConvLSTMModel/model_84_rnd_84.h5,vae/oxt/NN/ConvLSTMModel/model_84_rnd_84.h5,7ca4d4ace5f6a50804a3992edd0fc5240a77f71445d90134cd457cee15c327fd,7ca4d4ace5f6a50804a3992edd0fc5240a77f71445d90134cd457cee15c327fd,351984,copy
vaelela/oxt/NN/ConvLSTMModel/model_89_rnd_89.h5,vae/oxt/NN/ConvLSTMModel/model_89_rnd_89.h5,2bceb6cb801abd0f19280fd167a1f94a693dde498b6eaaa461451da040c97f34,2bceb6cb801abd0f19280fd167a1f94a693dde498b6eaaa461451da040c97f34,351984,copy
vaelela/oxt/NN/ConvLSTPAMModel/model_106_rnd_106.h5,vae/oxt/NN/ConvLSTPAMModel/model_106_rnd_106.h5,16545c095fcf7feee78071f6d05d84b42e2af06a8568d416f82b80ce4079ad50,16545c095fcf7feee78071f6d05d84b42e2af06a8568d416f82b80ce4079ad50,336408,"copy; historical sixth classifier, excluded from predictions"
vaelela/oxt/NN/ConvLSTPAMModel/model_178_rnd_178.h5,vae/oxt/NN/ConvLSTPAMModel/model_178_rnd_178.h5,c56826f297cc5fbf8a391115a359d2831c0dbdd96fd02aa7f3b5530574c7b4ba,c56826f297cc5fbf8a391115a359d2831c0dbdd96fd02aa7f3b5530574c7b4ba,336408,"copy; historical sixth classifier, excluded from predictions"
vaelela/oxt/NN/ConvLSTPAMModel/model_231_rnd_231.h5,vae/oxt/NN/ConvLSTPAMModel/model_231_rnd_231.h5,7fd6242840949b8a2e495c72bc6036d55630f902672a6bb993faa7aba787d198,7fd6242840949b8a2e495c72bc6036d55630f902672a6bb993faa7aba787d198,336408,"copy; historical sixth classifier, excluded from predictions"
vaelela/oxt/NN/ConvLSTPAMModel/model_25_rnd_25.h5,vae/oxt/NN/ConvLSTPAMModel/model_25_rnd_25.h5,d98f020497d3f873d33143ef29911d7238df12a36f6a4d8669a660be58b131b9,d98f020497d3f873d33143ef29911d7238df12a36f6a4d8669a660be58b131b9,336408,"copy; historical sixth classifier, excluded from predictions"
vaelela/oxt/NN/ConvLSTPAMModel/model_87_rnd_87.h5,vae/oxt/NN/ConvLSTPAMModel/model_87_rnd_87.h5,0c081ab543670c21108f074024c778c387b89daabf8a9d351ddc4b28e0112468,0c081ab543670c21108f074024c778c387b89daabf8a9d351ddc4b28e0112468,336408,"copy; historical sixth classifier, excluded from predictions"
vaelela/oxt/NN/ConvModel/model_1629_rnd_1629.h5,vae/oxt/NN/ConvModel/model_1629_rnd_1629.h5,f96e083757cc24730e9e403c564d0e84c049aaada4d63ac5639cea4fa211ca07,f96e083757cc24730e9e403c564d0e84c049aaada4d63ac5639cea4fa211ca07,457488,copy
vaelela/oxt/NN/ConvModel/model_227_rnd_227.h5,vae/oxt/NN/ConvModel/model_227_rnd_227.h5,285c09b58b97562f4f769db2021d00d8fbe43caf59bdf9f524a8f9adf5a5cd4e,285c09b58b97562f4f769db2021d00d8fbe43caf59bdf9f524a8f9adf5a5cd4e,457488,copy
vaelela/oxt/NN/ConvModel/model_619_rnd_619.h5,vae/oxt/NN/ConvModel/model_619_rnd_619.h5,a2bb33fef8dc493d49d07b9c1d1d6e816cfd3f05e7b0e5ff81919a15caeb14ab,a2bb33fef8dc493d49d07b9c1d1d6e816cfd3f05e7b0e5ff81919a15caeb14ab,457488,copy
vaelela/oxt/NN/ConvModel/model_733_rnd_733.h5,vae/oxt/NN/ConvModel/model_733_rnd_733.h5,c116da568faf3a62088a7315907693fd25fd821a0559296af963b4087f5fed23,c116da568faf3a62088a7315907693fd25fd821a0559296af963b4087f5fed23,457488,copy
vaelela/oxt/NN/ConvModel/model_748_rnd_748.h5,vae/oxt/NN/ConvModel/model_748_rnd_748.h5,558663e18abc2ffbfbda037948e49fe18eeb6b37d748c458d3eb5c5bb15e7c55,558663e18abc2ffbfbda037948e49fe18eeb6b37d748c458d3eb5c5bb15e7c55,457488,copy
vaelela/oxt/NN/DenseModel/model_1856_rnd_1856.h5,vae/oxt/NN/DenseModel/model_1856_rnd_1856.h5,5d06dac17348ef961c5e6ef4a02ea424779b02215534ad00bb13d99b954fe122,5d06dac17348ef961c5e6ef4a02ea424779b02215534ad00bb13d99b954fe122,85224,copy
vaelela/oxt/NN/DenseModel/model_591_rnd_591.h5,vae/oxt/NN/DenseModel/model_591_rnd_591.h5,2018b32ab8460e73d89cf043ad57cb6723b1e787cab8716de7d8280c8b6df30b,2018b32ab8460e73d89cf043ad57cb6723b1e787cab8716de7d8280c8b6df30b,85224,copy
vaelela/oxt/NN/DenseModel/model_663_rnd_663.h5,vae/oxt/NN/DenseModel/model_663_rnd_663.h5,531ff913e78b725e2bda911df49c153cb7ac1562789f1def64482ebbfea4b8fd,531ff913e78b725e2bda911df49c153cb7ac1562789f1def64482ebbfea4b8fd,85224,copy
vaelela/oxt/NN/DenseModel/model_821_rnd_821.h5,vae/oxt/NN/DenseModel/model_821_rnd_821.h5,ee6f2841eccf4f3ba4c5cbe91fe52e97b197c206a6e86efc786cda9d81b4f3ab,ee6f2841eccf4f3ba4c5cbe91fe52e97b197c206a6e86efc786cda9d81b4f3ab,85224,copy
vaelela/oxt/NN/DenseModel/model_918_rnd_918.h5,vae/oxt/NN/DenseModel/model_918_rnd_918.h5,c68056fac96238a1bfe864311692eb86310928b6763dd6c71498c0de44e85958,c68056fac96238a1bfe864311692eb86310928b6763dd6c71498c0de44e85958,85224,copy
vaelela/oxt/NN/LSTMAttentionModel/model_28_rnd_28.h5,vae/oxt/NN/LSTMAttentionModel/model_28_rnd_28.h5,304c007e32e250c436fc9f2f280e37091dd48b4c6a271ccff7bdd27f8eca7975,304c007e32e250c436fc9f2f280e37091dd48b4c6a271ccff7bdd27f8eca7975,544552,copy
vaelela/oxt/NN/LSTMAttentionModel/model_349_rnd_349.h5,vae/oxt/NN/LSTMAttentionModel/model_349_rnd_349.h5,c59b89078a0e74db753aa46f8c3b82f4426eb316548cee435e623ef37c367aa2,c59b89078a0e74db753aa46f8c3b82f4426eb316548cee435e623ef37c367aa2,544552,copy
vaelela/oxt/NN/LSTMAttentionModel/model_564_rnd_564.h5,vae/oxt/NN/LSTMAttentionModel/model_564_rnd_564.h5,6744f7c2d0e06b6513fb3fe1fe59f94fa710a65d6e1b26e75c0507df78674f21,6744f7c2d0e06b6513fb3fe1fe59f94fa710a65d6e1b26e75c0507df78674f21,544552,copy
vaelela/oxt/NN/LSTMAttentionModel/model_63_rnd_63.h5,vae/oxt/NN/LSTMAttentionModel/model_63_rnd_63.h5,b896185bef5eabd713d7c54c7521bb4de1321e0b86efbb7e27b2edacca2398b2,b896185bef5eabd713d7c54c7521bb4de1321e0b86efbb7e27b2edacca2398b2,544552,copy
vaelela/oxt/NN/LSTMAttentionModel/model_650_rnd_650.h5,vae/oxt/NN/LSTMAttentionModel/model_650_rnd_650.h5,33fe6591cb16613cc726769a7a51ed7d8aab1f50ab60b11a5c153c7cc20d0d8b,33fe6591cb16613cc726769a7a51ed7d8aab1f50ab60b11a5c153c7cc20d0d8b,544552,copy
vaelela/oxt/NN/LSTMModel/model_13_rnd_13.h5,vae/oxt/NN/LSTMModel/model_13_rnd_13.h5,91920b4f015892b96ff4a94e5c53e667434bb9cd73bdb86788f8626d7688e8eb,91920b4f015892b96ff4a94e5c53e667434bb9cd73bdb86788f8626d7688e8eb,542536,copy
vaelela/oxt/NN/LSTMModel/model_45_rnd_45.h5,vae/oxt/NN/LSTMModel/model_45_rnd_45.h5,c0cc9f12d9e113c31c653d61a677b87ddc5b7ec22afd980f4a33ce0129d0db8a,c0cc9f12d9e113c31c653d61a677b87ddc5b7ec22afd980f4a33ce0129d0db8a,542536,copy
vaelela/oxt/NN/LSTMModel/model_52_rnd_52.h5,vae/oxt/NN/LSTMModel/model_52_rnd_52.h5,467a0127b712d0319298daba307e6b5c1d5f50570a2b57c999839a1153f0d4d7,467a0127b712d0319298daba307e6b5c1d5f50570a2b57c999839a1153f0d4d7,542536,copy
vaelela/oxt/NN/LSTMModel/model_55_rnd_55.h5,vae/oxt/NN/LSTMModel/model_55_rnd_55.h5,4b89df797a8bbf87c5c71446de3c365d8c135f8f1b51d58def15a25c5151b5d4,4b89df797a8bbf87c5c71446de3c365d8c135f8f1b51d58def15a25c5151b5d4,542536,copy
vaelela/oxt/NN/LSTMModel/model_73_rnd_73.h5,vae/oxt/NN/LSTMModel/model_73_rnd_73.h5,fd46e91cefbc5ea3cb18a9ea572d01d7934a17f457b9b60719218f548c88faf1,fd46e91cefbc5ea3cb18a9ea572d01d7934a17f457b9b60719218f548c88faf1,542536,copy
vaelela/oxt-paper/NN/f1_obtaining.ipynb,vae/oxt/NN/f1_obtaining.ipynb,aa60d56666d8c641ccac95c5709340e1c18cb07ea6eb634b1547b2e894720b6d,5a32ffb857ec45159905e467ab3376cec33e548651eab17df71deadb9e743277,4675,notebook outputs and nonessential metadata cleared; source cells unchanged
vaelela/oxt-paper/NN/f1_scores.csv,vae/oxt/NN/f1_scores.csv,923af3e6e32743a75f67f0487e8dd9377e05c42516fa79b8668f68240064691b,923af3e6e32743a75f67f0487e8dd9377e05c42516fa79b8668f68240064691b,656,copy
vaelela/oxt/NN/models.py,vae/oxt/NN/models.py,66b67a440677c168f0c482520ec9a67bea3370e6b77ccad98c92e946cda18561,66b67a440677c168f0c482520ec9a67bea3370e6b77ccad98c92e946cda18561,6007,copy
vaelela/oxt/NN/nn_architecture/nn-ConvLSTMModel.png,vae/oxt/NN/nn_architecture/nn-ConvLSTMModel.png,4acb1f6cc3162650e856947600f551deaed5e12e958ac094080a334393e6110a,4acb1f6cc3162650e856947600f551deaed5e12e958ac094080a334393e6110a,72509,copy
vaelela/oxt/NN/nn_architecture/nn-ConvLSTPAMModel.png,vae/oxt/NN/nn_architecture/nn-ConvLSTPAMModel.png,17da2e8343b9a8493b475a6a14b15c61a1f04d6b5ba1f1b954a95008fac6e753,17da2e8343b9a8493b475a6a14b15c61a1f04d6b5ba1f1b954a95008fac6e753,87962,copy
vaelela/oxt/NN/nn_architecture/nn-ConvModel.png,vae/oxt/NN/nn_architecture/nn-ConvModel.png,b6af07bcc4d969cfb37ba8aa6b4f7a5fe6673e5936492ef92f51e9dc4f7d345b,b6af07bcc4d969cfb37ba8aa6b4f7a5fe6673e5936492ef92f51e9dc4f7d345b,58131,copy
vaelela/oxt/NN/nn_architecture/nn-DenseModel.png,vae/oxt/NN/nn_architecture/nn-DenseModel.png,7829b21db40fc866792be332c96fc44a2798e6122c36ef847268e49f8cbce263,7829b21db40fc866792be332c96fc44a2798e6122c36ef847268e49f8cbce263,32620,copy
vaelela/oxt/NN/nn_architecture/nn-LSTMAttentionModel.png,vae/oxt/NN/nn_architecture/nn-LSTMAttentionModel.png,f11faf42029c8b9b131f5dcf4d7a89e54f3a73cb7cddabef14e59c283ec72836,f11faf42029c8b9b131f5dcf4d7a89e54f3a73cb7cddabef14e59c283ec72836,56460,copy
vaelela/oxt/NN/nn_architecture/nn-LSTMModel.png,vae/oxt/NN/nn_architecture/nn-LSTMModel.png,1fd0de36e6e36bed36aa4adfb100cfdd9f59fc41ef48f8f13637f8641a155abb,1fd0de36e6e36bed36aa4adfb100cfdd9f59fc41ef48f8f13637f8641a155abb,47673,copy
vaelela/oxt-paper/NN/oxt_cat.csv,vae/oxt/NN/oxt_cat.csv,2018d1c747e31636e13154a3bdfb6db74d3dce6e8781785d15a4bd313b34a840,2018d1c747e31636e13154a3bdfb6db74d3dce6e8781785d15a4bd313b34a840,859,copy
vaelela/oxt/NN/predicting.py,vae/oxt/NN/predicting.py,1be409f752e71ae60d30953d0bb40d58d1a661f1b80ff0359c6bec0fff4cde08,1be409f752e71ae60d30953d0bb40d58d1a661f1b80ff0359c6bec0fff4cde08,1528,copy
vaelela/oxt/NN/running.py,vae/oxt/NN/running.py,e6470fcde1147bb351510481d39174b3c9cea405d74b9529ab874607bf9097a3,e6470fcde1147bb351510481d39174b3c9cea405d74b9529ab874607bf9097a3,442,copy
vaelela/oxt/VAE/vae_conv_full.png,vae/oxt/VAE/vae_conv_full.png,fd919a5c7e38aba728ac2f4ebf70983a7e297844dcc355d79f5659fdbdddad8a,fd919a5c7e38aba728ac2f4ebf70983a7e297844dcc355d79f5659fdbdddad8a,243404,copy
vaelela/oxt/VAE/vae_dense_full.png,vae/oxt/VAE/vae_dense_full.png,9791e5674a7d098827225ffc97b864ff3fcf4062be7eaad270fed3f5079202a3,9791e5674a7d098827225ffc97b864ff3fcf4062be7eaad270fed3f5079202a3,197582,copy
vaelela/oxt/VAE/vae_lstm_full.png,vae/oxt/VAE/vae_lstm_full.png,9c89255cae07dae1dad8e700659326346c076b0c3a9de8f6cf991d7445470fb2,9c89255cae07dae1dad8e700659326346c076b0c3a9de8f6cf991d7445470fb2,271722,copy
vaelela/oxt/VAE/vae_running.py,vae/oxt/VAE/vae_running.py,b27bdba7e765475ff0f1bf4f8614f91c2ebc5d5c1738f22d620cb273a36c9711,b27bdba7e765475ff0f1bf4f8614f91c2ebc5d5c1738f22d620cb273a36c9711,888,copy
vaelela/oxt/VAE/vaemodels.py,vae/oxt/VAE/vaemodels.py,09b7289b13ecafd8f6ce4ca7c447efc676789450c303400cee61913f0b71f747,09b7289b13ecafd8f6ce4ca7c447efc676789450c303400cee61913f0b71f747,6320,copy
vaelela/oxt/clustering.ipynb,vae/oxt/clustering.ipynb,da2ba7c65fa9b53e7dd5e7f50e4c5f5752f3f291997e403b5404e85e4144724a,2da4ba8d122284f01cbb49e03c69c76687f51a733fb0c2856495aee1be6e59d4,6115,notebook outputs and nonessential metadata cleared; source cells unchanged
vaelela/oxt/data/all_sequences_1.csv,vae/oxt/data/all_sequences_1.csv,c5dcc5730ccba11de892178977cd000bd64fab47347269ffc1f9a34dee94a405,c5dcc5730ccba11de892178977cd000bd64fab47347269ffc1f9a34dee94a405,33837,copy
vaelela/oxt/data/data_preparation.ipynb,vae/oxt/data/data_preparation.ipynb,6e46a086191802b798addfdf52ad921ddc6285d3debf258548c5cce262665181,2e69481cf668eb2cbdf3a3586c86c68ebd1ccfac798f117499651ea9b3c71591,2191,notebook outputs and nonessential metadata cleared; source cells unchanged
vaelela/oxt/data/oxt.csv,vae/oxt/data/oxt.csv,2018d1c747e31636e13154a3bdfb6db74d3dce6e8781785d15a4bd313b34a840,2018d1c747e31636e13154a3bdfb6db74d3dce6e8781785d15a4bd313b34a840,859,copy
vaelela/oxt/data/oxt_1.csv,vae/oxt/data/oxt_1.csv,ebb32e1032991403097828d7f8572908c9818b7f4bd617fbb263a5f7215f14af,ebb32e1032991403097828d7f8572908c9818b7f4bd617fbb263a5f7215f14af,310,copy
vaelela/oxt/data/result_r6_80_SELEC_withC.csv,vae/oxt/data/result_r6_80_SELEC_withC.csv,beb24d061b8a3b9e76d2042f3e6de96b5e4f042a92cc2f45ee8a5c8f3fd4d2a0,beb24d061b8a3b9e76d2042f3e6de96b5e4f042a92cc2f45ee8a5c8f3fd4d2a0,637,copy
vaelela/oxt/data/result_vae_send_withC.csv,vae/oxt/data/result_vae_send_withC.csv,c6d50b15ca0436e3e652cc8ce22efb9a27c7b1f8befa1add3c570e2f4c212b2c,c6d50b15ca0436e3e652cc8ce22efb9a27c7b1f8befa1add3c570e2f4c212b2c,1009,copy
vaelela/oxt/data/selec_c6.csv,vae/oxt/data/selec_c6.csv,e98d24d35be857cfe2f147c660e8e6541690741d058c413dcf64329950a66d3c,e98d24d35be857cfe2f147c660e8e6541690741d058c413dcf64329950a66d3c,4168267,copy
vaelela/oxt/data/selec_r6.csv,vae/oxt/data/selec_r6.csv,0685b7ed5e75e4e7d23425e33399c1cadefd6bbddf5d0c6d52d374378cd1d1bb,0685b7ed5e75e4e7d23425e33399c1cadefd6bbddf5d0c6d52d374378cd1d1bb,380009,copy
vaelela/oxt/data/select_r6_reads.csv,vae/oxt/data/select_r6_reads.csv,0b68c6cbd0bf1c6a4818ee7ac17cc944abd51700e380fe98b2e1829f49fa2d26,0b68c6cbd0bf1c6a4818ee7ac17cc944abd51700e380fe98b2e1829f49fa2d26,420019,copy
vaelela/oxt/data/vae_prediction.csv,vae/oxt/data/vae_prediction.csv,fa426a86214e751997d11af7f9ffcc232731414f3c550778e9f3f348ec01a924,fa426a86214e751997d11af7f9ffcc232731414f3c550778e9f3f348ec01a924,26400,copy
vaelela/oxt/data_filtering.ipynb,vae/oxt/data_filtering.ipynb,a680c1b675164dc246bfdf4ff459892bc946025fa7cacf676b87a0743983b40b,a27f0e7a903168c319f2e64ecd37bce383fa7da87b16f62c603fd7759cf8422e,6418,notebook outputs and nonessential metadata cleared; source cells unchanged
vaelela/oxt/distance.csv,vae/oxt/distance.csv,2829d71bbb2100f899e8e2ab8262f4b56e473612503293dcf202bd45e5c9b035,2829d71bbb2100f899e8e2ab8262f4b56e473612503293dcf202bd45e5c9b035,14478,copy
vaelela/oxt/euclidean.ipynb,vae/oxt/euclidean.ipynb,4264b5e2811cd0b72ed0dea6cb5530b8ca3a8b5fbbaef1719e7474259e71518c,2f1cc428ce342dc92c207adbddea56740e1d5518bf97dfbc2a1c04076bad3a86,3331,notebook outputs and nonessential metadata cleared; source cells unchanged
vaelela/oxt/figure_making_for_paper.ipynb,vae/oxt/figure_making_for_paper.ipynb,9529f5371df969d269408a940149b668bb52dcb2979ffc387416ac142b72835a,d79b3136991f59f3849ee30243f8aa9c45422673ad668ef45403cc22dc3899c5,8024,notebook outputs and nonessential metadata cleared; source cells unchanged
vaelela/oxt/figure_making_for_paper_prob_distro.ipynb,vae/oxt/figure_making_for_paper_prob_distro.ipynb,b7d8b138b1f0591844ce218e7f57282aabd1ac56a4a1e673f7df549c02f2f114,fa3c2d72a07097d416a96973d5af3f6032197a329b4383df0b15956573484059,9327,notebook outputs and nonessential metadata cleared; source cells unchanged
vaelela/oxt/final_result.csv,vae/oxt/final_result.csv,8458a75f87dbc205d3188a38643741084f9bd69c2a1473e5e99b167ff0c49198,8458a75f87dbc205d3188a38643741084f9bd69c2a1473e5e99b167ff0c49198,7529054,copy
vaelela/oxt/miscellaneous/dataset_prediction_making.py,vae/oxt/miscellaneous/dataset_prediction_making.py,a1bbd0f4317f5dd38271126cf4c53f9fd3499dfed4b3c8ba5bf5c4ab6dfc22bd,a1bbd0f4317f5dd38271126cf4c53f9fd3499dfed4b3c8ba5bf5c4ab6dfc22bd,511,copy
vaelela/oxt/plotty.csv,vae/oxt/plotty.csv,97e8f7de4ffa53a630b658c204a754c4f5df04b157647a753abce4313450dd4b,97e8f7de4ffa53a630b658c204a754c4f5df04b157647a753abce4313450dd4b,9911,copy
vaelela/oxt/reduction.csv,vae/oxt/reduction.csv,9205a2c06e46d64ac8c1d979e65435c783664e5669984cc7c57fb78e5e5df5eb,9205a2c06e46d64ac8c1d979e65435c783664e5669984cc7c57fb78e5e5df5eb,20128105,copy
vaelela/oxt/result_analysis.ipynb,vae/oxt/result_analysis.ipynb,226c6db4f6f79fea68d603d0791b0eb805ebefd1dc45591313943f2dc606d69c,c683ffa7b967a20350f1575b9e1295e072e169df0b4552a7c742a49190343c19,2477,notebook outputs and nonessential metadata cleared; source cells unchanged
vaelela/oxt/result_r6_80.csv,vae/oxt/result_r6_80.csv,bf851ec28ad6338f105b2dccce2d29699f92526706d6f4b9d7bd95c8dc6bb854,bf851ec28ad6338f105b2dccce2d29699f92526706d6f4b9d7bd95c8dc6bb854,573,copy
vaelela/oxt/result_vae_80.csv,vae/oxt/result_vae_80.csv,0ac86aad5d05d3a2911aab93330adb15a0474f2800e5dd29deb439147afb4269,0ac86aad5d05d3a2911aab93330adb15a0474f2800e5dd29deb439147afb4269,5578,copy
vaelela/oxt/result_vae_send.csv,vae/oxt/result_vae_send.csv,a1f890e1480934a97d0fa983a8d141fc95d9cfed4160a0561a6b0863c6eecdd1,a1f890e1480934a97d0fa983a8d141fc95d9cfed4160a0561a6b0863c6eecdd1,895,copy
vaelela/oxt/results/all_sequences.csv,vae/oxt/results/all_sequences.csv,775b83bc7cce6d1bd07ae614300e85a6b8fb146db2900c3f714ee2185ab8101f,775b83bc7cce6d1bd07ae614300e85a6b8fb146db2900c3f714ee2185ab8101f,51592,copy
vaelela/oxt/results/all_sequences_1.csv,vae/oxt/results/all_sequences_1.csv,c5dcc5730ccba11de892178977cd000bd64fab47347269ffc1f9a34dee94a405,c5dcc5730ccba11de892178977cd000bd64fab47347269ffc1f9a34dee94a405,33837,copy
vaelela/oxt-paper/results/counting-numbers.ipynb,vae/oxt/results/counting-numbers.ipynb,152ca8c1519b8886779d43ffe916added42370dea715c3f067871a6b6e5c2e18,1b0bf9f650f42b8a3562872851c2dd0f71f11e116eabff51ca5f68ed961b3e76,1587,notebook outputs and nonessential metadata cleared; source cells unchanged
vaelela/oxt-paper/results/find-the-most-overlap.ipynb,vae/oxt/results/find-the-most-overlap.ipynb,336195093dff5388fc8bac091ee961e89c7641ee8799143234ec2818dfe0623d,9f36617bbdba838d5820fe7fc8def318c3ca05aa8baf038fb532f7f89d5c0d59,6825,notebook outputs and nonessential metadata cleared; source cells unchanged
vaelela/oxt/results/result_nn_all.csv,vae/oxt/results/result_nn_all.csv,906ddb9e2342d7598e69831641f2bedae3ae1c88030c2011839027b25af7cbbb,906ddb9e2342d7598e69831641f2bedae3ae1c88030c2011839027b25af7cbbb,6442778,copy
vaelela/oxt/results/result_nn_r6.csv,vae/oxt/results/result_nn_r6.csv,c4ba8bb8e72ce29cf8ad7c528c286b5ad9f54f2085f95bba87cfebc5e72ee9e2,c4ba8bb8e72ce29cf8ad7c528c286b5ad9f54f2085f95bba87cfebc5e72ee9e2,7045864,copy
vaelela/oxt/results/result_nn_vae.csv,vae/oxt/results/result_nn_vae.csv,7be7a5b294e6fbb350207e568348702a1203d71dba61668c3670c0c29af16538,7be7a5b294e6fbb350207e568348702a1203d71dba61668c3670c0c29af16538,474683,copy
vaelela/oxt-paper/results/result_nn_vae_ordered_base_on_arch.csv,vae/oxt/results/result_nn_vae_ordered_base_on_arch.csv,906b167a577b7b33a283a24144e80e1e49d7d5864b794c86b801a8a3595e164a,906b167a577b7b33a283a24144e80e1e49d7d5864b794c86b801a8a3595e164a,474683,copy
vaelela/oxt/results/result_vae_all.csv,vae/oxt/results/result_vae_all.csv,9e5940143435fde62ca3624d501586081cfa3664cdb605411bfb98e2d195c9ad,9e5940143435fde62ca3624d501586081cfa3664cdb605411bfb98e2d195c9ad,434848,copy
vaelela/oxt/testing.ipynb,vae/oxt/testing.ipynb,333e7997ae93bd4f1813dcca200c7997eaee10f2105fbc711baa03945a6dd9a7,5fa9415eb3dbee9dd113e87b97e4a200778c1159df03ebf620ba612cd9cfe351,3066,notebook outputs and nonessential metadata cleared; source cells unchanged
vaelela/oxt/vae.csv,vae/oxt/vae.csv,fde6c8100397fdc9f74fd25fc6270b7436b11c1bba52f52aabbfca9d909ff277,fde6c8100397fdc9f74fd25fc6270b7436b11c1bba52f52aabbfca9d909ff277,218,copy
vaelela/vaedeep/NN/ConvLSTMModel/model_12_rnd_11_oxt_1.0_2.h5,vae/vaedeep/NN/ConvLSTMModel/model_12_rnd_11_oxt_1.0_2.h5,91c186356908248db0e3c503b0ae94a4a7c22899029feed46dd873d53a0b611c,91c186356908248db0e3c503b0ae94a4a7c22899029feed46dd873d53a0b611c,351984,copy
vaelela/vaedeep/NN/ConvLSTMModel/model_2_rnd_1_oxt_1.0_2.h5,vae/vaedeep/NN/ConvLSTMModel/model_2_rnd_1_oxt_1.0_2.h5,d3f73eeb4da99b7a908cc806e53b59532a9cd733826a2c952b68fb7654d42c1f,d3f73eeb4da99b7a908cc806e53b59532a9cd733826a2c952b68fb7654d42c1f,351984,copy
vaelela/vaedeep/NN/ConvLSTMModel/model_5_rnd_4_oxt_1.0_2.h5,vae/vaedeep/NN/ConvLSTMModel/model_5_rnd_4_oxt_1.0_2.h5,f4152e69bf1d896ddba31c44bfdde380be09b1d91be2930d29713f787d6baa39,f4152e69bf1d896ddba31c44bfdde380be09b1d91be2930d29713f787d6baa39,351984,copy
vaelela/vaedeep/NN/ConvLSTMModel/model_7_rnd_6_oxt_1.0_2.h5,vae/vaedeep/NN/ConvLSTMModel/model_7_rnd_6_oxt_1.0_2.h5,198d2441aaf243191b31f25867326277e85e32d610c85541dc2ad91bca24c6e1,198d2441aaf243191b31f25867326277e85e32d610c85541dc2ad91bca24c6e1,351984,copy
vaelela/vaedeep/NN/ConvLSTMModel/model_8_rnd_7_oxt_1.0_2.h5,vae/vaedeep/NN/ConvLSTMModel/model_8_rnd_7_oxt_1.0_2.h5,5a427950dbc6e77e5563999b702e3b26f5e1c6a0be56d3f1c5241fcda71bfb56,5a427950dbc6e77e5563999b702e3b26f5e1c6a0be56d3f1c5241fcda71bfb56,351984,copy
vaelela/vaedeep/NN/ConvLSTPAMModel/model_12_rnd_11_oxt_1.0_2.h5,vae/vaedeep/NN/ConvLSTPAMModel/model_12_rnd_11_oxt_1.0_2.h5,0356f40178bc33308863bb3fb87d29040e55cffe263a6722534d21bda95d6bb8,0356f40178bc33308863bb3fb87d29040e55cffe263a6722534d21bda95d6bb8,336408,"copy; historical sixth classifier, excluded from predictions"
vaelela/vaedeep/NN/ConvLSTPAMModel/model_14_rnd_13_oxt_1.0_2.h5,vae/vaedeep/NN/ConvLSTPAMModel/model_14_rnd_13_oxt_1.0_2.h5,428683474a32a8bdab942812074d8dda4f2acfef001b56750cf39808f79cbb3b,428683474a32a8bdab942812074d8dda4f2acfef001b56750cf39808f79cbb3b,336408,"copy; historical sixth classifier, excluded from predictions"
vaelela/vaedeep/NN/ConvLSTPAMModel/model_16_rnd_15_oxt_1.0_2.h5,vae/vaedeep/NN/ConvLSTPAMModel/model_16_rnd_15_oxt_1.0_2.h5,c8d2275dcd61c2ed0b323300f422f4795346eb815cdb954ed764cb9641ad34b8,c8d2275dcd61c2ed0b323300f422f4795346eb815cdb954ed764cb9641ad34b8,336408,"copy; historical sixth classifier, excluded from predictions"
vaelela/vaedeep/NN/ConvLSTPAMModel/model_24_rnd_23_oxt_1.0_2.h5,vae/vaedeep/NN/ConvLSTPAMModel/model_24_rnd_23_oxt_1.0_2.h5,ac98fffffcc2e9905d39556787a015ebd8aa226c2b7fc2ea6c23b029cd5c0529,ac98fffffcc2e9905d39556787a015ebd8aa226c2b7fc2ea6c23b029cd5c0529,336408,"copy; historical sixth classifier, excluded from predictions"
vaelela/vaedeep/NN/ConvLSTPAMModel/model_5_rnd_4_oxt_1.0_2.h5,vae/vaedeep/NN/ConvLSTPAMModel/model_5_rnd_4_oxt_1.0_2.h5,7157b990c35992d582a10003368be27196a85f6d6ed3d2b1552c7b5577b048eb,7157b990c35992d582a10003368be27196a85f6d6ed3d2b1552c7b5577b048eb,336408,"copy; historical sixth classifier, excluded from predictions"
vaelela/vaedeep/NN/ConvModel/model_16_rnd_15_oxt_1.0_2.h5,vae/vaedeep/NN/ConvModel/model_16_rnd_15_oxt_1.0_2.h5,82a11c3a09a7a62f16395066f1665022425cf7a4ec267da75090a69bc59ce9e3,82a11c3a09a7a62f16395066f1665022425cf7a4ec267da75090a69bc59ce9e3,457488,copy
vaelela/vaedeep/NN/ConvModel/model_21_rnd_20_oxt_1.0_2.h5,vae/vaedeep/NN/ConvModel/model_21_rnd_20_oxt_1.0_2.h5,b36a3162a13b39d529f7393c1531b22f879dbb80d94a6819087855d5d3893491,b36a3162a13b39d529f7393c1531b22f879dbb80d94a6819087855d5d3893491,457488,copy
vaelela/vaedeep/NN/ConvModel/model_37_rnd_36_oxt_1.0_2.h5,vae/vaedeep/NN/ConvModel/model_37_rnd_36_oxt_1.0_2.h5,339db09b978c03598825d5568d3f521fc8561415711220d1218b411d8be323f3,339db09b978c03598825d5568d3f521fc8561415711220d1218b411d8be323f3,457488,copy
vaelela/vaedeep/NN/ConvModel/model_5_rnd_4_oxt_1.0_2.h5,vae/vaedeep/NN/ConvModel/model_5_rnd_4_oxt_1.0_2.h5,3d7bafe4ec141a6d146d2bf3f0d02009cf128d1d718a2884779266e4f1a08fcd,3d7bafe4ec141a6d146d2bf3f0d02009cf128d1d718a2884779266e4f1a08fcd,457488,copy
vaelela/vaedeep/NN/ConvModel/model_8_rnd_7_oxt_1.0_2.h5,vae/vaedeep/NN/ConvModel/model_8_rnd_7_oxt_1.0_2.h5,c465a6289e6777ef54e264868b987bdab08714d26dec97899a8cc279fbbe5637,c465a6289e6777ef54e264868b987bdab08714d26dec97899a8cc279fbbe5637,457488,copy
vaelela/vaedeep/NN/DenseModel/model_13_rnd_12_oxt_1.0_2.h5,vae/vaedeep/NN/DenseModel/model_13_rnd_12_oxt_1.0_2.h5,ece2e3376fbbcdbf1474091aea22ab196011d0c0821dd4ea9f01de82570a8ed8,ece2e3376fbbcdbf1474091aea22ab196011d0c0821dd4ea9f01de82570a8ed8,85224,copy
vaelela/vaedeep/NN/DenseModel/model_21_rnd_20_oxt_1.0_2.h5,vae/vaedeep/NN/DenseModel/model_21_rnd_20_oxt_1.0_2.h5,5b38f408c08e68921703225657b44c4e32e304c3c996c64b6db3ef413680066c,5b38f408c08e68921703225657b44c4e32e304c3c996c64b6db3ef413680066c,85224,copy
vaelela/vaedeep/NN/DenseModel/model_24_rnd_23_oxt_1.0_2.h5,vae/vaedeep/NN/DenseModel/model_24_rnd_23_oxt_1.0_2.h5,2c7897be20e7b41edbf98d6e5def2353fe435423cbe26faacfb96d655cd0cda4,2c7897be20e7b41edbf98d6e5def2353fe435423cbe26faacfb96d655cd0cda4,85224,copy
vaelela/vaedeep/NN/DenseModel/model_37_rnd_36_oxt_1.0_2.h5,vae/vaedeep/NN/DenseModel/model_37_rnd_36_oxt_1.0_2.h5,4b14cedd6a922b184a7de6505ba596cbee0e8b845dd575bcda14eab18bea3441,4b14cedd6a922b184a7de6505ba596cbee0e8b845dd575bcda14eab18bea3441,85224,copy
vaelela/vaedeep/NN/DenseModel/model_48_rnd_47_oxt_1.0_2.h5,vae/vaedeep/NN/DenseModel/model_48_rnd_47_oxt_1.0_2.h5,22c47d4e7489a3bed4294118fa01661be90ceb5e3313647e6ec8c82d6e3e8b89,22c47d4e7489a3bed4294118fa01661be90ceb5e3313647e6ec8c82d6e3e8b89,85224,copy
vaelela/vaedeep/NN/LSTMAttentionModel/model_12_rnd_11_oxt_1.0_2.h5,vae/vaedeep/NN/LSTMAttentionModel/model_12_rnd_11_oxt_1.0_2.h5,50631599136ebbdc5c9ce12fa5edb7b3bc887c3254ed64eb085cc1e6b369c547,50631599136ebbdc5c9ce12fa5edb7b3bc887c3254ed64eb085cc1e6b369c547,544552,copy
vaelela/vaedeep/NN/LSTMAttentionModel/model_14_rnd_13_oxt_1.0_2.h5,vae/vaedeep/NN/LSTMAttentionModel/model_14_rnd_13_oxt_1.0_2.h5,c83da7f69ab07efee487675ea70133c041cc60b2d4547c44f1362904440ec03a,c83da7f69ab07efee487675ea70133c041cc60b2d4547c44f1362904440ec03a,544552,copy
vaelela/vaedeep/NN/LSTMAttentionModel/model_22_rnd_21_oxt_1.0_2.h5,vae/vaedeep/NN/LSTMAttentionModel/model_22_rnd_21_oxt_1.0_2.h5,a2aa26d701caec517faccc524c8308a935ccd7204b676839e26ccef5a9ad9f40,a2aa26d701caec517faccc524c8308a935ccd7204b676839e26ccef5a9ad9f40,544552,copy
vaelela/vaedeep/NN/LSTMAttentionModel/model_36_rnd_35_oxt_1.0_2.h5,vae/vaedeep/NN/LSTMAttentionModel/model_36_rnd_35_oxt_1.0_2.h5,ceee72ad7a3efc142a57a2460445a5c57974e7e0e6db174ba4d48e4fdfb6d9d7,ceee72ad7a3efc142a57a2460445a5c57974e7e0e6db174ba4d48e4fdfb6d9d7,544552,copy
vaelela/vaedeep/NN/LSTMAttentionModel/model_5_rnd_4_oxt_1.0_2.h5,vae/vaedeep/NN/LSTMAttentionModel/model_5_rnd_4_oxt_1.0_2.h5,7429a0c7dc8c2a483543919c9425b307fe412cbfa2d584185437af0f670006fa,7429a0c7dc8c2a483543919c9425b307fe412cbfa2d584185437af0f670006fa,544552,copy
vaelela/vaedeep/NN/LSTMModel/model_16_rnd_15_oxt_1.0_2.h5,vae/vaedeep/NN/LSTMModel/model_16_rnd_15_oxt_1.0_2.h5,9ea2627ef677bd2cbdb642d167efb3ed2bdd58e83d94bb748485e787f3a9bfc5,9ea2627ef677bd2cbdb642d167efb3ed2bdd58e83d94bb748485e787f3a9bfc5,542536,copy
vaelela/vaedeep/NN/LSTMModel/model_21_rnd_20_oxt_1.0_2.h5,vae/vaedeep/NN/LSTMModel/model_21_rnd_20_oxt_1.0_2.h5,3a30aee0ae29e42728109fece0462a0f9a22e9066f922f4a9530182c1dd73d62,3a30aee0ae29e42728109fece0462a0f9a22e9066f922f4a9530182c1dd73d62,542536,copy
vaelela/vaedeep/NN/LSTMModel/model_22_rnd_21_oxt_1.0_2.h5,vae/vaedeep/NN/LSTMModel/model_22_rnd_21_oxt_1.0_2.h5,5fa373f959a21c8c59c3bd6706e5b63d38a8951d6b838a8ea5aad8e6909d703b,5fa373f959a21c8c59c3bd6706e5b63d38a8951d6b838a8ea5aad8e6909d703b,542536,copy
vaelela/vaedeep/NN/LSTMModel/model_24_rnd_23_oxt_1.0_2.h5,vae/vaedeep/NN/LSTMModel/model_24_rnd_23_oxt_1.0_2.h5,d1edc3b592cb818264dfd6cf1b5879bce5a56cfd53d8fe6f50edec20a4a626c3,d1edc3b592cb818264dfd6cf1b5879bce5a56cfd53d8fe6f50edec20a4a626c3,542536,copy
vaelela/vaedeep/NN/LSTMModel/model_5_rnd_4_oxt_1.0_2.h5,vae/vaedeep/NN/LSTMModel/model_5_rnd_4_oxt_1.0_2.h5,82486889336139b5dcac19e5abe3dcd835e8b0e5c956706e4d0e62f545dbd6ab,82486889336139b5dcac19e5abe3dcd835e8b0e5c956706e4d0e62f545dbd6ab,542536,copy
vaelela/vaedeep/NN/models.py,vae/vaedeep/NN/models.py,0ec53b0ac3f0c925cb80726645180595c19e2cf2ef5b67a1d572a2f1a78cddd4,0ec53b0ac3f0c925cb80726645180595c19e2cf2ef5b67a1d572a2f1a78cddd4,6141,copy
vaelela/vaedeep/NN/oxt_1.0_2.csv,vae/vaedeep/NN/oxt_1.0_2.csv,fef8d1e4be4b36314420fce49c4d60d310520868bb353968caba153f52829da2,fef8d1e4be4b36314420fce49c4d60d310520868bb353968caba153f52829da2,1617,copy
vaelela/vaedeep/NN/predicting.py,vae/vaedeep/NN/predicting.py,408246fe40142657e18beebba31f01b409cd849729d58cd4e678661934631783,408246fe40142657e18beebba31f01b409cd849729d58cd4e678661934631783,1854,copy
vaelela/vaedeep/NN/status_nn,vae/vaedeep/NN/retained_checkpoint_records.csv,c4655ebc7051ff32af34b38ff1d8350da841bfbc42c8963b657edd8dd75679d6,f746446088afd9293604166cc2c3430b5c0704ab18cdfcfcaa7dd539e4f940a1,12245,derived: exact oxytocin save/seed/F1 log records; source lines and evidence retained; see scripts/extract_retained_checkpoint_records.py
vaelela/vaedeep/NN/running.py,vae/vaedeep/NN/running.py,eed07037952fe0bb1f7b1dad00eb7e31c8d8e4be54bc55ab7f57348df35101c5,eed07037952fe0bb1f7b1dad00eb7e31c8d8e4be54bc55ab7f57348df35101c5,506,copy
vaelela/vaedeep/VAE/vae_conv_full.png,vae/vaedeep/VAE/vae_conv_full.png,7640637cc76a1147db612802f3ca36dbcdd73263e568e4d495c7c6a23e050ee1,7640637cc76a1147db612802f3ca36dbcdd73263e568e4d495c7c6a23e050ee1,237042,copy
vaelela/vaedeep/VAE/vae_dense_full.png,vae/vaedeep/VAE/vae_dense_full.png,115393a54feb32b9a0271439a0b47c37079486d5ab1192846a130aa5c43bc0df,115393a54feb32b9a0271439a0b47c37079486d5ab1192846a130aa5c43bc0df,218894,copy
vaelela/vaedeep/VAE/vae_lstm_full.png,vae/vaedeep/VAE/vae_lstm_full.png,aa560214fc2403bbbd9f38050f9031498c372f6548ee72e2cf0be13f0d7e1342,aa560214fc2403bbbd9f38050f9031498c372f6548ee72e2cf0be13f0d7e1342,261933,copy
vaelela/vaedeep/VAE/vae_running.py,vae/vaedeep/VAE/vae_running.py,ee50f3565bb2603b4eb6bfcb88a675bac846c9eb587a399be5e3e76403f6ea57,ee50f3565bb2603b4eb6bfcb88a675bac846c9eb587a399be5e3e76403f6ea57,1234,copy
vaelela/vaedeep/VAE/vaemodels.py,vae/vaedeep/VAE/vaemodels.py,09b7289b13ecafd8f6ce4ca7c447efc676789450c303400cee61913f0b71f747,09b7289b13ecafd8f6ce4ca7c447efc676789450c303400cee61913f0b71f747,6320,copy
vaelela/vaedeep/data/category_making.ipynb,vae/vaedeep/data/category_making.ipynb,ec502c14b77895d08734629abdc62d6f7e3e47d38cdba1716b535bea0f19c1b2,58c5e64024f7899d6436052dc426e48c6592eee02d76a62eafe0f28b0c75fb85,1335,notebook outputs and nonessential metadata cleared; source cells unchanged
vaelela/vaedeep/data/oxt_1.0_2.csv,vae/vaedeep/data/oxt_1.0_2.csv,fef8d1e4be4b36314420fce49c4d60d310520868bb353968caba153f52829da2,fef8d1e4be4b36314420fce49c4d60d310520868bb353968caba153f52829da2,1617,copy
vaelela/vaedeep/data/vae_0_oxt_1.0_2.csv,vae/vaedeep/data/vae_0_oxt_1.0_2.csv,540ba3dd401f36d404cda1c9d872672f3b76437837a24edc6b5e17b1497ebff1,540ba3dd401f36d404cda1c9d872672f3b76437837a24edc6b5e17b1497ebff1,771,copy
vaelela/vaedeep/data/vae_1_oxt_1.0_2.csv,vae/vaedeep/data/vae_1_oxt_1.0_2.csv,e49de13a55263e387da38e484ce2a0d163ef8c07f49d807c93c23451b299c289,e49de13a55263e387da38e484ce2a0d163ef8c07f49d807c93c23451b299c289,868,copy
vaelela/vaedeep/result/10_class0_oxt.csv,vae/vaedeep/result/10_class0_oxt.csv,56d543d6b92305f048101138b236dd8a06de4b0f1baacd76b4f6e1d57632a45a,56d543d6b92305f048101138b236dd8a06de4b0f1baacd76b4f6e1d57632a45a,439,copy
vaelela/vaedeep/result/10_class1_oxt.csv,vae/vaedeep/result/10_class1_oxt.csv,bfc828b0326dda443589f1ccaa28044ffd8ab7de2009c3467b3a76f8d6cca5a9,bfc828b0326dda443589f1ccaa28044ffd8ab7de2009c3467b3a76f8d6cca5a9,442,copy
vaelela/vaedeep/result/all_sequences_vae_0_oxt_1.0.csv,vae/vaedeep/result/all_sequences_vae_0_oxt_1.0.csv,af18ce55881ea0430bd3981e0b741424959b2123f2d4a7a48c466b797ea9ff95,af18ce55881ea0430bd3981e0b741424959b2123f2d4a7a48c466b797ea9ff95,52308,copy
vaelela/vaedeep/result/all_sequences_vae_1_oxt.csv,vae/vaedeep/result/all_sequences_vae_1_oxt.csv,ccc858651749f01a40f116f0e755218771c48330f57876fef015cbf03a6470c6,ccc858651749f01a40f116f0e755218771c48330f57876fef015cbf03a6470c6,30093,copy
vaelela/vaedeep/result/archi.ipynb,vae/vaedeep/result/archi.ipynb,7b28d7a3f3a956de8cbf36527c5a79e0d2668341cf66e7ca2cc0d4aaa4d70c4b,7011f31eedfc71e8c2a3139454f2fbe3fbb91a4ad1978b686bef2590fc5ad006,2555,notebook outputs and nonessential metadata cleared; source cells unchanged
vaelela/vaedeep/result/filter_check_oxt_0.csv,vae/vaedeep/result/filter_check_oxt_0.csv,263cac14857b0154e1dca6706ecbd4bb26ab19f3ac5fd60d5e46973b9ae92997,263cac14857b0154e1dca6706ecbd4bb26ab19f3ac5fd60d5e46973b9ae92997,45243,copy
vaelela/vaedeep/result/filter_check_oxt_0_top10.csv,vae/vaedeep/result/filter_check_oxt_0_top10.csv,d9dbb58000cb7d4cb008b25116021a758daf3751b3aaa844255efde001f0e7dd,d9dbb58000cb7d4cb008b25116021a758daf3751b3aaa844255efde001f0e7dd,449,copy
vaelela/vaedeep/result/filter_check_oxt_1.csv,vae/vaedeep/result/filter_check_oxt_1.csv,71ff0a7c613e7ff87d06387c976f838c83d097bad09c03838fb7c44b66506f7a,71ff0a7c613e7ff87d06387c976f838c83d097bad09c03838fb7c44b66506f7a,23728,copy
vaelela/vaedeep/result/filter_check_oxt_1_top10.csv,vae/vaedeep/result/filter_check_oxt_1_top10.csv,45d2d3300d4247a02ffc36cf7857f5e0055e664d6a9bbbf269b969f6103cef3a,45d2d3300d4247a02ffc36cf7857f5e0055e664d6a9bbbf269b969f6103cef3a,456,copy
vaelela/vaedeep/result/filter_oxt_0.csv,vae/vaedeep/result/filter_oxt_0.csv,a65661799b1ea23c0254479c9812a2d798892a048aaae0e4bc25ef7712e4bc8c,a65661799b1ea23c0254479c9812a2d798892a048aaae0e4bc25ef7712e4bc8c,38460,copy
vaelela/vaedeep/result/filter_oxt_1.csv,vae/vaedeep/result/filter_oxt_1.csv,ab90eff47755b92b948affe785f34d8041fc3b1b098425b36e1c1585bb654b12,ab90eff47755b92b948affe785f34d8041fc3b1b098425b36e1c1585bb654b12,20140,copy
vaelela/vaedeep/result/filtering.ipynb,vae/vaedeep/result/filtering.ipynb,171825309b21cd3f083a7f8bfd466ab1a89996e2af9b56d043b8fa0fe5f9f01e,d07202ed67f9a3c949b5c53fe6c2de3c3c79296179b46edc2cae83284d6737d0,4027,notebook outputs and nonessential metadata cleared; source cells unchanged
vaelela/vaedeep/result/oxt_0.csv,vae/vaedeep/result/oxt_0.csv,5193c1d4299aa7cd70c478809c3f8405387f95b8cb96a29316f5a411b037aa03,5193c1d4299aa7cd70c478809c3f8405387f95b8cb96a29316f5a411b037aa03,674188,copy
vaelela/vaedeep/result/oxt_1.csv,vae/vaedeep/result/oxt_1.csv,2de3007505eea2c1b8d5a687487c7eeeeabaab55d496bcec37171cf041a3070d,2de3007505eea2c1b8d5a687487c7eeeeabaab55d496bcec37171cf041a3070d,388896,copy
