sequence,label,dff,PCA 1,PCA 2,t-SNE 1,t-SNE 2,cluster_kmeans_tnse,cluster_gm_tsne,dist,average_probability,max_probability,min_probability,architecture
AGGAAAGAGCAGACAACG,0,-1.0,-0.8918017155289052,-0.5453128133168025,-1.3766475,-3.7412746,0,0,0.06814777174289537,0.83632845,0.9967025,0.44153664,dense
AGGAGAGAGCAGACAACG,0,-1.0,-0.9495735535338068,-0.691235233044879,-1.7404583,-4.4605336,0,0,0.09102225274307989,0.8079314,0.9948919,0.4745142,dense
GGGGGACAGCAGACAAAG,0,-1.0,-0.9937277869920504,-0.8165444562192152,0.19869538,-9.996408,0,0,0.2235767155453403,0.8081964,0.9931137,0.5087112,dense
AGGAAAGACCAGACCACG,0,-1.0,-1.1729544184596672,-0.5278619408185998,0.13760312,-4.3143897,0,0,0.25552390021284366,0.8132235,0.9950045,0.4124414,dense
AGGAAAGAGCAGACCACG,0,-1.0,-1.266489207576274,-0.6165022585752346,-0.49046582,-4.327262,0,0,0.33815041228627735,0.81128526,0.99521744,0.38429764,dense
AGGAAAGAACAGACCACG,0,-1.0,-0.9435201248387112,-0.1360394661654076,-0.12571923,-3.2073722,0,0,0.4668553269018908,0.86455655,0.9980736,0.54077685,dense
AGGAACGAGCAAACCACG,0,-1.0,-0.4493557115584472,-0.6378815657072816,2.520711,-3.2765021,0,0,0.48055934278400325,0.8155122,0.9947897,0.42952168,dense
AGGGGACAGCAGACAAAG,0,-1.0,-1.1227866196585687,-1.072307429486317,-0.14000112,-9.772771,0,0,0.5082039533079891,0.8167456,0.9925212,0.56319636,dense
AGGAAACACCAAACTACG,0,-1.0,-1.0432526508585034,-1.1239280620893988,1.8241224,-5.974369,0,0,0.5337261394670635,0.8367767,0.9959229,0.48700523,dense
AGGAAACACCAAACCACG,0,-1.0,-1.170750100564138,-1.09854675893844,1.4947046,-5.1888013,0,0,0.5518446042355146,0.8308974,0.9963277,0.4759485,dense
AGGAAACAGCAGACAACG,0,-1.0,-1.1264764144087986,-1.1370770421319545,0.27341914,-6.992324,0,0,0.569869262816977,0.8438183,0.9955407,0.4116448,dense
AGGAACGACCAAACCACG,0,-1.0,-0.3558209224418403,-0.5492412479506463,1.9635956,-3.3384888,0,0,0.5752866463709033,0.8131062,0.99431145,0.47433475,dense
AGGAAAGAGCAGACAGCG,0,-1.0,-0.3121566247804969,-0.6139448623505653,-1.8344222,-2.8770208,0,0,0.6165690633678639,0.8155575,0.99510753,0.47193512,dense
AGGAACCACCAAACCACG,0,-1.0,-0.590495621321733,-1.1410054767657982,2.217782,-4.395287,0,0,0.6357269344141335,0.8139758,0.99188614,0.52097255,dense
AGGAAACAGCAAACTACG,0,-1.0,-1.13678743997511,-1.2125683798460338,2.223092,-6.5448203,0,0,0.6444567910460534,0.8397018,0.99642783,0.4006592,dense
AGGAAACACCAGACTACG,0,-1.0,-1.2801316676339256,-1.1450074727847102,0.8968576,-6.075475,0,0,0.6462993103620728,0.823046,0.99185115,0.45146975,dense
AGGAAAGAACAGACAACG,0,-1.0,-0.56883263279134,-0.0648500209069725,-1.1181654,-2.419545,0,0,0.6470587487070377,0.8810812,0.99865806,0.5979894,dense
AGGGGACAGCAGACAGAG,0,-1.0,-0.5431415289101597,-1.1409394785200804,-0.31261656,-10.276569,0,0,0.662075115459055,0.8041226,0.9879875,0.566786,dense
AGGAACCAGCAAACCACG,0,-1.0,-0.6840304104383403,-1.2296457945224335,2.7445383,-4.367386,0,0,0.6730082667276405,0.8196951,0.9928334,0.4708896,dense
AGGGGACAGCAGACAACG,0,-1.0,-1.37172815979693,-1.136730171849759,0.08974008,-9.001118,0,0,0.6939574009252373,0.80808884,0.99128914,0.5929347,dense
AGGAAACAGCAAACTCCG,0,-1.0,-0.847345168514349,-1.2975394982453392,2.990734,-6.694847,0,0,0.6996196272422461,0.81724936,0.99531245,0.42428622,dense
AGGAAACACCAGACCACG,0,-1.0,-1.40762911733956,-1.1196261696337515,0.24168347,-5.503947,0,0,0.7047727073865829,0.8198384,0.99294925,0.4324171,dense
AGGAACGAACAGACCACG,0,-1.0,-0.363265645596306,-0.1784981839927634,0.72335416,-2.206999,0,0,0.7067806841848525,0.85259527,0.9956405,0.569956,dense
AGGAAACACCAGCATACG,0,-1.0,-1.3164180472619125,-1.1988034512243222,-2.5602114,-6.4402757,0,0,0.7111793397515473,0.82209975,0.99152,0.5651189,dense
AGGAGACAGCAGACAACG,0,-1.0,-1.1842482524137,-1.2829994618600309,0.23514578,-8.039682,0,0,0.7267808625259726,0.8238528,0.9936094,0.4858576,dense
GGGTAACAGAATCAAAGT,0,-1.0,-0.370391386595577,-0.0981991667601329,-6.1362185,-8.816239,1,2,0.7523958733414533,0.808634,0.99372685,0.591384,conv
AGGAAACACCAGCACACG,0,-1.0,-1.443915496967548,-1.173422148073364,-1.9307045,-6.337238,0,0,0.7689602339790093,0.81410044,0.9927256,0.50478953,dense
GGGTAACAGAACCAAAGT,0,-1.0,-0.5972428198926896,0.1512113883005418,-6.2726245,-8.696436,1,2,0.8234864846187518,0.81108075,0.9962184,0.5047426,conv
AGGAAACACCAGAACACG,0,-1.0,-1.720073576377068,-0.8379502838898902,-1.0778624,-6.191517,0,0,0.8256863523687796,0.8467552,0.995336,0.51630163,dense
AGGAAACAGCAGACCACG,0,-1.0,-1.5011639064561677,-1.208266487390387,-0.11977981,-6.2066636,0,0,0.8334066488373187,0.8226231,0.9935679,0.36609122,dense
AGGAAACAGCAGCATACG,0,-1.0,-1.40995283637852,-1.2874437689809572,-2.5435207,-7.0930395,0,0,0.8370256321807867,0.8200093,0.99218315,0.4953835,dense
AGGAAACAGCAGCACACG,0,-1.0,-1.5374502860841546,-1.2620624658299988,-1.9217349,-7.1422596,0,0,0.8974892632609802,0.81924003,0.9932807,0.4817358,dense
AGGAACGAACAAACCACG,0,-1.0,-0.1263866288208842,-0.157418773297452,1.994535,-2.3739107,0,0,0.917507092627309,0.86284465,0.9977984,0.5943416,dense
AGGGGACAGCAGAACAAG,0,-1.0,-1.8099185707434449,-0.8618209890008878,-1.3777058,-9.474983,0,0,0.9186125293260259,0.8219351,0.99298143,0.5527139,dense
AGGAAACAGCAGAACACG,0,-1.0,-1.813608365493674,-0.9265906016465252,-1.0532157,-7.0704603,0,0,0.9424081912193408,0.85163987,0.99577063,0.4871034,dense
AGGAAAGAACAGACAGCG,0,-1.0,0.0108124579570633,-0.1334820699407347,-1.5456808,-1.5196152,0,0,1.0500775733614465,0.86896104,0.99810624,0.637592,dense
AGGAGACAGCAGAACACG,0,-1.0,-1.871380203498576,-1.0725130213746017,-1.2162616,-8.054953,0,0,1.0533551226479652,0.82966316,0.9939989,0.49729112,dense
AGGAACGAACAGACAACG,0,-1.0,0.0114218464510662,-0.1073087387343296,-0.32064787,-1.5238389,0,0,1.0625690704959407,0.8708072,0.9969861,0.6137217,dense
GGGTAACAGAACAACAGT,0,-1.0,-1.2480883913495775,0.4154938072255833,-6.685627,-8.225113,1,2,1.0670940354694607,0.8244432,0.9965359,0.5055837,conv
AGGAAACAGCAACCTCCG,0,-1.0,-0.5711870891048293,-1.6330113624288136,3.336639,-6.681131,0,0,1.0905915893199651,0.8020918,0.99275744,0.4108801,dense
AGGAACGAACCGACCACG,0,-1.0,0.0136402620518914,-0.018837731750705,1.0031791,-1.1441197,0,0,1.108469129957058,0.8163796,0.9912013,0.5426548,dense
AGGAACGAACAAACCCCG,0,-1.0,0.1630556426398772,-0.2423898916967573,3.031933,-2.0093124,0,0,1.1495883001131886,0.8393581,0.9971257,0.548672,dense
AGGGGACAGCAGAACACG,0,-1.0,-2.0588601108818065,-0.9262437313643296,-1.398911,-8.848929,0,0,1.1756469453393363,0.81347954,0.99179876,0.5997302,dense
AGGAACGAACAAACCCCT,0,-1.0,0.1673440830811406,-0.1414706609116175,3.463705,-1.8726605,0,0,1.1890480642484242,0.8358522,0.9968136,0.568649,dense
AGGAACGCACAAACCACG,0,-1.0,-0.024742342330342,0.3201903878361566,2.2483368,-2.103139,0,0,1.2917609821036824,0.8274912,0.9942994,0.5086093,dense
AGGAACGAACCAACCACG,0,-1.0,0.2505192788273135,0.0022416789446063,1.8785638,-1.3096908,0,0,1.3252461807840425,0.83248323,0.99565154,0.57512313,dense
AGGAAAGAACCGACAGCG,0,-1.0,0.3877183656052639,0.0261783823013222,-1.1139468,-0.09084968,0,0,1.4588306506120823,0.84073174,0.996228,0.57848185,dense
AGGAAAGTACAGACAATG,0,-1.0,-0.3342323316303649,0.7314421097456619,-3.956491,-2.1779735,1,0,1.4605204613360492,0.8251673,0.9919592,0.41755578,conv
AGGAACGAACCGACAACG,0,-1.0,0.38832775409926,0.0523517135077271,0.27658275,-0.5284036,0,0,1.4708480692118657,0.8424453,0.99397767,0.59481746,dense
AGGAACGAACAGACAGCG,0,-1.0,0.5910669371994712,-0.1759407877680942,-0.79963356,-0.7951684,0,0,1.578462002563222,0.8560573,0.99569714,0.62157196,dense
AGGAAAGGACAGACAATG,0,-1.0,-0.4552749251731662,0.9907423914216263,-4.5631423,-2.374671,1,0,1.6622212579190252,0.8340669,0.9966196,0.37473038,conv
AAGAACGTAAAGAAAACG,0,-1.0,0.2270527092323177,0.6864301945750688,-3.2863646,-0.015343519,1,0,1.7312800837288311,0.8086733,0.9939131,0.50196016,conv
AGGAAAGGACACACAATG,0,-1.0,-0.3352694450907323,1.1539450512973868,-5.003865,-1.9921613,1,0,1.8541085601358394,0.8318939,0.997015,0.33740443,conv
AGGAACGAACCGACAGCG,0,-1.0,0.9679728448476688,-0.0162803355260357,-0.24422312,0.26123065,0,0,1.9851727826000976,0.82579494,0.99095833,0.59621525,dense
AAGTAAGGACAGAATACG,0,-1.0,-1.5160429963034487,1.3576687673902943,-8.305884,-2.3527381,1,2,2.0464457605630937,0.8069679,0.9896208,0.6650826,conv
AGGTAAGGACAGACAATG,0,-1.0,-0.7278878870064103,1.4630941809533224,-5.5966787,-2.8009245,1,2,2.075481245289351,0.81758255,0.99166906,0.56327844,conv
GGGGGGGAAAAAAAATTG,0,-1.0,0.5702274053186431,0.8474702218360479,-0.9182279,3.6162992,2,1,2.085526228996895,0.8025647,0.9991522,0.5733568,lstm
AAGTAAGGACAGAACACG,0,-1.0,-1.643540446009084,1.383050070541252,-7.9970236,-2.1812558,1,2,2.110483493333793,0.8048599,0.99152815,0.6327835,conv
GGGAACGAACCGACAGCG,0,-1.0,1.097031677514187,0.2394826377410661,0.26155463,1.0578798,2,0,2.1937350516658767,0.8267722,0.9928029,0.5813343,dense
AGGTAAGGACACACAATG,0,-1.0,-0.6078824069239764,1.6262968408290837,-5.6966166,-2.2663686,1,2,2.2519124050933326,0.81615186,0.99290985,0.4764644,conv
AGGTAAGGACAGAATAGG,0,-1.0,-1.452389995195708,1.603309353664563,-7.529088,-3.9359856,1,2,2.2672935929691795,0.81680167,0.99066705,0.6094238,conv
AGGTAAGGACAGAATATG,0,-1.0,-1.287522388385651,1.6481993182877934,-7.315407,-3.289936,1,2,2.2792901404255157,0.815893,0.99045885,0.5745442,conv
AGGTAAGGACAGAACAGG,0,-1.0,-1.5798874449013431,1.6286906568155215,-7.1754413,-4.5419316,1,2,2.3244480478567304,0.82199043,0.9923464,0.54862005,conv
AGGTAAGGACAGAAAATG,0,-1.0,-1.0403323460439171,1.7447700666971842,-6.5298166,-3.0337908,1,2,2.3500836380277272,0.83522964,0.9946531,0.59890777,conv
AGGTAAGGACACAATAGG,0,-1.0,-1.3323845151132738,1.7665120135403227,-8.398149,-4.327952,1,2,2.403328077695455,0.82361954,0.9925385,0.5422209,conv
AGGTAAGGACAGAACAGT,0,-1.0,-1.5755990044600792,1.729609887600661,-6.9969487,-5.2477946,1,2,2.420340424539425,0.82059866,0.9914014,0.5582739,conv
AGGTAAGGACACAATATG,0,-1.0,-1.167516908303217,1.811401978163553,-8.185693,-3.6399007,1,2,2.4258506780979436,0.8222247,0.99231297,0.5024336,conv
AAGTAAGGACAGAAAATG,0,-1.0,-1.041200792940116,1.842675768024923,-7.023594,-2.296788,1,2,2.4479228761302445,0.8031734,0.9934018,0.58140266,conv
AGGTAAGGACACAACAGG,0,-1.0,-1.4598819648189092,1.7918933166912816,-8.089158,-5.007273,1,2,2.452775600529629,0.8220494,0.9935144,0.48056078,conv
AGGTAAGGACACAACAGT,0,-1.0,-1.4555935243776452,1.8928125474764208,-7.554316,-5.6953616,1,2,2.550503290829013,0.8213799,0.9928019,0.50713915,conv
AGGAACTAAAATCGTGAG,0,-1.0,1.6578841623840608,-0.9769418898157664,-1.9781603,9.392512,2,1,2.613446978988774,0.8052013,0.98554856,0.6195837,conv
GGGTAAGGACACAACAGG,0,-1.0,-1.330823132152391,2.047656289958383,-8.489324,-5.679846,1,2,2.680657786886402,0.8188428,0.9945093,0.5664944,conv
AGGAACTAAAATCGTGAA,0,-1.0,1.7404818478732005,-0.9900843428326476,-2.7421436,9.474267,2,1,2.697075668101924,0.8038663,0.9840873,0.60705835,conv
AGGAACTAAAATCCTGAG,0,-1.0,1.7395131455585202,-1.0361101342224737,-1.2900035,8.936701,2,1,2.70311461719076,0.81728464,0.9863131,0.62602776,conv
GGGAACGCACCAACAGCG,0,-1.0,1.435554980780151,0.7381712095699862,1.8404815,2.044843,2,1,2.7179320891958296,0.808637,0.99075705,0.49661642,dense
GGGTAAGGACACAACAGT,0,-1.0,-1.3265346917111278,2.148575520743522,-7.978799,-6.2807794,1,2,2.7798587711709986,0.8165604,0.99394304,0.5665699,conv
AGGAACTAAAATCGAGAG,0,-1.0,1.9050742047257951,-0.8803711414063756,-2.1977148,8.647684,2,1,2.847272609212755,0.83631307,0.9896046,0.66816366,conv
AGGAACTAAAATCCAGTG,0,-1.0,1.965413808783491,-0.6155258759512869,-0.796303,8.113262,2,1,2.8940647740201646,0.81960356,0.98872405,0.6312527,conv
AGGAACGAAAATCCAGAG,0,-1.0,1.985019098702482,-0.5268963369626373,-2.1130452,7.2901344,2,1,2.9146262531187204,0.86052686,0.9963827,0.69217175,conv
AGGAACTAAAATCGAGAA,0,-1.0,1.987671890214934,-0.8935135944232564,-3.0215921,8.813294,2,1,2.930762640739492,0.8324814,0.990426,0.5839414,conv
AGGAACTAAAATCCAGAG,0,-1.0,1.9867031879002537,-0.9395393858130828,-1.6276712,8.086872,2,1,2.9347253249978213,0.84421504,0.99159884,0.6631337,conv
GGGAACGCAACGACAGCG,0,-1.0,1.7206715925803115,0.7233932666850781,0.8123075,2.6627374,2,1,2.962628530139134,0.8089367,0.99177235,0.54369134,dense
ATGAACGAAAATCCAGAG,0,-1.0,2.058094210986641,-0.4941278125404124,-2.8121922,6.741057,2,1,2.9886877435633274,0.82923126,0.9921874,0.60080296,conv
ATGAACGAAAATCGAGAA,0,-1.0,2.059062913301321,-0.4481020211505861,-3.749048,7.834574,2,1,2.9916802144118204,0.8074693,0.9909242,0.3741041,conv
AGGAACGAAAATCCAGAA,0,-1.0,2.067616784191621,-0.5400387899795186,-2.8719356,7.6173673,2,1,2.996893393991214,0.85383475,0.99659795,0.519693,conv
AGGAGCGAAACTACAGTG,0,-1.0,2.006705709819496,0.1463270695966146,-0.4855048,5.2282367,2,1,3.0293774977891803,0.8179242,0.99094135,0.6054592,conv
ATGAACGAAAATCCAGAA,0,-1.0,2.14069189647578,-0.5072702655572936,-3.4510837,7.1489177,2,1,3.0707960858387717,0.8181032,0.9926751,0.37374285,conv
GGGAACGCACCAACAGTG,0,-1.0,1.6632071418017502,1.1266074617952246,2.259834,2.740019,2,1,3.1157560595070195,0.8000696,0.9894545,0.5600447,dense
GGGAACGCAACAACAGCG,0,-1.0,1.9575506093557336,0.7444726773803895,1.4917467,2.7507217,2,1,3.1850828600938725,0.8346061,0.9961669,0.5444284,dense
AGGAACTAAACTCCAGAG,0,-1.0,2.363609095548452,-0.779878933571025,-1.1691825,7.3796453,2,1,3.2969979552719733,0.81847376,0.98309845,0.62729794,conv
AGGAACGAAACTCCAGAG,0,-1.0,2.36192500635068,-0.367235884720579,-1.5209799,6.5772285,2,1,3.298958175622356,0.839425,0.99277437,0.6608826,conv
AGGAACGAAACTCCAGTG,0,-1.0,2.3406356272339166,-0.043222374858783,-0.8861004,6.2070026,2,1,3.3167777858405,0.8174098,0.990162,0.5911787,conv
GGGAACGCAACGACAGTG,0,-1.0,1.9483237536019116,1.1118295189103164,0.95915055,3.5300777,2,1,3.349071966471903,0.8016499,0.9905751,0.55744386,dense
ATGAACGAAACTCCAGAG,0,-1.0,2.435000118634839,-0.334467360298354,-2.243006,6.233081,2,1,3.3742972358053156,0.80102587,0.9836939,0.55118877,conv
TGGAACGCAACAACAGTG,0,-1.0,2.199800287561828,1.0700259890351516,1.8232232,4.2706013,2,1,3.547519797013449,0.82604635,0.9919194,0.60041016,dense
GGGAACGCAACAACAGTG,0,-1.0,2.1852027703773333,1.1329089296056278,1.6262492,3.5298312,2,1,3.564841666805943,0.8282446,0.99564314,0.6049339,dense
TGAAACGCAACAACAGTG,0,-1.0,2.2585862679098145,1.108973793255991,2.2798305,4.629433,2,1,3.6177311783206783,0.8053278,0.9912424,0.48777732,dense
TGCAACGCAACAACAGTG,0,-1.0,2.2856222765978877,1.1192242202053448,2.6493335,4.287655,2,1,3.646401457471468,0.81474984,0.9848734,0.58721936,dense
GGCAACGCAACAACAGTG,0,-1.0,2.271024759413392,1.1821071607758216,2.531289,3.6220005,2,1,3.6637582986896997,0.8171949,0.9920516,0.62803584,dense
