sequence,label,dff,PCA 1,PCA 2,t-SNE 1,t-SNE 2,cluster_kmeans_tnse,cluster_gm_tsne
AGGAAAGAACAGACAACG,0,-1.0,-0.56883263279134,-0.06485002090697255,-1.1181654,-2.419545,0,0
AGGAACGAACAGACAACG,0,-1.0,0.011421846451066272,-0.10730873873432967,-0.32064787,-1.5238389,0,0
AGGAAAGAACAGACAGCG,0,-1.0,0.0108124579570633,-0.13348206994073475,-1.5456808,-1.5196152,0,0
AGGAAAGAACAGACCACG,0,-1.0,-0.9435201248387111,-0.13603946616540763,-0.12571923,-3.2073722,0,0
AGGAACGAACAAACCACG,0,-1.0,-0.12638662882088422,-0.15741877329745205,1.994535,-2.3739107,0,0
AGGAACGAAAATCCAGAG,0,-1.0,1.985019098702482,-0.5268963369626373,-2.1130452,7.2901344,2,1
AGGAACGAACAGACAGCG,0,-1.0,0.5910669371994712,-0.17594078776809427,-0.79963356,-0.7951684,0,0
AGGAACGAAAATCCAGAA,0,-1.0,2.0676167841916215,-0.5400387899795186,-2.8719356,7.6173673,2,1
AGGAACGAACAGACCACG,0,-1.0,-0.36326564559630603,-0.17849818399276343,0.72335416,-2.206999,0,0
AGGAAACAGCAGAACACG,0,-1.0,-1.813608365493674,-0.9265906016465252,-1.0532157,-7.0704603,0,0
AGGAAACACCAGAACACG,0,-1.0,-1.720073576377068,-0.8379502838898902,-1.0778624,-6.191517,0,0
AGGAACTAAAATCCAGAG,0,-1.0,1.9867031879002537,-0.9395393858130828,-1.6276712,8.086872,2,1
AGGAAACAGCAGACAACG,0,-1.0,-1.1264764144087986,-1.1370770421319545,0.27341914,-6.992324,0,0
AGGAACGAACCGACAACG,0,-1.0,0.38832775409926007,0.052351713507727174,0.27658275,-0.5284036,0,0
AGGAAAGAACCGACAGCG,0,-1.0,0.38771836560526396,0.026178382301322287,-1.1139468,-0.09084968,0,0
AGGAAACAGCAAACTACG,0,-1.0,-1.13678743997511,-1.2125683798460338,2.223092,-6.5448203,0,0
AGGAACGAAACTCCAGAG,0,-1.0,2.3619250063506794,-0.36723588472057905,-1.5209799,6.5772285,2,1
AGGAACGAACAAACCCCG,0,-1.0,0.1630556426398772,-0.2423898916967573,3.031933,-2.0093124,0,0
AGGAAACACCAAACTACG,0,-1.0,-1.0432526508585034,-1.1239280620893988,1.8241224,-5.974369,0,0
AGGAAAGAGCAGACAACG,0,-1.0,-0.8918017155289052,-0.5453128133168025,-1.3766475,-3.7412746,0,0
AGGAACTAAAATCGAGAG,0,-1.0,1.9050742047257951,-0.8803711414063756,-2.1977148,8.647684,2,1
AGGAACGAACAAACCCCT,0,-1.0,0.16734408308114065,-0.14147066091161753,3.463705,-1.8726605,0,0
AGGTAAGGACAGAAAATG,0,-1.0,-1.0403323460439171,1.7447700666971842,-6.5298166,-3.0337908,1,2
GGGAACGCAACAACAGCG,0,-1.0,1.9575506093557336,0.7444726773803895,1.4917467,2.7507217,2,1
AGGAAAGGACAGACAATG,0,-1.0,-0.4552749251731662,0.9907423914216263,-4.5631423,-2.374671,1,0
AGGAACGAACCAACCACG,0,-1.0,0.2505192788273135,0.0022416789446063567,1.8785638,-1.3096908,0,0
AGGAACTAAAATCGAGAA,0,-1.0,1.987671890214934,-0.8935135944232564,-3.0215921,8.813294,2,1
AGGAAAGGACACACAATG,0,-1.0,-0.3352694450907323,1.1539450512973868,-5.003865,-1.9921613,1,0
AGGAAACACCAAACCACG,0,-1.0,-1.170750100564138,-1.0985467589384401,1.4947046,-5.1888013,0,0
AGGAGACAGCAGAACACG,0,-1.0,-1.8713802034985756,-1.0725130213746017,-1.2162616,-8.054953,0,0
ATGAACGAAAATCCAGAG,0,-1.0,2.058094210986641,-0.49412781254041244,-2.8121922,6.741057,2,1
GGGAACGCAACAACAGTG,0,-1.0,2.1852027703773333,1.1329089296056278,1.6262492,3.5298312,2,1
AGGAACGCACAAACCACG,0,-1.0,-0.024742342330342035,0.32019038783615666,2.2483368,-2.103139,0,0
GGGAACGAACCGACAGCG,0,-1.0,1.097031677514187,0.23948263774106615,0.26155463,1.0578798,2,0
TGGAACGCAACAACAGTG,0,-1.0,2.199800287561828,1.0700259890351516,1.8232232,4.2706013,2,1
AGGAACGAACCGACAGCG,0,-1.0,0.9679728448476688,-0.016280335526035736,-0.24422312,0.26123065,0,0
AGGAAAGTACAGACAATG,0,-1.0,-0.3342323316303649,0.7314421097456619,-3.956491,-2.1779735,1,0
GGGTAACAGAACAACAGT,0,-1.0,-1.2480883913495777,0.4154938072255833,-6.685627,-8.225113,1,2
AGGAGACAGCAGACAACG,0,-1.0,-1.1842482524137,-1.2829994618600309,0.23514578,-8.039682,0,0
AGGTAAGGACACAATAGG,0,-1.0,-1.3323845151132738,1.7665120135403227,-8.398149,-4.327952,1,2
AGGAAACACCAGACTACG,0,-1.0,-1.2801316676339256,-1.1450074727847102,0.8968576,-6.075475,0,0
AGGAAACAGCAGACCACG,0,-1.0,-1.5011639064561675,-1.208266487390387,-0.11977981,-6.2066636,0,0
AGGTAAGGACACAATATG,0,-1.0,-1.167516908303217,1.811401978163553,-8.185693,-3.6399007,1,2
AGGAAACACCAGCATACG,0,-1.0,-1.3164180472619125,-1.1988034512243222,-2.5602114,-6.4402757,0,0
AGGTAAGGACACAACAGG,0,-1.0,-1.4598819648189092,1.7918933166912816,-8.089158,-5.007273,1,2
AGGTAAGGACAGAACAGG,0,-1.0,-1.5798874449013431,1.6286906568155217,-7.1754413,-4.5419316,1,2
AGGGGACAGCAGAACAAG,0,-1.0,-1.8099185707434446,-0.8618209890008878,-1.3777058,-9.474983,0,0
AGGTAAGGACACAACAGT,0,-1.0,-1.4555935243776452,1.8928125474764212,-7.554316,-5.6953616,1,2
AGGTAAGGACAGAACAGT,0,-1.0,-1.5755990044600792,1.729609887600661,-6.9969487,-5.2477946,1,2
AGGAAACAGCAGCATACG,0,-1.0,-1.4099528363785199,-1.2874437689809572,-2.5435207,-7.0930395,0,0
AGGAAACACCAGACCACG,0,-1.0,-1.40762911733956,-1.1196261696337517,0.24168347,-5.503947,0,0
AGGAACCAGCAAACCACG,0,-1.0,-0.6840304104383403,-1.2296457945224337,2.7445383,-4.367386,0,0
AGGAACTAAAATCCAGTG,0,-1.0,1.965413808783491,-0.6155258759512869,-0.796303,8.113262,2,1
AGGAAACAGCAGCACACG,0,-1.0,-1.5374502860841546,-1.2620624658299988,-1.9217349,-7.1422596,0,0
GGGTAAGGACACAACAGG,0,-1.0,-1.3308231321523907,2.047656289958383,-8.489324,-5.679846,1,2
AGGAACTAAACTCCAGAG,0,-1.0,2.3636090955484517,-0.779878933571025,-1.1691825,7.3796453,2,1
ATGAACGAAAATCCAGAA,0,-1.0,2.14069189647578,-0.5072702655572936,-3.4510837,7.1489177,2,1
AGGAGCGAAACTACAGTG,0,-1.0,2.0067057098194954,0.1463270695966146,-0.4855048,5.2282367,2,1
AGGTAAGGACAGACAATG,0,-1.0,-0.7278878870064103,1.4630941809533224,-5.5966787,-2.8009245,1,2
AGGAACGAAACTCCAGTG,0,-1.0,2.3406356272339166,-0.04322237485878304,-0.8861004,6.2070026,2,1
AGGAACTAAAATCCTGAG,0,-1.0,1.7395131455585202,-1.0361101342224737,-1.2900035,8.936701,2,1
AGGAAACAGCAAACTCCG,0,-1.0,-0.847345168514349,-1.2975394982453392,2.990734,-6.694847,0,0
GGCAACGCAACAACAGTG,0,-1.0,2.271024759413392,1.1821071607758216,2.531289,3.6220005,2,1
AGGTAAGGACAGAATAGG,0,-1.0,-1.452389995195708,1.603309353664563,-7.529088,-3.9359856,1,2
AGGGGACAGCAGACAAAG,0,-1.0,-1.1227866196585687,-1.072307429486317,-0.14000112,-9.772771,0,0
GGGTAAGGACACAACAGT,0,-1.0,-1.3265346917111278,2.1485755207435226,-7.978799,-6.2807794,1,2
AGGAACGAACCGACCACG,0,-1.0,0.013640262051891429,-0.01883773175070508,1.0031791,-1.1441197,0,0
AGGTAAGGACACACAATG,0,-1.0,-0.6078824069239764,1.6262968408290837,-5.6966166,-2.2663686,1,2
AGGTAAGGACAGAATATG,0,-1.0,-1.287522388385651,1.6481993182877934,-7.315407,-3.289936,1,2
AGGAAAGAGCAGACAGCG,0,-1.0,-0.3121566247804969,-0.6139448623505653,-1.8344222,-2.8770208,0,0
AGGAACGAGCAAACCACG,0,-1.0,-0.4493557115584472,-0.6378815657072816,2.520711,-3.2765021,0,0
TGCAACGCAACAACAGTG,0,-1.0,2.2856222765978873,1.1192242202053448,2.6493335,4.287655,2,1
AGGAAACACCAGCACACG,0,-1.0,-1.443915496967548,-1.173422148073364,-1.9307045,-6.337238,0,0
AGGAACCACCAAACCACG,0,-1.0,-0.590495621321733,-1.1410054767657982,2.217782,-4.395287,0,0
AGGGGACAGCAGAACACG,0,-1.0,-2.0588601108818065,-0.9262437313643297,-1.398911,-8.848929,0,0
AGGAAAGACCAGACCACG,0,-1.0,-1.1729544184596672,-0.5278619408185998,0.13760312,-4.3143897,0,0
AGGAACGACCAAACCACG,0,-1.0,-0.3558209224418403,-0.5492412479506463,1.9635956,-3.3384888,0,0
AGGAAAGAGCAGACCACG,0,-1.0,-1.2664892075762741,-0.6165022585752346,-0.49046582,-4.327262,0,0
GGGTAACAGAACCAAAGT,0,-1.0,-0.5972428198926896,0.15121138830054187,-6.2726245,-8.696436,1,2
GGGAACGCAACGACAGCG,0,-1.0,1.7206715925803115,0.7233932666850781,0.8123075,2.6627374,2,1
AAGAACGTAAAGAAAACG,0,-1.0,0.2270527092323177,0.6864301945750688,-3.2863646,-0.015343519,1,0
GGGAACGCACCAACAGCG,0,-1.0,1.435554980780151,0.7381712095699862,1.8404815,2.044843,2,1
GGGTAACAGAATCAAAGT,0,-1.0,-0.370391386595577,-0.09819916676013296,-6.1362185,-8.816239,1,2
GGGGGACAGCAGACAAAG,0,-1.0,-0.9937277869920503,-0.8165444562192152,0.19869538,-9.996408,0,0
AGGGGACAGCAGACAACG,0,-1.0,-1.37172815979693,-1.136730171849759,0.08974008,-9.001118,0,0
AGGAGAGAGCAGACAACG,0,-1.0,-0.9495735535338069,-0.691235233044879,-1.7404583,-4.4605336,0,0
ATGAACGAAAATCGAGAA,0,-1.0,2.059062913301321,-0.44810202115058617,-3.749048,7.834574,2,1
AAGTAAGGACAGAATACG,0,-1.0,-1.5160429963034487,1.3576687673902945,-8.305884,-2.3527381,1,2
TGAAACGCAACAACAGTG,0,-1.0,2.2585862679098145,1.1089737932559913,2.2798305,4.629433,2,1
AGGAACTAAAATCGTGAG,0,-1.0,1.6578841623840608,-0.9769418898157664,-1.9781603,9.392512,2,1
AAGTAAGGACAGAACACG,0,-1.0,-1.6435404460090839,1.383050070541252,-7.9970236,-2.1812558,1,2
AGGGGACAGCAGACAGAG,0,-1.0,-0.5431415289101597,-1.1409394785200804,-0.31261656,-10.276569,0,0
AGGAACTAAAATCGTGAA,0,-1.0,1.7404818478732005,-0.9900843428326475,-2.7421436,9.474267,2,1
AAGTAAGGACAGAAAATG,0,-1.0,-1.041200792940116,1.842675768024923,-7.023594,-2.296788,1,2
GGGGGGGAAAAAAAATTG,0,-1.0,0.5702274053186431,0.8474702218360479,-0.9182279,3.6162992,2,1
AGGAAACAGCAACCTCCG,0,-1.0,-0.5711870891048293,-1.6330113624288136,3.336639,-6.681131,0,0
GGGAACGCAACGACAGTG,0,-1.0,1.9483237536019113,1.1118295189103164,0.95915055,3.5300777,2,1
ATGAACGAAACTCCAGAG,0,-1.0,2.435000118634839,-0.33446736029835406,-2.243006,6.233081,2,1
GGGAACGCACCAACAGTG,0,-1.0,1.6632071418017502,1.1266074617952246,2.259834,2.740019,2,1
GGCGGACAGACTCTAATG,1,0.48504,0.4584258643898329,-0.5992591719131137,-4.245024,-9.984342,1,0
GGGTAAGGGCACAACAGT,1,0.54659,-1.6495037744486902,1.6681127283336934,-7.721876,-6.7955666,1,2
TTGAGCGTAACGACAGTG,1,0.53745,1.8835283987144997,0.8660394003277775,0.78881645,4.915014,2,1
AGGGTATAACGTCCTTTG,1,0.7449,0.32794336025689685,-0.5075896341876364,0.2335498,9.138469,2,1
AGGAACTACGATCGTGAA,1,0.64094,1.2592754916175308,-1.4046018851930067,-3.076751,10.022527,2,1
ACGGGACCGCAGATCGAG,1,1.0463,-0.92862235358173,-0.6026570319173261,-1.3279744,-10.6833725,0,0
AAGTAGGGACAGAATACG,1,0.57679,-1.2301797330370388,1.3636782140575328,-8.679513,-2.1065316,1,2
GGGATTCGGTCATGTCCT,1,0.45586,0.1599073067050554,-0.3177904804680751,4.2434497,-7.1596003,0,0
TGCATCGCAACAGCAGTT,1,0.73006,2.4385335727005364,0.9913413899456227,3.4034753,4.7294416,2,1
CCCCCCCCCCCCCCGCCC,1,0.83564,0.5747321539013425,-0.3960955104954594,5.140472,-3.9320335,2,1
