sequence,average_probability,max_probability,min_probability,architecture
AGGAAAGAACAGACAACG,0.8810812,0.99865806,0.5979894,dense
AGGAACGAACAGACAACG,0.8708072,0.9969861,0.6137217,dense
AGGAAAGAACAGACAGCG,0.86896104,0.99810624,0.637592,dense
AGGAAAGAACAGACCACG,0.86455655,0.9980736,0.54077685,dense
AGGAACGAACAAACCACG,0.86284465,0.9977984,0.5943416,dense
AGGAACGAAAATCCAGAG,0.86052686,0.9963827,0.69217175,conv
AGGAACGAACAGACAGCG,0.8560573,0.99569714,0.62157196,dense
AGGAACGAAAATCCAGAA,0.85383475,0.99659795,0.519693,conv
AGGAACGAACAGACCACG,0.85259527,0.9956405,0.569956,dense
AGGAAACAGCAGAACACG,0.85163987,0.99577063,0.4871034,dense
AGGAAACACCAGAACACG,0.8467552,0.995336,0.51630163,dense
AGGAACTAAAATCCAGAG,0.84421504,0.99159884,0.6631337,conv
AGGAAACAGCAGACAACG,0.8438183,0.9955407,0.4116448,dense
AGGAACGAACCGACAACG,0.8424453,0.99397767,0.59481746,dense
AGGAAAGAACCGACAGCG,0.84073174,0.996228,0.57848185,dense
AGGAAACAGCAAACTACG,0.8397018,0.99642783,0.4006592,dense
AGGAACGAAACTCCAGAG,0.839425,0.99277437,0.6608826,conv
AGGAACGAACAAACCCCG,0.8393581,0.9971257,0.548672,dense
AGGAAACACCAAACTACG,0.8367767,0.9959229,0.48700523,dense
AGGAAAGAGCAGACAACG,0.83632845,0.9967025,0.44153664,dense
AGGAACTAAAATCGAGAG,0.83631307,0.9896046,0.66816366,conv
AGGAACGAACAAACCCCT,0.8358522,0.9968136,0.568649,dense
AGGTAAGGACAGAAAATG,0.83522964,0.9946531,0.59890777,conv
GGGAACGCAACAACAGCG,0.8346061,0.9961669,0.5444284,dense
AGGAAAGGACAGACAATG,0.8340669,0.9966196,0.37473038,conv
AGGAACGAACCAACCACG,0.83248323,0.99565154,0.57512313,dense
AGGAACTAAAATCGAGAA,0.8324814,0.990426,0.5839414,conv
AGGAAAGGACACACAATG,0.8318939,0.997015,0.33740443,conv
AGGAAACACCAAACCACG,0.8308974,0.9963277,0.4759485,dense
AGGAGACAGCAGAACACG,0.82966316,0.9939989,0.49729112,dense
ATGAACGAAAATCCAGAG,0.82923126,0.9921874,0.60080296,conv
GGGAACGCAACAACAGTG,0.8282446,0.99564314,0.6049339,dense
AGGAACGCACAAACCACG,0.8274912,0.9942994,0.5086093,dense
GGGAACGAACCGACAGCG,0.8267722,0.9928029,0.5813343,dense
TGGAACGCAACAACAGTG,0.82604635,0.9919194,0.60041016,dense
AGGAACGAACCGACAGCG,0.82579494,0.99095833,0.59621525,dense
AGGAAAGTACAGACAATG,0.8251673,0.9919592,0.41755578,conv
GGGTAACAGAACAACAGT,0.8244432,0.9965359,0.5055837,conv
AGGAGACAGCAGACAACG,0.8238528,0.9936094,0.4858576,dense
AGGTAAGGACACAATAGG,0.82361954,0.9925385,0.5422209,conv
AGGAAACACCAGACTACG,0.823046,0.99185115,0.45146975,dense
AGGAAACAGCAGACCACG,0.8226231,0.9935679,0.36609122,dense
AGGTAAGGACACAATATG,0.8222247,0.99231297,0.5024336,conv
AGGAAACACCAGCATACG,0.82209975,0.99152,0.5651189,dense
AGGTAAGGACACAACAGG,0.8220494,0.9935144,0.48056078,conv
AGGTAAGGACAGAACAGG,0.82199043,0.9923464,0.54862005,conv
AGGGGACAGCAGAACAAG,0.8219351,0.99298143,0.5527139,dense
AGGTAAGGACACAACAGT,0.8213799,0.9928019,0.50713915,conv
AGGTAAGGACAGAACAGT,0.82059866,0.9914014,0.5582739,conv
AGGAAACAGCAGCATACG,0.8200093,0.99218315,0.4953835,dense
AGGAAACACCAGACCACG,0.8198384,0.99294925,0.4324171,dense
AGGAACCAGCAAACCACG,0.8196951,0.9928334,0.4708896,dense
AGGAACTAAAATCCAGTG,0.81960356,0.98872405,0.6312527,conv
AGGAAACAGCAGCACACG,0.81924003,0.9932807,0.4817358,dense
GGGTAAGGACACAACAGG,0.8188428,0.9945093,0.5664944,conv
AGGAACTAAACTCCAGAG,0.81847376,0.98309845,0.62729794,conv
ATGAACGAAAATCCAGAA,0.8181032,0.9926751,0.37374285,conv
AGGAGCGAAACTACAGTG,0.8179242,0.99094135,0.6054592,conv
AGGTAAGGACAGACAATG,0.81758255,0.99166906,0.56327844,conv
AGGAACGAAACTCCAGTG,0.8174098,0.990162,0.5911787,conv
AGGAACTAAAATCCTGAG,0.81728464,0.9863131,0.62602776,conv
AGGAAACAGCAAACTCCG,0.81724936,0.99531245,0.42428622,dense
GGCAACGCAACAACAGTG,0.8171949,0.9920516,0.62803584,dense
AGGTAAGGACAGAATAGG,0.81680167,0.99066705,0.6094238,conv
AGGGGACAGCAGACAAAG,0.8167456,0.9925212,0.56319636,dense
GGGTAAGGACACAACAGT,0.8165604,0.99394304,0.5665699,conv
AGGAACGAACCGACCACG,0.8163796,0.9912013,0.5426548,dense
AGGTAAGGACACACAATG,0.81615186,0.99290985,0.4764644,conv
AGGTAAGGACAGAATATG,0.815893,0.99045885,0.5745442,conv
AGGAAAGAGCAGACAGCG,0.8155575,0.99510753,0.47193512,dense
AGGAACGAGCAAACCACG,0.8155122,0.9947897,0.42952168,dense
TGCAACGCAACAACAGTG,0.81474984,0.9848734,0.58721936,dense
AGGAAACACCAGCACACG,0.81410044,0.9927256,0.50478953,dense
AGGAACCACCAAACCACG,0.8139758,0.99188614,0.52097255,dense
AGGGGACAGCAGAACACG,0.81347954,0.99179876,0.5997302,dense
AGGAAAGACCAGACCACG,0.8132235,0.9950045,0.4124414,dense
AGGAACGACCAAACCACG,0.8131062,0.99431145,0.47433475,dense
AGGAAAGAGCAGACCACG,0.81128526,0.99521744,0.38429764,dense
GGGTAACAGAACCAAAGT,0.81108075,0.9962184,0.5047426,conv
GGGAACGCAACGACAGCG,0.8089367,0.99177235,0.54369134,dense
AAGAACGTAAAGAAAACG,0.8086733,0.9939131,0.50196016,conv
GGGAACGCACCAACAGCG,0.808637,0.99075705,0.49661642,dense
GGGTAACAGAATCAAAGT,0.808634,0.99372685,0.591384,conv
GGGGGACAGCAGACAAAG,0.8081964,0.9931137,0.5087112,dense
AGGGGACAGCAGACAACG,0.80808884,0.99128914,0.5929347,dense
AGGAGAGAGCAGACAACG,0.8079314,0.9948919,0.4745142,dense
ATGAACGAAAATCGAGAA,0.8074693,0.9909242,0.3741041,conv
AAGTAAGGACAGAATACG,0.8069679,0.9896208,0.6650826,conv
TGAAACGCAACAACAGTG,0.8053278,0.9912424,0.48777732,dense
AGGAACTAAAATCGTGAG,0.8052013,0.98554856,0.6195837,conv
AAGTAAGGACAGAACACG,0.8048599,0.99152815,0.6327835,conv
AGGGGACAGCAGACAGAG,0.8041226,0.9879875,0.566786,dense
AGGAACTAAAATCGTGAA,0.8038663,0.9840873,0.60705835,conv
AAGTAAGGACAGAAAATG,0.8031734,0.9934018,0.58140266,conv
GGGGGGGAAAAAAAATTG,0.8025647,0.9991522,0.5733568,lstm
AGGAAACAGCAACCTCCG,0.8020918,0.99275744,0.4108801,dense
GGGAACGCAACGACAGTG,0.8016499,0.9905751,0.55744386,dense
ATGAACGAAACTCCAGAG,0.80102587,0.9836939,0.55118877,conv
GGGAACGCACCAACAGTG,0.8000696,0.9894545,0.5600447,dense
