sequence,nearest_oxt_id,nearest_oxt_sequence,hamming_distance
AGGAAAGAACAGACCACG,OXT_23,AAGTAGGGACAGAATACG,6
CGGACACGGCAACCTCCC,OXT_24,GGGATTCGGTCATGTCCT,8
AGGAAACAGCAGCACACG,OXT_11,GGGTAAGGGCACAACAGT,8
CGGACACGGCAATCTCCC,OXT_24,GGGATTCGGTCATGTCCT,7
GAGGGACAGCAGATAGAG,OXT_22,ACGGGACCGCAGATCGAG,4
GGAGGCGCACCGACAGCG,OXT_14,TTGAGCGTAACGACAGTG,7
TTAAGCGTAACAGCAGTG,OXT_14,TTGAGCGTAACGACAGTG,3
GTAGGCGCGCCGATAGAG,OXT_22,ACGGGACCGCAGATCGAG,7
CGGACCGCGCCAGCTCTT,OXT_25,TGCATCGCAACAGCAGTT,7
TGCACCGCAACAGCAGTT,OXT_25,TGCATCGCAACAGCAGTT,1
GCGGGAGAGCCGATAGAG,OXT_22,ACGGGACCGCAGATCGAG,5
AGGACCGCGCCAACTCCT,OXT_24,GGGATTCGGTCATGTCCT,8
AGGAAACACCAGCCTACG,OXT_15,AGGGTATAACGTCCTTTG,8
GAGGGACAGCAGCTGGAG,OXT_22,ACGGGACCGCAGATCGAG,5
TGCAACGCAACAACAGTG,OXT_25,TGCATCGCAACAGCAGTT,3
CGGACACGGCAGTCTCCC,OXT_01,AGGCTGCGTAAGTCTGCT,8
AGGGGACAGCAGACCAAG,OXT_22,ACGGGACCGCAGATCGAG,4
TGAAGCGCAACGACAGTG,OXT_14,TTGAGCGTAACGACAGTG,3
GCGGGCGAGCCGATAGAG,OXT_22,ACGGGACCGCAGATCGAG,6
AGGAAACGGCAGCCTACA,OXT_01,AGGCTGCGTAAGTCTGCT,8
AGGACCGGGCAACCTCCC,OXT_04,TAGACAGGGCTGACTGTG,9
TGCAACGCAACAGCAGTG,OXT_25,TGCATCGCAACAGCAGTT,2
CGGAACGCACCAACCGTT,OXT_25,TGCATCGCAACAGCAGTT,6
AGGAACGCACCAACCGCG,OXT_14,TTGAGCGTAACGACAGTG,8
AGGAAACAGCAGCATACG,OXT_23,AAGTAGGGACAGAATACG,7
AGGAAACAGCAGCCTACG,OXT_15,AGGGTATAACGTCCTTTG,8
CGGATCCGGCAATCTCCT,OXT_24,GGGATTCGGTCATGTCCT,5
GGAAGCGCAACGACAGTG,OXT_14,TTGAGCGTAACGACAGTG,4
GAGGGACAGCAGATAAAG,OXT_22,ACGGGACCGCAGATCGAG,5
GCGGGACAGCCGATAGAG,OXT_22,ACGGGACCGCAGATCGAG,4
AGGACCGGGCCACCTCCC,OXT_24,GGGATTCGGTCATGTCCT,8
GAGGGACAGCAGCGCGAG,OXT_22,ACGGGACCGCAGATCGAG,5
TGGACCGCGCCAGCCGTT,OXT_25,TGCATCGCAACAGCAGTT,5
AGGAAACGGCAGCCTCCA,OXT_01,AGGCTGCGTAAGTCTGCT,8
AGGAAACACCAGACCACG,OXT_22,ACGGGACCGCAGATCGAG,8
CGGATCGGGTCAGCTCTT,OXT_24,GGGATTCGGTCATGTCCT,6
AGGAACGAACAAACCCCG,OXT_23,AAGTAGGGACAGAATACG,8
CGGGCACGGCAGTGTGCA,OXT_01,AGGCTGCGTAAGTCTGCT,8
GGGAACGCAACGACAGCG,OXT_14,TTGAGCGTAACGACAGTG,5
AGGACCCGGCAACCTCCC,OXT_24,GGGATTCGGTCATGTCCT,8
CGGATCCGGTAACCTCCT,OXT_24,GGGATTCGGTCATGTCCT,5
GCAGGACAGCCGATAGAG,OXT_22,ACGGGACCGCAGATCGAG,5
CGGATACGGCAATCTCCC,OXT_24,GGGATTCGGTCATGTCCT,6
GCAGGCGCGCCGATAGAG,OXT_22,ACGGGACCGCAGATCGAG,6
AGGAAACAGCAGACCACG,OXT_22,ACGGGACCGCAGATCGAG,7
AGGATCTGGCAACCTCCT,OXT_24,GGGATTCGGTCATGTCCT,7
GCGGGACAGCAGATAGAG,OXT_22,ACGGGACCGCAGATCGAG,3
AGGGGACAGCAGCGTAAG,OXT_22,ACGGGACCGCAGATCGAG,6
CGGACACGGCGGTGTCCC,OXT_24,GGGATTCGGTCATGTCCT,7
GTAGGGGCGCCGATAGAG,OXT_22,ACGGGACCGCAGATCGAG,7
AGGAAAGACCAGACCACG,OXT_23,AAGTAGGGACAGAATACG,7
GGGGGACAGCAGACAGAG,OXT_22,ACGGGACCGCAGATCGAG,5
AGGAACCAGCAAACTCCG,OXT_16,ATAAACAGTCTAGCTGTG,9
AGGAACGAACCAACCACG,OXT_23,AAGTAGGGACAGAATACG,8
CGGATTCGGTGATCTCCT,OXT_24,GGGATTCGGTCATGTCCT,3
TGCACCGCAACAGCCGTT,OXT_25,TGCATCGCAACAGCAGTT,2
AGGAACGAACAGACCACG,OXT_23,AAGTAGGGACAGAATACG,6
GTAGGCGTGACGATAGAG,OXT_14,TTGAGCGTAACGACAGTG,6
CGGACACGGCAGCATCCA,OXT_04,TAGACAGGGCTGACTGTG,9
AGGACACGGCAACCTCCC,OXT_24,GGGATTCGGTCATGTCCT,8
CGGACACGGCAGCATACA,OXT_04,TAGACAGGGCTGACTGTG,9
AGGACCGCGCCAACCCCT,OXT_19,CCCCCCCCCCCCCCCCCC,9
AGGACACGGCAGCCTCCA,OXT_01,AGGCTGCGTAAGTCTGCT,8
CGGACACGGCAGCCTCCC,OXT_04,TAGACAGGGCTGACTGTG,8
GCGGGACAGCAGTGTGAG,OXT_22,ACGGGACCGCAGATCGAG,5
TGAAACGCAACAGCAGTG,OXT_25,TGCATCGCAACAGCAGTT,3
AGGAACGAACAAACCACG,OXT_23,AAGTAGGGACAGAATACG,7
CGGACACGGCAATCTCCT,OXT_24,GGGATTCGGTCATGTCCT,6
GAGGGACAGCAGATGGAG,OXT_22,ACGGGACCGCAGATCGAG,4
GAGGGACAGCAGCTAGAG,OXT_22,ACGGGACCGCAGATCGAG,5
AGGACCGGGCCACCTCCT,OXT_24,GGGATTCGGTCATGTCCT,7
TGCAACGCAACAGCCGTT,OXT_25,TGCATCGCAACAGCAGTT,2
GGGAACGCACCAACCGCG,OXT_14,TTGAGCGTAACGACAGTG,8
AGGATCTGGTAACCTCCT,OXT_24,GGGATTCGGTCATGTCCT,6
AGGATCTGGTCACCTCCT,OXT_24,GGGATTCGGTCATGTCCT,5
CGGACCGCGCCACCTCTC,OXT_19,CCCCCCCCCCCCCCCCCC,8
TGAAACGCAACGACAGTG,OXT_14,TTGAGCGTAACGACAGTG,4
CGGGGACGGCAGTGTGCA,OXT_01,AGGCTGCGTAAGTCTGCT,8
GGAGGCGCGACGATAGAG,OXT_05,GGCGGACAGACTCTAATG,8
CGGACACGGCAGTGTCCC,OXT_24,GGGATTCGGTCATGTCCT,7
AGGACCGGGCAAACTCCT,OXT_04,TAGACAGGGCTGACTGTG,8
GGCAACGCAACGACAGTG,OXT_14,TTGAGCGTAACGACAGTG,5
GAGGGACAGCAGAGCAAG,OXT_22,ACGGGACCGCAGATCGAG,5
GGGGGCGAGCCGACAGCG,OXT_14,TTGAGCGTAACGACAGTG,7
TTAAGCGTAACAGTAGTG,OXT_14,TTGAGCGTAACGACAGTG,4
AGGGGACAGCAGAGCAAG,OXT_22,ACGGGACCGCAGATCGAG,4
TGCACCGCACCAGCCGTT,OXT_25,TGCATCGCAACAGCAGTT,3
GGGGGAGAGCCGACAGCG,OXT_04,TAGACAGGGCTGACTGTG,8
GGAGGCGCGCCGATAGAG,OXT_22,ACGGGACCGCAGATCGAG,7
GGCAACGCAACAACAGTG,OXT_25,TGCATCGCAACAGCAGTT,4
GAGGGACAGCAGCTCGAG,OXT_22,ACGGGACCGCAGATCGAG,4
AGGAAAGAGCAGACCACG,OXT_11,GGGTAAGGGCACAACAGT,7
GGGGGCGAACCGACAGCG,OXT_14,TTGAGCGTAACGACAGTG,6
TTAGGCGTGACGGTAGGG,OXT_14,TTGAGCGTAACGACAGTG,6
CGGACCGCGTCAGCTCTT,OXT_25,TGCATCGCAACAGCAGTT,7
AGGACACGGCAGCCTCCC,OXT_01,AGGCTGCGTAAGTCTGCT,8
GCAGGGGCGCCGATAGAG,OXT_22,ACGGGACCGCAGATCGAG,6
GGAGGCGCGCCGACAGAG,OXT_14,TTGAGCGTAACGACAGTG,8
GCAGGGGAGCCGATAGAG,OXT_22,ACGGGACCGCAGATCGAG,7
AGGAACGAACCGACAGCG,OXT_14,TTGAGCGTAACGACAGTG,6
AGGGGACAGCAGACCACG,OXT_22,ACGGGACCGCAGATCGAG,5
GGGGGCGAGCCGACAGAG,OXT_14,TTGAGCGTAACGACAGTG,7
GAGGGACAGCAGATCAAG,OXT_22,ACGGGACCGCAGATCGAG,4
GTAGGCGCGACGATAGGG,OXT_14,TTGAGCGTAACGACAGTG,7
AGGAGACAGCAGCACACG,OXT_22,ACGGGACCGCAGATCGAG,7
AGGAACGCACCAACCCCG,OXT_14,TTGAGCGTAACGACAGTG,9
AGGAACGAGCAAACCCCG,OXT_11,GGGTAAGGGCACAACAGT,9
TTAGGCGTAACGGTAGTG,OXT_14,TTGAGCGTAACGACAGTG,4
AGGAGACAGCAGCATACG,OXT_22,ACGGGACCGCAGATCGAG,8
CGGACCGCGCCAGCCCTT,OXT_25,TGCATCGCAACAGCAGTT,7
AGGACCCGGCAACCTCCT,OXT_24,GGGATTCGGTCATGTCCT,7
AGGAACGCACCAACCGTG,OXT_14,TTGAGCGTAACGACAGTG,7
GGGAACGCACCGACAGCG,OXT_14,TTGAGCGTAACGACAGTG,6
CGGGGACAGCAGCGTGCA,OXT_22,ACGGGACCGCAGATCGAG,8
GCGGGACAGCAGCGTGAG,OXT_22,ACGGGACCGCAGATCGAG,5
TGCAACGCAACAGCAGTT,OXT_25,TGCATCGCAACAGCAGTT,1
TGCAACGCAACAACCGTG,OXT_25,TGCATCGCAACAGCAGTT,4
AGGACCGGGCCAACTCCT,OXT_24,GGGATTCGGTCATGTCCT,7
CGGATCGCGTCAGCTCTT,OXT_25,TGCATCGCAACAGCAGTT,6
GGGGGAGAGCCGACAGAG,OXT_22,ACGGGACCGCAGATCGAG,7
AGGAGAGAGCCGACAGCG,OXT_04,TAGACAGGGCTGACTGTG,7
AGGACCGGGCCACCTCTT,OXT_04,TAGACAGGGCTGACTGTG,8
GGAGGCGCAACGACAGTG,OXT_14,TTGAGCGTAACGACAGTG,5
AGGGGAGAGCCGACAGCG,OXT_22,ACGGGACCGCAGATCGAG,7
CGGGGACGGCAGCGTGCA,OXT_22,ACGGGACCGCAGATCGAG,8
GTAGGGGTGCCGATAGAG,OXT_14,TTGAGCGTAACGACAGTG,8
CGGAGACGGCAGCATACA,OXT_11,GGGTAAGGGCACAACAGT,9
CGGACACGGCAGCGTCCA,OXT_24,GGGATTCGGTCATGTCCT,8
CGGATCTGGTGACCTCTT,OXT_24,GGGATTCGGTCATGTCCT,7
GGGAGCGCAACGACAGCG,OXT_14,TTGAGCGTAACGACAGTG,4
AAGGGACAGCAGAGCAAG,OXT_22,ACGGGACCGCAGATCGAG,4
TTAGGCGCAACGATAGTG,OXT_14,TTGAGCGTAACGACAGTG,4
GGGAACGCACCAACCGTG,OXT_14,TTGAGCGTAACGACAGTG,7
GCAGGGCAGCCGATAGAG,OXT_22,ACGGGACCGCAGATCGAG,6
AGGAACGCACCGACAGCG,OXT_14,TTGAGCGTAACGACAGTG,6
AAGGGACAGCAGCGCAAG,OXT_22,ACGGGACCGCAGATCGAG,5
TTAGGCGTAACGATAGGG,OXT_14,TTGAGCGTAACGACAGTG,4
TTAGGCGTAACGGTAGGG,OXT_14,TTGAGCGTAACGACAGTG,5
CGGACCGCGCCAGCCGTT,OXT_25,TGCATCGCAACAGCAGTT,6
CGGAGACGGCAGTGTGCA,OXT_01,AGGCTGCGTAAGTCTGCT,8
CGGATCCGGCAACCTCCT,OXT_24,GGGATTCGGTCATGTCCT,6
AGGGGACAGCAGCACACG,OXT_22,ACGGGACCGCAGATCGAG,6
GGAAGCGCAACGACAGCG,OXT_14,TTGAGCGTAACGACAGTG,5
AGGATCTGGTGACCTCCT,OXT_24,GGGATTCGGTCATGTCCT,6
AGGGGACAGCAGCGCAAG,OXT_22,ACGGGACCGCAGATCGAG,5
GGGAGCGAACCGACAGCG,OXT_14,TTGAGCGTAACGACAGTG,5
AGGACCTGGCAACCTCCT,OXT_20,AGGGCCTAGGGATGACGT,8
GGAGGCGCACCGACAGAG,OXT_14,TTGAGCGTAACGACAGTG,7
AGGAAAGAGCAGACAACG,OXT_23,AAGTAGGGACAGAATACG,7
GGGAACGCAACAACAGTG,OXT_14,TTGAGCGTAACGACAGTG,5
AGGAACGAACCGACCACG,OXT_23,AAGTAGGGACAGAATACG,7
AGGACCGCACCAACCCCT,OXT_25,TGCATCGCAACAGCAGTT,8
AGGGGACAGCAGCGTGAG,OXT_22,ACGGGACCGCAGATCGAG,5
GGGAGCGCACCGACAGCG,OXT_14,TTGAGCGTAACGACAGTG,5
GGGGGACAGCAGCGCAAG,OXT_22,ACGGGACCGCAGATCGAG,6
GGAGGCGCAACGACAGAG,OXT_14,TTGAGCGTAACGACAGTG,6
AGGAGACAGCAGAACACG,OXT_22,ACGGGACCGCAGATCGAG,6
CGGACACGGCAGTGTCCA,OXT_24,GGGATTCGGTCATGTCCT,7
CGGACCGCACCAACCGTT,OXT_25,TGCATCGCAACAGCAGTT,6
AGGAAACGGCAACCTCCG,OXT_24,GGGATTCGGTCATGTCCT,8
CGGATCGGGTCACCTCTT,OXT_24,GGGATTCGGTCATGTCCT,6
TGCACCGCGCCAGCCGTT,OXT_25,TGCATCGCAACAGCAGTT,4
AGGAAACGGCAGCCTACG,OXT_23,AAGTAGGGACAGAATACG,7
AGGAACGACCAAACCACG,OXT_23,AAGTAGGGACAGAATACG,8
TTAGGCGTAACGATAGTG,OXT_14,TTGAGCGTAACGACAGTG,3
AGGACCTGGCAACCTCCC,OXT_17,AGGAACTACGATCGTGAA,9
TGCATCGCGTCAGCCGTT,OXT_25,TGCATCGCAACAGCAGTT,3
CGGACCCGGCAACCTCCC,OXT_19,CCCCCCCCCCCCCCCCCC,8
AGGACCGGGCAACCTCCT,OXT_24,GGGATTCGGTCATGTCCT,8
TTAGGCGCGACGATAGGG,OXT_14,TTGAGCGTAACGACAGTG,6
GGGGGACAGCAGCGTGAG,OXT_22,ACGGGACCGCAGATCGAG,6
TGGATCGCGTCAGCTCTT,OXT_25,TGCATCGCAACAGCAGTT,5
GAGGGACAGCAGCGCAAG,OXT_22,ACGGGACCGCAGATCGAG,6
AGGAAACGGCAGCCTCCG,OXT_01,AGGCTGCGTAAGTCTGCT,8
AGGAACGCACCGACCGCG,OXT_14,TTGAGCGTAACGACAGTG,7
AGGGGACAGCAGACAACG,OXT_22,ACGGGACCGCAGATCGAG,6
CGGATTTGGTAATCTCCT,OXT_24,GGGATTCGGTCATGTCCT,4
GAGGGACAGCAGTTTGAG,OXT_22,ACGGGACCGCAGATCGAG,5
GGGGGCGAGCCGATAGAG,OXT_22,ACGGGACCGCAGATCGAG,7
AGGAACGCACAAACCCCG,OXT_23,AAGTAGGGACAGAATACG,8
TGAAACGCAACAACAGTG,OXT_25,TGCATCGCAACAGCAGTT,4
CGGAGACGGCAGCGTACA,OXT_24,GGGATTCGGTCATGTCCT,9
TTAGGCGTGACGATAGGG,OXT_14,TTGAGCGTAACGACAGTG,5
CGGATCTGGTAACCTCCT,OXT_24,GGGATTCGGTCATGTCCT,6
GTGGGGCAGCCGATAGAG,OXT_22,ACGGGACCGCAGATCGAG,6
CGGGGACAGCAGCGTGAA,OXT_22,ACGGGACCGCAGATCGAG,7
TTAAGCGTAACGACAGTG,OXT_14,TTGAGCGTAACGACAGTG,1
CGGGCACGGCAGTGTCCA,OXT_24,GGGATTCGGTCATGTCCT,8
CGGACCGGGTCACCTCTT,OXT_24,GGGATTCGGTCATGTCCT,7
TTAGGCGCAACGACAGTG,OXT_14,TTGAGCGTAACGACAGTG,3
GCAGGAGAGCCGATAGAG,OXT_22,ACGGGACCGCAGATCGAG,6
CGGATCCGGCAACCTCCC,OXT_24,GGGATTCGGTCATGTCCT,7
CGGACACGGCAGTGTGCA,OXT_01,AGGCTGCGTAAGTCTGCT,8
CGGATTTGGTGACCTCCT,OXT_24,GGGATTCGGTCATGTCCT,5
GTAGGGCAGCCGATAGAG,OXT_22,ACGGGACCGCAGATCGAG,7
CCGGGACAGCAGTGTGCG,OXT_22,ACGGGACCGCAGATCGAG,6
AGGGGACAGCAGACAAAG,OXT_22,ACGGGACCGCAGATCGAG,5
AGGAACGAACCGACCGCG,OXT_14,TTGAGCGTAACGACAGTG,7
CGGATCCGGTAATCTCCT,OXT_24,GGGATTCGGTCATGTCCT,4
TGGAACGCACCAACCGTG,OXT_14,TTGAGCGTAACGACAGTG,6
AGGACCGCGCAAACCCCT,OXT_11,GGGTAAGGGCACAACAGT,9
GGGGGACAGCAGCGCGAG,OXT_22,ACGGGACCGCAGATCGAG,5
AGGGGAGAGCAGACAGAG,OXT_22,ACGGGACCGCAGATCGAG,5
AGGAAAGAACCGACAGCG,OXT_14,TTGAGCGTAACGACAGTG,7
TGGAACGCAACAACCGTG,OXT_14,TTGAGCGTAACGACAGTG,5
GAGGGGCAGCAGCTAGAG,OXT_22,ACGGGACCGCAGATCGAG,6
GGGAACGAACCGACAGCG,OXT_14,TTGAGCGTAACGACAGTG,6
CGGACCGCACCAGCCGTT,OXT_25,TGCATCGCAACAGCAGTT,5
CGGGGACAGCAGCGTGAG,OXT_22,ACGGGACCGCAGATCGAG,6
AGGAACGAACAGACAACG,OXT_23,AAGTAGGGACAGAATACG,6
AGGAGACAGCAGCATACA,OXT_17,AGGAACTACGATCGTGAA,9
GTAGGCGCGACGATAGAG,OXT_14,TTGAGCGTAACGACAGTG,7
AGGAAACGGCAGCATACA,OXT_23,AAGTAGGGACAGAATACG,7
GGAAACGCAACGACAGTG,OXT_14,TTGAGCGTAACGACAGTG,5
GCAGGCGAGCCGATAGAG,OXT_22,ACGGGACCGCAGATCGAG,7
GAGGGACAGCAGCGTGAG,OXT_22,ACGGGACCGCAGATCGAG,6
AGGGGAGAGCAGACAGCG,OXT_22,ACGGGACCGCAGATCGAG,6
AGGATCGGGTCACCTCCT,OXT_24,GGGATTCGGTCATGTCCT,5
CGGGGACGGCAGCGTACA,OXT_22,ACGGGACCGCAGATCGAG,9
TTAAGCGTAACGGTAGTG,OXT_14,TTGAGCGTAACGACAGTG,3
TGAGGCGCAACGACAGTG,OXT_14,TTGAGCGTAACGACAGTG,4
GCGGGACAGCAGCGCGAG,OXT_22,ACGGGACCGCAGATCGAG,4
GCGGGGCAGCCGATAGAG,OXT_22,ACGGGACCGCAGATCGAG,5
GCGGGACAGCAGATAAAG,OXT_22,ACGGGACCGCAGATCGAG,4
CGGACACGGCAGCCTCCA,OXT_04,TAGACAGGGCTGACTGTG,8
TTAGGCGTAACGACAGTG,OXT_14,TTGAGCGTAACGACAGTG,2
CGGATCCGGCAATCTCCC,OXT_24,GGGATTCGGTCATGTCCT,6
GGAGGCGCAACGACAGCG,OXT_14,TTGAGCGTAACGACAGTG,6
AGGATCCGGCAACCTCCT,OXT_24,GGGATTCGGTCATGTCCT,6
CGGGGACAGCAGCGTAAA,OXT_22,ACGGGACCGCAGATCGAG,8
AGGAACGCACCAACCGTT,OXT_25,TGCATCGCAACAGCAGTT,6
AGGAAACAGCAGAACACG,OXT_11,GGGTAAGGGCACAACAGT,7
CGGAGACGGCAGCGTGCA,OXT_01,AGGCTGCGTAAGTCTGCT,9
TGCAACGCAACAACCGTT,OXT_25,TGCATCGCAACAGCAGTT,3
AGGACCGAGCAAACCCCT,OXT_20,AGGGCCTAGGGATGACGT,8
AGGGGACAGCAGAACACG,OXT_22,ACGGGACCGCAGATCGAG,5
GGAGGCGCGACGATAGGG,OXT_05,GGCGGACAGACTCTAATG,8
GGGGGCGCACCGACAGCG,OXT_14,TTGAGCGTAACGACAGTG,6
TTAAGCGTAACGGCAGTG,OXT_14,TTGAGCGTAACGACAGTG,2
CGGAGACAGCAGCATACA,OXT_05,GGCGGACAGACTCTAATG,10
AGGACCGCGCCACCTCCT,OXT_24,GGGATTCGGTCATGTCCT,8
GAGGGACAGCAGATCGAG,OXT_22,ACGGGACCGCAGATCGAG,3
GGGAACGCACCAACAGTG,OXT_14,TTGAGCGTAACGACAGTG,6
CGGATCCGGCGATCTCCT,OXT_24,GGGATTCGGTCATGTCCT,5
AGGAAAGAACAGACAACG,OXT_23,AAGTAGGGACAGAATACG,6
CGGATTTGGTAACCTCCT,OXT_24,GGGATTCGGTCATGTCCT,5
AGGAGACAGCAGACCACG,OXT_22,ACGGGACCGCAGATCGAG,6
TGGACCGCACCAGCCGTT,OXT_25,TGCATCGCAACAGCAGTT,4
AGGAAACACCAGAACACG,OXT_23,AAGTAGGGACAGAATACG,7
CGGGGACAGCAGTGTGCA,OXT_22,ACGGGACCGCAGATCGAG,8
GTAGGCGCAACGATAGTG,OXT_14,TTGAGCGTAACGACAGTG,5
AGGAAACGGCAGCATACG,OXT_23,AAGTAGGGACAGAATACG,6
AGGAACGACCAGACCACG,OXT_23,AAGTAGGGACAGAATACG,7
AGGAACGCACCAACCACG,OXT_23,AAGTAGGGACAGAATACG,8
CGGGCACGGCAGTGTCCC,OXT_24,GGGATTCGGTCATGTCCT,8
AGGAACCACCAAACCACG,OXT_17,AGGAACTACGATCGTGAA,9
GCGGGACAGCAGCTCGAG,OXT_22,ACGGGACCGCAGATCGAG,3
AGGGGAGAGCAGACAACG,OXT_22,ACGGGACCGCAGATCGAG,7
GGAGGCGCAACGATAGTG,OXT_14,TTGAGCGTAACGACAGTG,6
TGGATCGCGCCAGCTCTT,OXT_25,TGCATCGCAACAGCAGTT,5
TGCACCGCGCCAGCTGTT,OXT_25,TGCATCGCAACAGCAGTT,4
AGGAACGCACAAACCACG,OXT_23,AAGTAGGGACAGAATACG,7
CGGATCCGGTGATCTCCT,OXT_24,GGGATTCGGTCATGTCCT,4
GTAGGGCCGCCGATAGAG,OXT_22,ACGGGACCGCAGATCGAG,6
GGGGGAGAGCAGACAGAG,OXT_22,ACGGGACCGCAGATCGAG,6
GAGGGACAGCAGACCAAG,OXT_22,ACGGGACCGCAGATCGAG,5
CCGGGACGGCAGTGTGCA,OXT_22,ACGGGACCGCAGATCGAG,7
TGGAACGCACCAACCGTT,OXT_25,TGCATCGCAACAGCAGTT,5
CGGACCGCGCCAACTCTT,OXT_04,TAGACAGGGCTGACTGTG,8
CGGACCGCACCAACCCTT,OXT_25,TGCATCGCAACAGCAGTT,7
TGAAGCGCAACGGCAGTG,OXT_14,TTGAGCGTAACGACAGTG,4
CGGGGACAGCAGCGTGCG,OXT_22,ACGGGACCGCAGATCGAG,7
TGGACCGCGCCAGCTCTT,OXT_25,TGCATCGCAACAGCAGTT,6
TGCATCGCGTCAGCTGTT,OXT_25,TGCATCGCAACAGCAGTT,3
GGGGGCGCGCCGACAGAG,OXT_14,TTGAGCGTAACGACAGTG,7
AGGAAACACCAGCCCACG,OXT_15,AGGGTATAACGTCCTTTG,9
GGGAACGCAACGACAGTG,OXT_14,TTGAGCGTAACGACAGTG,4
GGGAACGCACCAACAGCG,OXT_14,TTGAGCGTAACGACAGTG,7
AGGATCGGGTCACCTCTT,OXT_24,GGGATTCGGTCATGTCCT,6
GGGGGAGAGCCGATAGAG,OXT_22,ACGGGACCGCAGATCGAG,6
AGGACCGCACCAACCCTT,OXT_25,TGCATCGCAACAGCAGTT,7
AGGAACGCACCAACCCCT,OXT_25,TGCATCGCAACAGCAGTT,8
GAGGGACAGCAGACAAAG,OXT_22,ACGGGACCGCAGATCGAG,6
GGAAGCGCACCGACAGCG,OXT_14,TTGAGCGTAACGACAGTG,6
CGGACCGCGCCAACCCTT,OXT_25,TGCATCGCAACAGCAGTT,8
AGGAAAGAGCAGACAGCG,OXT_04,TAGACAGGGCTGACTGTG,7
GGGAACGCAACAACCGTG,OXT_14,TTGAGCGTAACGACAGTG,6
AGGAAACACCAAACCACG,OXT_11,GGGTAAGGGCACAACAGT,9
GGGAGCGAGCCGACAGCG,OXT_14,TTGAGCGTAACGACAGTG,6
CGGGGACAGCAGTGTGCG,OXT_22,ACGGGACCGCAGATCGAG,7
AGGGGACAGCAGACAGAG,OXT_22,ACGGGACCGCAGATCGAG,4
GCGGGAGAGCAGATAGAG,OXT_22,ACGGGACCGCAGATCGAG,4
GTAGGCGTGACGATAGGG,OXT_14,TTGAGCGTAACGACAGTG,6
GTAGGCGTGCCGATAGAG,OXT_14,TTGAGCGTAACGACAGTG,7
TGCAACGCAACGACAGTG,OXT_14,TTGAGCGTAACGACAGTG,4
AGGACCGCACCAACCGTT,OXT_25,TGCATCGCAACAGCAGTT,6
TGGACCGCACCAACCGTT,OXT_25,TGCATCGCAACAGCAGTT,5
AGGAGACGGCAGCATACA,OXT_23,AAGTAGGGACAGAATACG,8
CGGACACGGCAGCGTACA,OXT_04,TAGACAGGGCTGACTGTG,9
CCGGGACGGCAGTTTGCG,OXT_22,ACGGGACCGCAGATCGAG,5
TTAAACGCAACAGCAGTG,OXT_25,TGCATCGCAACAGCAGTT,4
AGGACCGCGCCACCTCTC,OXT_04,TAGACAGGGCTGACTGTG,9
TGGACCGCGCCAGCTGTT,OXT_25,TGCATCGCAACAGCAGTT,5
GTAGGCGCAACGATAGGG,OXT_14,TTGAGCGTAACGACAGTG,6
CGGACCGCGCCACCTCTT,OXT_25,TGCATCGCAACAGCAGTT,8
AGGACCGGGCAAACCCCT,OXT_11,GGGTAAGGGCACAACAGT,8
AAGGGACAGCAGACCAAG,OXT_22,ACGGGACCGCAGATCGAG,4
CGCACCGCACCAGCCGTT,OXT_25,TGCATCGCAACAGCAGTT,4
CGGACCGGGCCACCTCTT,OXT_04,TAGACAGGGCTGACTGTG,8
CGGATCTGGTGACCTCCT,OXT_24,GGGATTCGGTCATGTCCT,6
CGGATACGGCAATCTCCT,OXT_24,GGGATTCGGTCATGTCCT,5
TTAGGCGCAACGATAGGG,OXT_14,TTGAGCGTAACGACAGTG,5
AGGAACCGGCAAACTCCG,OXT_16,ATAAACAGTCTAGCTGTG,8
AGGACCGCGCCACCTCCC,OXT_19,CCCCCCCCCCCCCCCCCC,8
CGGACCGCGCCAGCTCTC,OXT_25,TGCATCGCAACAGCAGTT,8
CGGATTCGGTAATCTCCT,OXT_24,GGGATTCGGTCATGTCCT,3
GAGGGACAGCAGAGCGAG,OXT_22,ACGGGACCGCAGATCGAG,4
AGGAAACACCAGCATACG,OXT_23,AAGTAGGGACAGAATACG,7
GCGGGGCAGCAGATAGAG,OXT_22,ACGGGACCGCAGATCGAG,4
AGGAACGCACCGACCACG,OXT_23,AAGTAGGGACAGAATACG,7
AGGAACCAGCAAACCACG,OXT_11,GGGTAAGGGCACAACAGT,9
AGGAAACACCAGCACACG,OXT_23,AAGTAGGGACAGAATACG,8
GAGGGACAGCAGTTGGAG,OXT_22,ACGGGACCGCAGATCGAG,5
AGGAACCGGCAACCTCCG,OXT_16,ATAAACAGTCTAGCTGTG,8
AGGAACGAGCAAACCACG,OXT_11,GGGTAAGGGCACAACAGT,8
AGGACACGGCAACCTCCT,OXT_24,GGGATTCGGTCATGTCCT,7
AGGAAAGAACAGACAGCG,OXT_23,AAGTAGGGACAGAATACG,7
GGAGGCGCAACGATAGGG,OXT_14,TTGAGCGTAACGACAGTG,7
GAGGGACAGCAGAGAAAG,OXT_22,ACGGGACCGCAGATCGAG,6
CCGGGACAGCAGCGTGCG,OXT_22,ACGGGACCGCAGATCGAG,6
AGGAAACAGCAAACTCCG,OXT_04,TAGACAGGGCTGACTGTG,9
AGGAGACAGCAGACAACG,OXT_22,ACGGGACCGCAGATCGAG,7
CGGAGACGGCAGTGTACA,OXT_24,GGGATTCGGTCATGTCCT,8
CGGACCGCGCCAACTCCT,OXT_24,GGGATTCGGTCATGTCCT,8
CCGGGACGGCAGTGTGCG,OXT_22,ACGGGACCGCAGATCGAG,6
GAGGGACAGCAGCTTGAG,OXT_22,ACGGGACCGCAGATCGAG,5
GGGGGACAGCAGACAAAG,OXT_22,ACGGGACCGCAGATCGAG,6
CGGAACGCACCAACCGTG,OXT_14,TTGAGCGTAACGACAGTG,7
GCGGGACAGCAGACAGAG,OXT_22,ACGGGACCGCAGATCGAG,4
TGAAGCGCAACAGCAGTG,OXT_25,TGCATCGCAACAGCAGTT,3
GGGAACGCAACAACAGCG,OXT_14,TTGAGCGTAACGACAGTG,6
AGGGGACAGCAGCATACG,OXT_22,ACGGGACCGCAGATCGAG,7
CGCACCGCGCCAGCCGTT,OXT_25,TGCATCGCAACAGCAGTT,5
AGGAAACAGCAACCTCCG,OXT_15,AGGGTATAACGTCCTTTG,8
CGGACACGGCAGCGTCCC,OXT_24,GGGATTCGGTCATGTCCT,8
GAGGGACGGCAGTTTGCG,OXT_22,ACGGGACCGCAGATCGAG,6
GGCAACGCAACGACAGCG,OXT_14,TTGAGCGTAACGACAGTG,6
GTAGGCGTGACGGTAGAG,OXT_14,TTGAGCGTAACGACAGTG,7
AGGAAACAGCAAACTACG,OXT_23,AAGTAGGGACAGAATACG,8
GGGGGCGCGCCGACAGCG,OXT_14,TTGAGCGTAACGACAGTG,7
GGAGGCGAGCCGATAGAG,OXT_05,GGCGGACAGACTCTAATG,8
CGGATCGCGCCAGCTCTT,OXT_25,TGCATCGCAACAGCAGTT,6
AGGATCGGGTAACCTCCT,OXT_24,GGGATTCGGTCATGTCCT,6
CGGATTTGGTGATCTCCT,OXT_24,GGGATTCGGTCATGTCCT,4
AGGAACCAGCAAACCCCG,OXT_22,ACGGGACCGCAGATCGAG,9
AGGAAACACCAGACTACG,OXT_23,AAGTAGGGACAGAATACG,7
AGGGGACAGCAGCGTACG,OXT_22,ACGGGACCGCAGATCGAG,7
TGCATCGCGCCAGCTGTT,OXT_25,TGCATCGCAACAGCAGTT,3
AGGAAACACCAAACTACG,OXT_23,AAGTAGGGACAGAATACG,8
AGGAACGAACCGACAACG,OXT_14,TTGAGCGTAACGACAGTG,7
AGGACCGGGTCACCTCCT,OXT_24,GGGATTCGGTCATGTCCT,6
CGGACACGGCGATCTCCT,OXT_24,GGGATTCGGTCATGTCCT,6
AGGGGACAGCAGCACAAG,OXT_22,ACGGGACCGCAGATCGAG,5
GCGGGACAGCAGTGTGCG,OXT_22,ACGGGACCGCAGATCGAG,6
GGCAGCGCAACGACAGCG,OXT_14,TTGAGCGTAACGACAGTG,5
CGGGGACAGCAGCGTACA,OXT_05,GGCGGACAGACTCTAATG,9
TTAAACGTAACAGCAGTG,OXT_14,TTGAGCGTAACGACAGTG,4
CGGAAACGGCAGCATACA,OXT_11,GGGTAAGGGCACAACAGT,8
AGGAAAGAGCCGACAGCG,OXT_04,TAGACAGGGCTGACTGTG,7
GGAGGCGCGCCGACAGCG,OXT_14,TTGAGCGTAACGACAGTG,8
AGGAACGAGCAAACTCCG,OXT_23,AAGTAGGGACAGAATACG,8
AGGGGACAGCAGAACAAG,OXT_22,ACGGGACCGCAGATCGAG,4
AGGAAACAGCAGCCTCCG,OXT_15,AGGGTATAACGTCCTTTG,8
GGAGGCGAGCCGACAGAG,OXT_14,TTGAGCGTAACGACAGTG,8
TGGAACGCAACAACAGTG,OXT_14,TTGAGCGTAACGACAGTG,4
AGGACCGCGCAAACTCCT,OXT_04,TAGACAGGGCTGACTGTG,9
CGGGGACGGCAGCGTAAA,OXT_22,ACGGGACCGCAGATCGAG,8
GCGGGACAGCAGTTTGAG,OXT_22,ACGGGACCGCAGATCGAG,4
AGGATCGGGCAACCTCCT,OXT_24,GGGATTCGGTCATGTCCT,7
GCGGGACAGCAGCTTGAG,OXT_22,ACGGGACCGCAGATCGAG,4
CGGACACGGCAGTGTACA,OXT_24,GGGATTCGGTCATGTCCT,8
AGGAAACGGCAACCTCCA,OXT_24,GGGATTCGGTCATGTCCT,8
AGGAACGGGCAAACTCCG,OXT_23,AAGTAGGGACAGAATACG,7
CGGACACGGCAGCATCCC,OXT_04,TAGACAGGGCTGACTGTG,9
AGGACCGGGTCACCTCTT,OXT_24,GGGATTCGGTCATGTCCT,7
CGGACCGGGTCAGCTCTT,OXT_24,GGGATTCGGTCATGTCCT,7
TTAGGCGTGGCGGTAGGG,OXT_14,TTGAGCGTAACGACAGTG,7
TGCATCGCGTCAGCTCTT,OXT_25,TGCATCGCAACAGCAGTT,4
TGCACCGCGCCAGCTCTT,OXT_25,TGCATCGCAACAGCAGTT,5
GTAGGGGTGGCGATAGAG,OXT_14,TTGAGCGTAACGACAGTG,8
CGGGGACGGCAGTGTGCG,OXT_22,ACGGGACCGCAGATCGAG,7
TGCATCGCGCCAGCCGTT,OXT_25,TGCATCGCAACAGCAGTT,3
GGAGGCGCAACGATAGAG,OXT_14,TTGAGCGTAACGACAGTG,7
GCGGGACGGCAGTTTGCG,OXT_22,ACGGGACCGCAGATCGAG,5
TGAAGCGTAACGACAGTG,OXT_14,TTGAGCGTAACGACAGTG,2
TTAAGCGCAACAGCAGTG,OXT_14,TTGAGCGTAACGACAGTG,4
AGGACCGAGCAAACTCCT,OXT_20,AGGGCCTAGGGATGACGT,8
AGGAACGCACCAACCCTT,OXT_25,TGCATCGCAACAGCAGTT,7
TTCAACGCAACAGCAGTG,OXT_25,TGCATCGCAACAGCAGTT,3
AGGAGAGAGCAGACAGCG,OXT_04,TAGACAGGGCTGACTGTG,7
GTAGGCGTGGCGATAGAG,OXT_14,TTGAGCGTAACGACAGTG,7
AGGACCGCGCCACCTCTT,OXT_25,TGCATCGCAACAGCAGTT,8
CGGATACGGCGATCTCCT,OXT_24,GGGATTCGGTCATGTCCT,5
AGGAACGACCAAACCCCG,OXT_17,AGGAACTACGATCGTGAA,9
AGGACCCGGCAAACTCCT,OXT_24,GGGATTCGGTCATGTCCT,7
GCGGGACAGCAGACAAAG,OXT_22,ACGGGACCGCAGATCGAG,5
AGGGGAGAGCAGACAAAG,OXT_22,ACGGGACCGCAGATCGAG,6
TGCATCGCGCCAGCTCTT,OXT_25,TGCATCGCAACAGCAGTT,4
AGGACCGCGCCAACTCTT,OXT_04,TAGACAGGGCTGACTGTG,8
GTAGGGACGCCGATAGAG,OXT_22,ACGGGACCGCAGATCGAG,7
AGGAGAGAGCAGACAACG,OXT_04,TAGACAGGGCTGACTGTG,8
GAGGGACAGCAGTTCGAG,OXT_22,ACGGGACCGCAGATCGAG,4
CGGACACGGCGGTCTCCC,OXT_04,TAGACAGGGCTGACTGTG,8
AGGAAACGGCAAACTCCG,OXT_04,TAGACAGGGCTGACTGTG,8
GCGGGGCAGCAGCTAGAG,OXT_22,ACGGGACCGCAGATCGAG,5
CGGGGACAGCAGCGTAAG,OXT_22,ACGGGACCGCAGATCGAG,7
GCGGGACAGCAGCTAGAG,OXT_22,ACGGGACCGCAGATCGAG,4
CGGACACGGCAGCCTACA,OXT_04,TAGACAGGGCTGACTGTG,8
GTAGGGGTGGCGGTAGAG,OXT_14,TTGAGCGTAACGACAGTG,9
TGCACCGCACCAACCGTT,OXT_25,TGCATCGCAACAGCAGTT,4
AGGAGACAGCAGCGTACG,OXT_22,ACGGGACCGCAGATCGAG,8
TTAAGCGCAACGACAGTG,OXT_14,TTGAGCGTAACGACAGTG,2
TTAAGCGCAACGGCAGTG,OXT_14,TTGAGCGTAACGACAGTG,3
GCGGGACGGCAGTGTGCG,OXT_22,ACGGGACCGCAGATCGAG,6
AGGAAACGGCAACCTCCC,OXT_24,GGGATTCGGTCATGTCCT,8
GGGGGAGAGCAGATAGAG,OXT_22,ACGGGACCGCAGATCGAG,5
AGGAGACGGCAGCATACG,OXT_23,AAGTAGGGACAGAATACG,7
CGGAGACAGCAGCGTACA,OXT_17,AGGAACTACGATCGTGAA,9
AGGGGACAGCAGCGTAAA,OXT_22,ACGGGACCGCAGATCGAG,7
GAGGGACAGCAGATGAAG,OXT_22,ACGGGACCGCAGATCGAG,5
AGGACACGGCAGCCTACA,OXT_01,AGGCTGCGTAAGTCTGCT,8
AGGACCGCGCCAACCCTT,OXT_25,TGCATCGCAACAGCAGTT,8
GTAGGCGTGACGGTAGGG,OXT_14,TTGAGCGTAACGACAGTG,7
CGGACCGCACCAGCCCTT,OXT_25,TGCATCGCAACAGCAGTT,6
AGGAACGAGCAAACCCCT,OXT_11,GGGTAAGGGCACAACAGT,8
AGGACCGCACAAACCCCT,OXT_25,TGCATCGCAACAGCAGTT,9
TGCAACGCACCAACCGTT,OXT_25,TGCATCGCAACAGCAGTT,4
AGGAGACAGCAGCGTACA,OXT_17,AGGAACTACGATCGTGAA,8
GTGGGGCAGCAGATAGAG,OXT_22,ACGGGACCGCAGATCGAG,5
GGGAGAGAGCCGACAGCG,OXT_04,TAGACAGGGCTGACTGTG,7
AGGGGACAGCAGCGTACA,OXT_22,ACGGGACCGCAGATCGAG,8
GGCAGCGCAACGACAGTG,OXT_14,TTGAGCGTAACGACAGTG,4
AGGAAACAGCAGACAACG,OXT_22,ACGGGACCGCAGATCGAG,8
CGGCCACGGCGGTCTCCC,OXT_01,AGGCTGCGTAAGTCTGCT,8
GCGGGACAGCAGTTTGCG,OXT_22,ACGGGACCGCAGATCGAG,5
CGGACCGCGTCACCTCTT,OXT_24,GGGATTCGGTCATGTCCT,8
AGGACACGGCAACCTCCG,OXT_04,TAGACAGGGCTGACTGTG,8
CGGACCCGGCAACCTCCT,OXT_24,GGGATTCGGTCATGTCCT,7
GTAGGCGTGGCGGTAGAG,OXT_14,TTGAGCGTAACGACAGTG,8
GTAGGCGTGGCGGTAGGG,OXT_14,TTGAGCGTAACGACAGTG,8
AAGGGACAGCAGACAAAG,OXT_22,ACGGGACCGCAGATCGAG,5
AGGAACGAACAAACCCCT,OXT_11,GGGTAAGGGCACAACAGT,9
GCGGGAGAGCAGACAGAG,OXT_22,ACGGGACCGCAGATCGAG,5
GCGGGACAGCAGCGTGCG,OXT_22,ACGGGACCGCAGATCGAG,6
AGGAACGAACAGACAGCG,OXT_14,TTGAGCGTAACGACAGTG,7
GGAGGCGCGACGACAGAG,OXT_14,TTGAGCGTAACGACAGTG,7
AGGATTTGGTAACCTCCT,OXT_24,GGGATTCGGTCATGTCCT,5
CGGGCACGGCGGTGTCCC,OXT_24,GGGATTCGGTCATGTCCT,8
GGGGGAGAGCAGACAGCG,OXT_22,ACGGGACCGCAGATCGAG,7
AGGAACCACCAGACCACG,OXT_23,AAGTAGGGACAGAATACG,8
TGAAGCGCAACAACAGTG,OXT_14,TTGAGCGTAACGACAGTG,4
TTAGGGGTGGCGGTAGGG,OXT_14,TTGAGCGTAACGACAGTG,8
CGGGCACGGCAGTGTTCA,OXT_01,AGGCTGCGTAAGTCTGCT,9
CGGACACGGCGATCTCCC,OXT_24,GGGATTCGGTCATGTCCT,7
TTAAGCGTAGCAGTAGTG,OXT_14,TTGAGCGTAACGACAGTG,5
CGGATACGGCAACCTCCC,OXT_24,GGGATTCGGTCATGTCCT,7
TGCAACGCAGCAGCAGTG,OXT_25,TGCATCGCAACAGCAGTT,3
AGGACACGGCAACCTCCA,OXT_24,GGGATTCGGTCATGTCCT,8
CGGATCTGGTCACCTCTT,OXT_24,GGGATTCGGTCATGTCCT,6
CGGACCGCGCCAACCCCT,OXT_19,CCCCCCCCCCCCCCCCCC,8
TTAAGCGTAGCAGCAGTG,OXT_14,TTGAGCGTAACGACAGTG,4
TGGATCGGGTCAGCTCTT,OXT_24,GGGATTCGGTCATGTCCT,6
GAGGGGCAGCAGTTGGAG,OXT_22,ACGGGACCGCAGATCGAG,6
GAGGGACAGCAGTTTGCG,OXT_22,ACGGGACCGCAGATCGAG,6
CCGGGACAGCAGCGTGAG,OXT_22,ACGGGACCGCAGATCGAG,5
TGCAACGCAGCAGCAGTT,OXT_25,TGCATCGCAACAGCAGTT,2
TGGAACGCAACAACCGTT,OXT_25,TGCATCGCAACAGCAGTT,4
CGGCCACGGCGGTGTCCC,OXT_24,GGGATTCGGTCATGTCCT,8
AGGATCGGGCCACCTCCT,OXT_24,GGGATTCGGTCATGTCCT,6
GGGGGCCCCCCCCTTGGG,OXT_05,GGCGGACAGACTCTAATG,9
GGGGGGGAAAAAAATTGG,OXT_23,AAGTAGGGACAGAATACG,9
GGGGGGGCCCCCAATTGG,OXT_11,GGGTAAGGGCACAACAGT,9
GGGGGGGAAAAAAAATTG,OXT_05,GGCGGACAGACTCTAATG,9
GGGGGGCCCCCCCTTTGG,OXT_05,GGCGGACAGACTCTAATG,9
GGGGGGGAAAAAAATTTG,OXT_15,AGGGTATAACGTCCTTTG,9
GGGGGGGACCCCAATTGG,OXT_11,GGGTAAGGGCACAACAGT,9
GGGGGGGACCCCCATTTG,OXT_15,AGGGTATAACGTCCTTTG,8
GGGGGGGACCCCCATTGG,OXT_15,AGGGTATAACGTCCTTTG,9
GGGGGCCCCCCCCCCGGG,OXT_19,CCCCCCCCCCCCCCCCCC,8
GGGGGGGGAAAAAAATTG,OXT_14,TTGAGCGTAACGACAGTG,9
GGGGGGGAAACCAATTTG,OXT_05,GGCGGACAGACTCTAATG,9
GGGCCCCCCCCCCCCCCC,OXT_19,CCCCCCCCCCCCCCCCCC,3
GGGGGGGAACCCAATTTG,OXT_15,AGGGTATAACGTCCTTTG,8
GGGGGGGAACCAAATTGG,OXT_15,AGGGTATAACGTCCTTTG,9
GGGGGGGAACCCCATTTG,OXT_15,AGGGTATAACGTCCTTTG,7
GGGGGCCCCCCCCTTTGG,OXT_05,GGCGGACAGACTCTAATG,9
GGGGGCCCCCCCCCCCGG,OXT_19,CCCCCCCCCCCCCCCCCC,7
GGGGCCCCCCCCCCCGGG,OXT_19,CCCCCCCCCCCCCCCCCC,7
GGGGGGGCCCCCCATTGG,OXT_02,AGGGGAGCGTGCGGAGGC,10
GGGGGGCCCCCCCCTTGG,OXT_15,AGGGTATAACGTCCTTTG,9
GGGGGGGACCCAAATTGG,OXT_03,GACTTGGGCTCATGCTGT,10
GGGGGCCCCCCCCCCCCC,OXT_19,CCCCCCCCCCCCCCCCCC,5
GGGGGGGCCCCCCCTTGG,OXT_15,AGGGTATAACGTCCTTTG,9
GGGGCCCCCCCCCCCCCC,OXT_19,CCCCCCCCCCCCCCCCCC,4
GGGGCCCCCCCCCCTGGG,OXT_19,CCCCCCCCCCCCCCCCCC,8
GGGGGCCCCCCCCCTGGG,OXT_19,CCCCCCCCCCCCCCCCCC,9
GGGGGGCCCCCCCATTGG,OXT_05,GGCGGACAGACTCTAATG,10
GGGGCCCCCCCCCCCCGG,OXT_19,CCCCCCCCCCCCCCCCCC,6
GGGGCCCCCCCCCCGGGG,OXT_29,CCCCCCCCCCCCCCGCCC,7
GGGGCCCCCCCCCCCCGC,OXT_19,CCCCCCCCCCCCCCCCCC,5
GGGGGGGAAAAAAAATGG,OXT_05,GGCGGACAGACTCTAATG,10
GGGGCCCCCCCCCTTGGG,OXT_19,CCCCCCCCCCCCCCCCCC,9
GGGGCCCCCCCCTTTGGG,OXT_19,CCCCCCCCCCCCCCCCCC,10
GGGGGGGAAACAAATTGG,OXT_05,GGCGGACAGACTCTAATG,10
GGGGGGCCCCCCATTTGG,OXT_22,ACGGGACCGCAGATCGAG,9
GGGGGGCCCCCCCCCTGG,OXT_19,CCCCCCCCCCCCCCCCCC,9
GGGGGCCCCCCCCCTTGG,OXT_15,AGGGTATAACGTCCTTTG,9
GGGGGGCCCCCCATTGGG,OXT_22,ACGGGACCGCAGATCGAG,8
GGGGCCCCCCCCCCCGGC,OXT_19,CCCCCCCCCCCCCCCCCC,6
GGGGGGGAACCCAATTGG,OXT_11,GGGTAAGGGCACAACAGT,9
GGGGGGGAACAAAATTGG,OXT_23,AAGTAGGGACAGAATACG,8
GGGGGCCCCCCCCCCCGC,OXT_19,CCCCCCCCCCCCCCCCCC,6
GGGGGCCCCCCCCCCTGG,OXT_19,CCCCCCCCCCCCCCCCCC,8
GGGGGGGAAACCAATTGG,OXT_05,GGCGGACAGACTCTAATG,10
GGGGGGGAAAACAATTTG,OXT_15,AGGGTATAACGTCCTTTG,9
GGGGGGGAAACAAATTTG,OXT_05,GGCGGACAGACTCTAATG,9
GGGGGGGAACCCCATTGG,OXT_15,AGGGTATAACGTCCTTTG,8
GGGGGGGCCCCAAATTGG,OXT_03,GACTTGGGCTCATGCTGT,10
GGGCCCCCCCCCCCGGGG,OXT_29,CCCCCCCCCCCCCCGCCC,6
GGGCCCCCCCCCCCCGGC,OXT_19,CCCCCCCCCCCCCCCCCC,5
GGGCCCCCCCCCCCCGGG,OXT_19,CCCCCCCCCCCCCCCCCC,6
GGGGGGGACCAAAATTGG,OXT_11,GGGTAAGGGCACAACAGT,9
GGGGGGCCCCCCCTTGGG,OXT_05,GGCGGACAGACTCTAATG,9
GGGGGCCCCCCCATTGGG,OXT_22,ACGGGACCGCAGATCGAG,8
GGGGCCCCCCCCCTGGGG,OXT_29,CCCCCCCCCCCCCCGCCC,8
GGGGGGGCCCCCATTTGG,OXT_02,AGGGGAGCGTGCGGAGGC,10
GGGGGGCCCCCAATTTGG,OXT_22,ACGGGACCGCAGATCGAG,9
GGGGGGCCCCCCCCCGGG,OXT_19,CCCCCCCCCCCCCCCCCC,9
GGGGGCCCCCCCTTTGGG,OXT_22,ACGGGACCGCAGATCGAG,9
GGGGGGCCCCCCAATTGG,OXT_11,GGGTAAGGGCACAACAGT,10
GGGCCCCCCCCCCTGGGG,OXT_29,CCCCCCCCCCCCCCGCCC,7
GGGCCCCCCCCCCCCGCC,OXT_19,CCCCCCCCCCCCCCCCCC,4
GGCCCCCCCCCCCCCCCC,OXT_19,CCCCCCCCCCCCCCCCCC,2
GGGGGGGCCCCAATTTGG,OXT_03,GACTTGGGCTCATGCTGT,10
GGGGGGGCCCAAAATTGG,OXT_11,GGGTAAGGGCACAACAGT,9
GGGGGGGCCCCCCCTTTG,OXT_15,AGGGTATAACGTCCTTTG,8
GGGGGGCCCCCAATTGGG,OXT_22,ACGGGACCGCAGATCGAG,8
GGGCCCCCCCCCCTTGGG,OXT_19,CCCCCCCCCCCCCCCCCC,8
AGGATCTAACGTCCTGTG,OXT_15,AGGGTATAACGTCCTTTG,3
GGGGTATAACGTCCTTTG,OXT_15,AGGGTATAACGTCCTTTG,1
GGGTAAGGACGCACCAGG,OXT_11,GGGTAAGGGCACAACAGT,4
GGGGTATGGCGTCCTTTT,OXT_15,AGGGTATAACGTCCTTTG,4
GGCGGACAGACCCCACCG,OXT_05,GGCGGACAGACTCTAATG,4
GGGGGACAGACTCTAATG,OXT_05,GGCGGACAGACTCTAATG,1
GGGTAAGGACACACCAGG,OXT_11,GGGTAAGGGCACAACAGT,3
GGCCCCCACCCCCCGCCG,OXT_29,CCCCCCCCCCCCCCGCCC,4
GCCATTCGCCCATCGCCT,OXT_24,GGGATTCGGTCATGTCCT,6
GGGGTACAGACCCCAACG,OXT_05,GGCGGACAGACTCTAATG,5
GGGTGAGGGCACAACAGT,OXT_11,GGGTAAGGGCACAACAGT,1
GGGGTACGGCCTCATAGT,OXT_11,GGGTAAGGGCACAACAGT,7
AGGATCTAAGGTCGTGTG,OXT_15,AGGGTATAACGTCCTTTG,5
GGGGTACGGCCTCCTAGT,OXT_05,GGCGGACAGACTCTAATG,8
GGGGTATGACGTCCTTTT,OXT_15,AGGGTATAACGTCCTTTG,3
GGGGTACGGCCTCCTCGT,OXT_24,GGGATTCGGTCATGTCCT,7
AGGATATAACGTCCTTTG,OXT_15,AGGGTATAACGTCCTTTG,1
AGGGTCTAACGTCGTTTG,OXT_15,AGGGTATAACGTCCTTTG,2
GGGGTACAGACCCCACCG,OXT_05,GGCGGACAGACTCTAATG,6
AGGAGCGTACCGACATTG,OXT_14,TTGAGCGTAACGACAGTG,4
GGGGTACGGACCCCAACT,OXT_05,GGCGGACAGACTCTAATG,7
GGGATACGGCCCCCACCG,OXT_24,GGGATTCGGTCATGTCCT,7
GGGGTATGGCGTCCTTTG,OXT_15,AGGGTATAACGTCCTTTG,3
GGGGTACGGCGTCCTAGT,OXT_15,AGGGTATAACGTCCTTTG,7
GGGGTATAGCGTCCTTTG,OXT_15,AGGGTATAACGTCCTTTG,2
GGGGTATGGCGTCCTTGT,OXT_15,AGGGTATAACGTCCTTTG,5
GGGGAACAGACTCAAAGT,OXT_05,GGCGGACAGACTCTAATG,5
GCCGGACAGACTCTAATG,OXT_05,GGCGGACAGACTCTAATG,1
GGGGTACGGCGTCCTCGT,OXT_15,AGGGTATAACGTCCTTTG,7
GGGTAAGGACACAACAGG,OXT_11,GGGTAAGGGCACAACAGT,2
AGGAAAGGACGTACTTTG,OXT_15,AGGGTATAACGTCCTTTG,5
AGGAACTAAAATCCAGTG,OXT_17,AGGAACTACGATCGTGAA,6
AAGTAAGGACAGAATACG,OXT_23,AAGTAGGGACAGAATACG,1
GCCGGACCGAATCTAAAG,OXT_05,GGCGGACAGACTCTAATG,4
GGGATTCGGCCATGTCCT,OXT_24,GGGATTCGGTCATGTCCT,1
GGCATTCGGTCATGTCCT,OXT_24,GGGATTCGGTCATGTCCT,1
GGGGTACGGACTCATAGT,OXT_05,GGCGGACAGACTCTAATG,7
GGGATTCGGTCATGTCTT,OXT_24,GGGATTCGGTCATGTCCT,1
AAGTAAGGACAGAATATG,OXT_23,AAGTAGGGACAGAATACG,2
GGGGGACAGAACATCAGG,OXT_05,GGCGGACAGACTCTAATG,6
AGGAGAGAACGTACATTG,OXT_15,AGGGTATAACGTCCTTTG,5
AGGGTAGAACGTACTTTG,OXT_15,AGGGTATAACGTCCTTTG,2
GGGTAAGGGCGCAACAGT,OXT_11,GGGTAAGGGCACAACAGT,1
GGGGTACGGCGTCATAGT,OXT_11,GGGTAAGGGCACAACAGT,7
AGCATCGGAACAGGTTTT,OXT_25,TGCATCGCAACAGCAGTT,5
GGGTAAGGGCAGAACAGT,OXT_11,GGGTAAGGGCACAACAGT,1
AGCATCGAAACACCTGTT,OXT_25,TGCATCGCAACAGCAGTT,4
GGGGTACGGCGACGTTTT,OXT_15,AGGGTATAACGTCCTTTG,7
GGGGTACGGCCATGTCCT,OXT_24,GGGATTCGGTCATGTCCT,3
GGGGTACGGACTCAAAGT,OXT_05,GGCGGACAGACTCTAATG,6
GGCATTCGGCCCCCGCCT,OXT_24,GGGATTCGGTCATGTCCT,6
AAGTAAGGGCAGAACAGT,OXT_11,GGGTAAGGGCACAACAGT,3
GGGGTATAGCGTCCTTGG,OXT_15,AGGGTATAACGTCCTTTG,3
AAGTAAGGACAGAATAGG,OXT_23,AAGTAGGGACAGAATACG,2
ACGGGACCGAAGATAGAG,OXT_22,ACGGGACCGCAGATCGAG,2
AGGATCTAAAGTCGTGTG,OXT_15,AGGGTATAACGTCCTTTG,5
AGGATCTAAAGTCGTGTA,OXT_17,AGGAACTACGATCGTGAA,5
GGGGTATGGCGTCCTAGT,OXT_15,AGGGTATAACGTCCTTTG,6
ATGAACGTAACGACAATG,OXT_14,TTGAGCGTAACGACAGTG,3
ATGAGCGTAACGACAATG,OXT_14,TTGAGCGTAACGACAGTG,2
GGGGTAGGGCGTCCCAGT,OXT_11,GGGTAAGGGCACAACAGT,6
AGGGAAGGACGTACTATG,OXT_15,AGGGTATAACGTCCTTTG,5
GGGGGACAGACTCTAAGG,OXT_05,GGCGGACAGACTCTAATG,2
ATGAACGTAAAGACAATG,OXT_14,TTGAGCGTAACGACAGTG,4
AGGAGCGTACCTACATTG,OXT_14,TTGAGCGTAACGACAGTG,5
AGGAGCGTAACTACAGTG,OXT_14,TTGAGCGTAACGACAGTG,3
GGGTAAGGGAACAACAGT,OXT_11,GGGTAAGGGCACAACAGT,1
AGGATCTAACGTCCTTTG,OXT_15,AGGGTATAACGTCCTTTG,2
AGGGTCTAACGTCCTTTG,OXT_15,AGGGTATAACGTCCTTTG,1
GGCGGACAGACCCTACCG,OXT_05,GGCGGACAGACTCTAATG,3
GGCGGACAGCCCCCACCG,OXT_05,GGCGGACAGACTCTAATG,5
AGGTAAGGACACACCATG,OXT_11,GGGTAAGGGCACAACAGT,5
ACGGGACCGCAGATCAAG,OXT_22,ACGGGACCGCAGATCGAG,1
GGGGGACAGAATATAATG,OXT_05,GGCGGACAGACTCTAATG,3
AGGAACTAAGGTCGTGTG,OXT_17,AGGAACTACGATCGTGAA,4
AGGAACTACGATCGAGAA,OXT_17,AGGAACTACGATCGTGAA,1
AAGTAAGGGCAGAACAGG,OXT_11,GGGTAAGGGCACAACAGT,4
GGGGTATGGCGTCCCAGT,OXT_11,GGGTAAGGGCACAACAGT,7
GGCATACGGCCCCCACCG,OXT_05,GGCGGACAGACTCTAATG,8
AGCATCGGAACATGTTTT,OXT_25,TGCATCGCAACAGCAGTT,6
GGGATTCGATCATGTTTT,OXT_24,GGGATTCGGTCATGTCCT,3
ATGAGCGTACCGACATTG,OXT_14,TTGAGCGTAACGACAGTG,3
GGGGTACGGCCCCCACCG,OXT_05,GGCGGACAGACTCTAATG,8
AGGTAAGGACAGACAATG,OXT_23,AAGTAGGGACAGAATACG,5
GGGGGACAGACCCTAACG,OXT_05,GGCGGACAGACTCTAATG,3
AGCATCGCAACAGCAGTT,OXT_25,TGCATCGCAACAGCAGTT,1
GGGTAAGGGCGTCACAGT,OXT_11,GGGTAAGGGCACAACAGT,3
GGGGGACCGCACATCAGG,OXT_22,ACGGGACCGCAGATCGAG,5
AAGTAAGGACAGACAATG,OXT_23,AAGTAGGGACAGAATACG,4
ATGAGCGTAACTACAGTG,OXT_14,TTGAGCGTAACGACAGTG,2
GGGTGACAGAACAACAGT,OXT_11,GGGTAAGGGCACAACAGT,4
GGGGGACCGAATCTAAAG,OXT_05,GGCGGACAGACTCTAATG,4
GGGATTCGGCCATGTCTT,OXT_24,GGGATTCGGTCATGTCCT,2
AGGAAAGTACGTACATTG,OXT_15,AGGGTATAACGTCCTTTG,6
AGGATCTAAAGTCGTGTT,OXT_15,AGGGTATAACGTCCTTTG,6
AGGTAAGGACACAATATG,OXT_23,AAGTAGGGACAGAATACG,4
AGGAACTAAAGTCCAGTG,OXT_15,AGGGTATAACGTCCTTTG,6
GGGATTCGGCCCCCTCCT,OXT_24,GGGATTCGGTCATGTCCT,4
GGGGTACGGCCTTGTCCT,OXT_24,GGGATTCGGTCATGTCCT,4
TGCATCGCAACAGCACTT,OXT_25,TGCATCGCAACAGCAGTT,1
GGGTAAGGGCGCCACAGT,OXT_11,GGGTAAGGGCACAACAGT,2
AGGAAAGTACGTACAATG,OXT_15,AGGGTATAACGTCCTTTG,7
GGGGGACAGAATCTAATG,OXT_05,GGCGGACAGACTCTAATG,2
AGCATCGAAAATCGAGTA,OXT_17,AGGAACTACGATCGTGAA,7
AAGTAGGGACAGAAAATG,OXT_23,AAGTAGGGACAGAATACG,2
GGGGTAGGGCGTACCAGG,OXT_11,GGGTAAGGGCACAACAGT,6
AGGATCGAAACACGTTTT,OXT_25,TGCATCGCAACAGCAGTT,7
TGCATCGGAACAGGACTT,OXT_25,TGCATCGCAACAGCAGTT,3
AGGAACTAAAATCGAGAA,OXT_17,AGGAACTACGATCGTGAA,3
GGCATTCGCCCATCGCCT,OXT_24,GGGATTCGGTCATGTCCT,5
GGGTTAGGGCGCCACAGT,OXT_11,GGGTAAGGGCACAACAGT,3
ACGGGACCGAAGATCGAG,OXT_22,ACGGGACCGCAGATCGAG,1
AGGTGACCGCAGAACAGG,OXT_22,ACGGGACCGCAGATCGAG,5
AGGAACTACGATCGTGTA,OXT_17,AGGAACTACGATCGTGAA,1
AGCAACTACGATCGTGAA,OXT_17,AGGAACTACGATCGTGAA,1
AAGTGAGCGCAGAACAAG,OXT_22,ACGGGACCGCAGATCGAG,5
AGGAAAGGACAGACAATG,OXT_23,AAGTAGGGACAGAATACG,6
GGGGGACAGACCCCAACG,OXT_05,GGCGGACAGACTCTAATG,4
AGGTAAGGACACACTATG,OXT_23,AAGTAGGGACAGAATACG,5
GGCATTCGGCCCTCGCCT,OXT_24,GGGATTCGGTCATGTCCT,5
GGCGGACAGACTCTAACG,OXT_05,GGCGGACAGACTCTAATG,1
GGGTAAGGGCGCACCAGT,OXT_11,GGGTAAGGGCACAACAGT,2
ATGAACGTACCGACAATG,OXT_14,TTGAGCGTAACGACAGTG,4
GGGGTACGGCGACGTCCT,OXT_24,GGGATTCGGTCATGTCCT,5
AGGATCTAAGGTCGTGTA,OXT_17,AGGAACTACGATCGTGAA,4
ACGGGACCGAAGATCAAG,OXT_22,ACGGGACCGCAGATCGAG,2
AAGTAGGGACAGAAAACG,OXT_23,AAGTAGGGACAGAATACG,1
AGCATCGAAACACGTTTT,OXT_25,TGCATCGCAACAGCAGTT,6
GGGGTACGGCGTCACAGT,OXT_11,GGGTAAGGGCACAACAGT,6
AGGAAAGTACCGACAATG,OXT_14,TTGAGCGTAACGACAGTG,6
AGGGTAGGACGTACTATG,OXT_15,AGGGTATAACGTCCTTTG,4
AGGATCGGACCACGTTTT,OXT_15,AGGGTATAACGTCCTTTG,8
GGGGTACGGCCCCCTCCT,OXT_24,GGGATTCGGTCATGTCCT,6
AGGAACTAACGTCCTGTG,OXT_15,AGGGTATAACGTCCTTTG,4
GGGATACGGCCCCCTCCT,OXT_24,GGGATTCGGTCATGTCCT,5
AGGGAAGGACGCACTATG,OXT_15,AGGGTATAACGTCCTTTG,6
TTGAACGTAACGACAATG,OXT_14,TTGAGCGTAACGACAGTG,2
GGCGGACAGACCCTAACG,OXT_05,GGCGGACAGACTCTAATG,2
AGGAAAGAACGTACTTTG,OXT_15,AGGGTATAACGTCCTTTG,4
ACGGGACCGCAGAACAAG,OXT_22,ACGGGACCGCAGATCGAG,2
AAGTAAGGACAGAACAGG,OXT_23,AAGTAGGGACAGAATACG,3
GGGGTATGGCGTCCCAGG,OXT_15,AGGGTATAACGTCCTTTG,6
GGGATACGGTCCCCTCCT,OXT_24,GGGATTCGGTCATGTCCT,4
GGGATTCGGTCACGTCCT,OXT_24,GGGATTCGGTCATGTCCT,1
AGGATCGGAACACGTTTT,OXT_25,TGCATCGCAACAGCAGTT,7
AGGATCTAAAGTCGTTTT,OXT_15,AGGGTATAACGTCCTTTG,5
GGGGTACAGACCCCAAGT,OXT_05,GGCGGACAGACTCTAATG,6
GGGGTACGGCCCCCTACT,OXT_24,GGGATTCGGTCATGTCCT,7
GGGGTAGGGCGCACCAGT,OXT_11,GGGTAAGGGCACAACAGT,4
GGGGTATAGCGTCCTAGG,OXT_15,AGGGTATAACGTCCTTTG,4
ATGAGCGTAACGACAGTG,OXT_14,TTGAGCGTAACGACAGTG,1
GGGGTACGGCGTCGTCCT,OXT_24,GGGATTCGGTCATGTCCT,6
GGCATTCGATCATGTCTT,OXT_24,GGGATTCGGTCATGTCCT,3
GGGGTACGGACCCCTCCT,OXT_24,GGGATTCGGTCATGTCCT,6
GGCATTCGGCCATCTCCT,OXT_24,GGGATTCGGTCATGTCCT,3
GGGGTACGGCGATGTCTT,OXT_24,GGGATTCGGTCATGTCCT,5
AAGTAAGCGCAGAACAAG,OXT_23,AAGTAGGGACAGAATACG,5
AAGTAAGGACAGAACAGT,OXT_11,GGGTAAGGGCACAACAGT,4
GGGATACGGCCCCCACCT,OXT_24,GGGATTCGGTCATGTCCT,6
GGGGTACGGCCCCCTAGT,OXT_11,GGGTAAGGGCACAACAGT,7
GGCGGACAGACCCCAACG,OXT_05,GGCGGACAGACTCTAATG,3
AGGTAAGGGCAGAACAGT,OXT_11,GGGTAAGGGCACAACAGT,2
GGCCGACAGCCCCCACCG,OXT_05,GGCGGACAGACTCTAATG,6
GGGGTATGGCGTCACAGT,OXT_11,GGGTAAGGGCACAACAGT,6
AGGAGAGTACGTACATTG,OXT_15,AGGGTATAACGTCCTTTG,6
AGGTAAGGACAGAATATG,OXT_23,AAGTAGGGACAGAATACG,3
AGGAACTAACGTCCTTTG,OXT_15,AGGGTATAACGTCCTTTG,3
GGGGGACCGCAGATCAAG,OXT_22,ACGGGACCGCAGATCGAG,3
GGGGAACGGCCTCACAGT,OXT_11,GGGTAAGGGCACAACAGT,5
GGGGTACGGACCCCACCG,OXT_05,GGCGGACAGACTCTAATG,7
AAGAACGTACAGAAAATG,OXT_23,AAGTAGGGACAGAATACG,5
GGGATTCGGTCCCGTCCT,OXT_24,GGGATTCGGTCATGTCCT,2
GGGGTATGACGACGTTTT,OXT_15,AGGGTATAACGTCCTTTG,5
ACGGGACCGAAGATAAAG,OXT_22,ACGGGACCGCAGATCGAG,3
GGGGTACGGACCCCTACT,OXT_24,GGGATTCGGTCATGTCCT,7
GGGGTACAGACTCTAAGG,OXT_05,GGCGGACAGACTCTAATG,3
GGGTAAGGACACAACAGT,OXT_11,GGGTAAGGGCACAACAGT,1
TTGAGCGTAACGACAATG,OXT_14,TTGAGCGTAACGACAGTG,1
GCCATTCGGCCATCTCCT,OXT_24,GGGATTCGGTCATGTCCT,4
AGCATCGGAACACGTTTT,OXT_25,TGCATCGCAACAGCAGTT,6
AGGATCTAACGTCCTTTT,OXT_15,AGGGTATAACGTCCTTTG,3
GGGATACGGCCATGTTTT,OXT_24,GGGATTCGGTCATGTCCT,4
GGGGTAGGACGTACCATG,OXT_15,AGGGTATAACGTCCTTTG,6
GGGTAACAGACTCACAGT,OXT_11,GGGTAAGGGCACAACAGT,6
GGGGGACGGCACATCAGT,OXT_11,GGGTAAGGGCACAACAGT,4
GGGTAACAGAACCACAGT,OXT_11,GGGTAAGGGCACAACAGT,4
ACGTGAGCGCAGAACAAG,OXT_22,ACGGGACCGCAGATCGAG,4
GGGATTCGACCATGTTTT,OXT_24,GGGATTCGGTCATGTCCT,4
GGCCGACAGACCCTACCG,OXT_05,GGCGGACAGACTCTAATG,4
AGGAGCGAAACTCCAGTG,OXT_14,TTGAGCGTAACGACAGTG,5
GGGTAAGGGAACCACAGT,OXT_11,GGGTAAGGGCACAACAGT,2
AGGATCTAACGTCGTGTG,OXT_15,AGGGTATAACGTCCTTTG,4
AGGATTCGACCATGTTTT,OXT_24,GGGATTCGGTCATGTCCT,5
GGGGTACGGACCCCACCT,OXT_24,GGGATTCGGTCATGTCCT,7
GGCCTACGGCCCCCGCCG,OXT_29,CCCCCCCCCCCCCCGCCC,7
GGGGTACGGCCTCGTCCT,OXT_24,GGGATTCGGTCATGTCCT,5
GGGTAAGGGCACCACAGT,OXT_11,GGGTAAGGGCACAACAGT,1
AGGAGCGAAACTACAGTG,OXT_14,TTGAGCGTAACGACAGTG,4
AAGTAGGGACAGAACACG,OXT_23,AAGTAGGGACAGAATACG,1
AGGAAATAACGTCCTTTG,OXT_15,AGGGTATAACGTCCTTTG,2
GGCCTCCGCCCCCCGCCC,OXT_29,CCCCCCCCCCCCCCGCCC,4
ACGTGACCGCAGAACAAG,OXT_22,ACGGGACCGCAGATCGAG,3
AGGTAAGGACACACAATG,OXT_11,GGGTAAGGGCACAACAGT,6
TGCATCGGAACAGGAGTT,OXT_25,TGCATCGCAACAGCAGTT,2
GGGATTCGGCCCTCTCCT,OXT_24,GGGATTCGGTCATGTCCT,3
AGGAACTAAGATCGTGTG,OXT_17,AGGAACTACGATCGTGAA,3
AGCATCGAAACACGTGTT,OXT_25,TGCATCGCAACAGCAGTT,5
GGGGTATAGCGTCCTTGT,OXT_15,AGGGTATAACGTCCTTTG,4
GGGGTAGGACGTACTATG,OXT_15,AGGGTATAACGTCCTTTG,5
GGGGGACAGAACATCAGT,OXT_11,GGGTAAGGGCACAACAGT,6
AGGAGCGTACGTACATTG,OXT_14,TTGAGCGTAACGACAGTG,6
AGGTAAGGACAGAACAGG,OXT_11,GGGTAAGGGCACAACAGT,4
AGCATCGCAACAGCTGTT,OXT_25,TGCATCGCAACAGCAGTT,2
GGGGTACGGCCTTGTCGT,OXT_24,GGGATTCGGTCATGTCCT,5
AGGAACTAACGTCCATTG,OXT_15,AGGGTATAACGTCCTTTG,4
AGGAGCGAACGTACATTG,OXT_15,AGGGTATAACGTCCTTTG,6
AAGTAAGGACAGAAAATG,OXT_23,AAGTAGGGACAGAATACG,3
GGGTAAGGGCCCCACAGT,OXT_11,GGGTAAGGGCACAACAGT,2
AGGAAAGAACGTACATTG,OXT_15,AGGGTATAACGTCCTTTG,5
AGGTAAGGACGCACTATG,OXT_23,AAGTAGGGACAGAATACG,6
GGGATACGACCACGTTTT,OXT_24,GGGATTCGGTCATGTCCT,6
AGGGTATAACGTCCTTTT,OXT_15,AGGGTATAACGTCCTTTG,1
AGGAACTAAAGTCCTGTG,OXT_15,AGGGTATAACGTCCTTTG,5
GGCGTACAGCCCCCACCG,OXT_05,GGCGGACAGACTCTAATG,6
AGCATCGAAAATCGTGTA,OXT_17,AGGAACTACGATCGTGAA,6
GGGTAACAGACTCAAAGT,OXT_05,GGCGGACAGACTCTAATG,6
GGGGGACAGCACATCATG,OXT_05,GGCGGACAGACTCTAATG,6
GGGTTAGGGCGCAACAGT,OXT_11,GGGTAAGGGCACAACAGT,2
AGGATCTAAGATCGTGTA,OXT_17,AGGAACTACGATCGTGAA,3
AGGATCTACGATCGTGAA,OXT_17,AGGAACTACGATCGTGAA,1
AAGAACGTAAAGAAAATG,OXT_14,TTGAGCGTAACGACAGTG,6
AGGAAAGGACACACAATG,OXT_11,GGGTAAGGGCACAACAGT,7
GGGGGACAGAACCAAAGT,OXT_05,GGCGGACAGACTCTAATG,6
GGGGTATAACGTCCTATG,OXT_15,AGGGTATAACGTCCTTTG,2
GGGTTAGGGCGCACCAGT,OXT_11,GGGTAAGGGCACAACAGT,3
TGCATCGGATCAGGACTT,OXT_25,TGCATCGCAACAGCAGTT,4
AGGAACTAAAATCCTGTG,OXT_17,AGGAACTACGATCGTGAA,5
AGGAAAGGACGTACTATG,OXT_15,AGGGTATAACGTCCTTTG,6
CCCCTCCGCCCCCCGCCC,OXT_29,CCCCCCCCCCCCCCGCCC,2
GGGGTACGGCGTCGTTTT,OXT_15,AGGGTATAACGTCCTTTG,6
CCCCGCCACCCCCCGCCG,OXT_29,CCCCCCCCCCCCCCGCCC,3
GGGGAAGGACGCACCATG,OXT_11,GGGTAAGGGCACAACAGT,6
GGCCTTCGGCCCCCGCCT,OXT_24,GGGATTCGGTCATGTCCT,7
GGGGTTCGGCCATGTCCT,OXT_24,GGGATTCGGTCATGTCCT,2
TTGAGCGTAACGACAGAG,OXT_14,TTGAGCGTAACGACAGTG,1
AAGTACGTACAGAAAACG,OXT_23,AAGTAGGGACAGAATACG,3
AGCATCGAAACTCGTGTT,OXT_25,TGCATCGCAACAGCAGTT,6
GGCCGACAGCCCCCGCCG,OXT_05,GGCGGACAGACTCTAATG,7
ATGAGCGTAACGACATTG,OXT_14,TTGAGCGTAACGACAGTG,2
GGGTGACGGAACAACAGT,OXT_11,GGGTAAGGGCACAACAGT,3
GGGGGACAGACTCAAAGT,OXT_05,GGCGGACAGACTCTAATG,4
GGGGTACGGCGTCCTTGT,OXT_15,AGGGTATAACGTCCTTTG,6
GGCATTCGGTCATGTCTT,OXT_24,GGGATTCGGTCATGTCCT,2
GGGGGACAGAACATCATG,OXT_05,GGCGGACAGACTCTAATG,5
GGGGGACCGAATATAAAG,OXT_05,GGCGGACAGACTCTAATG,5
AGGTAAGGACAGAATAGG,OXT_23,AAGTAGGGACAGAATACG,3
GGCCTACAGCCCCCGCCG,OXT_29,CCCCCCCCCCCCCCGCCC,7
GGCCTCCGGCCCCCGCCG,OXT_29,CCCCCCCCCCCCCCGCCC,6
GCCATCCGCCCCCCGCCC,OXT_29,CCCCCCCCCCCCCCGCCC,4
AGGATAGAACGTACTTTG,OXT_15,AGGGTATAACGTCCTTTG,3
AGGATTCGACCACGTTTT,OXT_24,GGGATTCGGTCATGTCCT,6
GGGATTCGGCCCCGTCCT,OXT_24,GGGATTCGGTCATGTCCT,3
GGGATTCGACCACGTTTT,OXT_24,GGGATTCGGTCATGTCCT,5
ATGAGCGTCGAGAGAGAA,OXT_14,TTGAGCGTAACGACAGTG,7
AGCATCGACGATCGAGAA,OXT_17,AGGAACTACGATCGTGAA,4
AGCATCGCAACACCTGTT,OXT_25,TGCATCGCAACAGCAGTT,3
GGGGAACAGACTCTAAGG,OXT_05,GGCGGACAGACTCTAATG,3
GGCATTCGGCCCCCGCCG,OXT_24,GGGATTCGGTCATGTCCT,7
GGGGGACCGAAGATCAAG,OXT_22,ACGGGACCGCAGATCGAG,4
GGGGTACGGCGACGTCTT,OXT_24,GGGATTCGGTCATGTCCT,6
GGGTAACGGACTCACAGT,OXT_11,GGGTAAGGGCACAACAGT,5
TGCATCGGATCAGCACCT,OXT_25,TGCATCGCAACAGCAGTT,4
GGGTAACGGCCTCACAGT,OXT_11,GGGTAAGGGCACAACAGT,4
TGCATCGGATCAGGACCT,OXT_25,TGCATCGCAACAGCAGTT,5
GGCATTGGAACATGTCTT,OXT_24,GGGATTCGGTCATGTCCT,5
GGGGTATGACGTCCCATG,OXT_15,AGGGTATAACGTCCTTTG,4
GGCATTCGACCATCTCCT,OXT_24,GGGATTCGGTCATGTCCT,4
AAGTAAGGACAGAACACG,OXT_23,AAGTAGGGACAGAATACG,2
GGGGAACAGACTCACAGT,OXT_05,GGCGGACAGACTCTAATG,6
AGGAAAGGACGTACAATG,OXT_15,AGGGTATAACGTCCTTTG,7
AGGGAAGAACGTACTTTG,OXT_15,AGGGTATAACGTCCTTTG,3
CCCATCCGCCCATCGCCT,OXT_29,CCCCCCCCCCCCCCGCCC,6
GGGTTAGGGCGTCACAGT,OXT_11,GGGTAAGGGCACAACAGT,4
AGGAAAGTACCGACATTG,OXT_14,TTGAGCGTAACGACAGTG,6
GGGGTACGGCCTCACAGT,OXT_11,GGGTAAGGGCACAACAGT,6
GGGATTCGGTCCCCTCCT,OXT_24,GGGATTCGGTCATGTCCT,3
AGGATCTAAAATCGTGTA,OXT_17,AGGAACTACGATCGTGAA,4
AGCATCTAAAATCGTGTA,OXT_17,AGGAACTACGATCGTGAA,5
ATGAAAGGACAGACAATG,OXT_23,AAGTAGGGACAGAATACG,6
AGGAAAGGACGGACAATG,OXT_04,TAGACAGGGCTGACTGTG,7
AGGTAAGGACACAACAGG,OXT_11,GGGTAAGGGCACAACAGT,3
AGGAACGAAAATCCAGAG,OXT_17,AGGAACTACGATCGTGAA,6
AGGAACTAAGATCGTGAA,OXT_17,AGGAACTACGATCGTGAA,1
AGGATATGACCACGTTTT,OXT_15,AGGGTATAACGTCCTTTG,6
GGGATACGGCCTCGTCCT,OXT_24,GGGATTCGGTCATGTCCT,4
GGGGTACGGCCTCCTCCT,OXT_24,GGGATTCGGTCATGTCCT,6
CCCCGACACCCCCCGCCG,OXT_29,CCCCCCCCCCCCCCGCCC,4
AGGATATGACGACGTTTT,OXT_15,AGGGTATAACGTCCTTTG,5
GGGGGACCGCAGAACAGT,OXT_11,GGGTAAGGGCACAACAGT,5
GGGGGACAGAACATAATG,OXT_05,GGCGGACAGACTCTAATG,4
GGCCTACAGCCCCCACCG,OXT_05,GGCGGACAGACTCTAATG,7
GGGATACGGCCTTGTCCT,OXT_24,GGGATTCGGTCATGTCCT,3
GGGTGAGGGAACAACAGT,OXT_11,GGGTAAGGGCACAACAGT,2
GCGGGACCGAAGATAAAG,OXT_22,ACGGGACCGCAGATCGAG,4
CCCATCCGCCCATCGCCC,OXT_29,CCCCCCCCCCCCCCGCCC,5
AGGATAGGACCACGTTTT,OXT_15,AGGGTATAACGTCCTTTG,7
AGGTAAGGACGCACCATG,OXT_11,GGGTAAGGGCACAACAGT,6
GGCCGACACCCCCCGCCG,OXT_29,CCCCCCCCCCCCCCGCCC,6
TGCATCGGAACAGGTCTT,OXT_25,TGCATCGCAACAGCAGTT,4
GGGGTAGGACGCACCAGG,OXT_11,GGGTAAGGGCACAACAGT,6
CCCCGCCCCCCTCTGCCC,OXT_29,CCCCCCCCCCCCCCGCCC,3
CCCCGCCCCCCCCCGCCC,OXT_29,CCCCCCCCCCCCCCGCCC,1
AGGAAAGGACGCACTATG,OXT_04,TAGACAGGGCTGACTGTG,7
AGGAAAGGACCGACAATG,OXT_04,TAGACAGGGCTGACTGTG,7
CCCCGCCACCCCCCGCCC,OXT_29,CCCCCCCCCCCCCCGCCC,2
GGGGTACGGCGTCCTTTT,OXT_15,AGGGTATAACGTCCTTTG,5
GGGGTATGGCGACGTTTT,OXT_15,AGGGTATAACGTCCTTTG,6
AGGAACTAAAATCCAGAG,OXT_17,AGGAACTACGATCGTGAA,5
GGGGTACAGCCCCCACCG,OXT_05,GGCGGACAGACTCTAATG,7
AGCATCTAAGATCGTGTA,OXT_17,AGGAACTACGATCGTGAA,4
GGGGAAGGACGCACCAGG,OXT_11,GGGTAAGGGCACAACAGT,5
AGGAACTAACGTCCAGTG,OXT_15,AGGGTATAACGTCCTTTG,5
GGGGAACGGACTCACAGT,OXT_11,GGGTAAGGGCACAACAGT,6
GGGATTCGATCATGTCTT,OXT_24,GGGATTCGGTCATGTCCT,2
CCCCCCCGCCCCCCGCCC,OXT_29,CCCCCCCCCCCCCCGCCC,1
ATGAACTACGATCGAGAA,OXT_17,AGGAACTACGATCGTGAA,2
TGCATCGGAACAGCACTT,OXT_25,TGCATCGCAACAGCAGTT,2
GGGATACGGCCATGTCCT,OXT_24,GGGATTCGGTCATGTCCT,2
AGGATCTAACGACGTTTT,OXT_15,AGGGTATAACGTCCTTTG,5
GGCCTCCAGCCCCCGCCG,OXT_29,CCCCCCCCCCCCCCGCCC,6
TAGAACGTAAAGAAAGCG,OXT_14,TTGAGCGTAACGACAGTG,5
GGGATACGGTCCCGTCCT,OXT_24,GGGATTCGGTCATGTCCT,3
AGGGTAGAACGTCCTTTG,OXT_15,AGGGTATAACGTCCTTTG,1
GCCGGACCGAATCTAGAG,OXT_05,GGCGGACAGACTCTAATG,5
GGGATTCGGCCCCCGCCT,OXT_24,GGGATTCGGTCATGTCCT,5
ATGAACGTCAAGCGAGAA,OXT_17,AGGAACTACGATCGTGAA,6
ACGTGAGCGCAGAACAGT,OXT_11,GGGTAAGGGCACAACAGT,5
GGGGTAGGACGTCCCATG,OXT_15,AGGGTATAACGTCCTTTG,5
GGGGGACCGCAGATCAGG,OXT_22,ACGGGACCGCAGATCGAG,4
GCCGGACCGACTCTAAAG,OXT_05,GGCGGACAGACTCTAATG,3
AGGGTATGACGACGTTTT,OXT_15,AGGGTATAACGTCCTTTG,4
AGGAACTAAGATCGTGAG,OXT_17,AGGAACTACGATCGTGAA,2
GGGGTACGGCGTTGTCCT,OXT_24,GGGATTCGGTCATGTCCT,5
GGGGGACAGAACCACAGT,OXT_11,GGGTAAGGGCACAACAGT,6
GGGGGACGGCACAACAGT,OXT_11,GGGTAAGGGCACAACAGT,3
AGCATCGAAGATCGTGTA,OXT_17,AGGAACTACGATCGTGAA,5
ATGAACGTACAGACAATG,OXT_14,TTGAGCGTAACGACAGTG,5
AGGAAAGGACGCACAATG,OXT_04,TAGACAGGGCTGACTGTG,8
GGGGGACAGCACATCAGG,OXT_11,GGGTAAGGGCACAACAGT,6
GGGGTACAGACTCAAAGT,OXT_05,GGCGGACAGACTCTAATG,5
AGGAACTAAACTCCAGTG,OXT_14,TTGAGCGTAACGACAGTG,7
GGGTGAGGGCAGAACAGT,OXT_11,GGGTAAGGGCACAACAGT,2
GGGGGACAGAATCTAAGG,OXT_05,GGCGGACAGACTCTAATG,3
GGCATTCGGCCATCGCCT,OXT_24,GGGATTCGGTCATGTCCT,4
AGCATCGCAACACCTTTT,OXT_25,TGCATCGCAACAGCAGTT,4
GGCATACGGCCCCCGCCG,OXT_24,GGGATTCGGTCATGTCCT,8
GCGGGACCGCAGATCAAG,OXT_22,ACGGGACCGCAGATCGAG,2
ACGTGACCGCAGAACGAG,OXT_22,ACGGGACCGCAGATCGAG,2
AGGATCTACGATCGTGTA,OXT_17,AGGAACTACGATCGTGAA,2
TGCATCGGAACAGGTTTT,OXT_25,TGCATCGCAACAGCAGTT,4
GGCATCCGGTCAGGTCCT,OXT_24,GGGATTCGGTCATGTCCT,3
GCCGGACAGACTCTAAAG,OXT_05,GGCGGACAGACTCTAATG,2
GGCCGACAGACCCCACCG,OXT_05,GGCGGACAGACTCTAATG,5
AGGTGAGCGCAGAACAGT,OXT_11,GGGTAAGGGCACAACAGT,4
ATGAGCGTACCGACAATG,OXT_14,TTGAGCGTAACGACAGTG,3
GGGGTACGGCGTCGTCTT,OXT_15,AGGGTATAACGTCCTTTG,7
AAGTAAGCGCAGAACAGT,OXT_11,GGGTAAGGGCACAACAGT,4
AGGATCTAACCACGTTTT,OXT_15,AGGGTATAACGTCCTTTG,6
AAGTAAGCGCAGAACAAT,OXT_11,GGGTAAGGGCACAACAGT,5
AGGATCGAACCACGTTTT,OXT_15,AGGGTATAACGTCCTTTG,7
ATGAAAGTACCGACAATG,OXT_14,TTGAGCGTAACGACAGTG,5
AGCATCTAAGATCGTGAA,OXT_17,AGGAACTACGATCGTGAA,3
GGCGTACAGACCCCACCG,OXT_05,GGCGGACAGACTCTAATG,5
AGCATCGCAAAAGGAGTA,OXT_25,TGCATCGCAACAGCAGTT,4
GGGGTACGGCCATGTCTT,OXT_24,GGGATTCGGTCATGTCCT,4
AGGATCTAAAGTCGTTTG,OXT_15,AGGGTATAACGTCCTTTG,4
GGGGTATAGCGTCCTAGT,OXT_15,AGGGTATAACGTCCTTTG,5
TGCATCCGATCAGCTCCT,OXT_24,GGGATTCGGTCATGTCCT,6
GGCATTCGCCCCCCGCCT,OXT_24,GGGATTCGGTCATGTCCT,7
AGGTAAGGACAGAACAGT,OXT_11,GGGTAAGGGCACAACAGT,3
GGGGGACCGCAGATCAGT,OXT_22,ACGGGACCGCAGATCGAG,5
GGGTAACAGAATCAAAGT,OXT_11,GGGTAAGGGCACAACAGT,6
GGGGTACGGCGTCCTCCT,OXT_15,AGGGTATAACGTCCTTTG,7
ATGTAAGGACAGACAATG,OXT_23,AAGTAGGGACAGAATACG,5
GGCCCCCACCCCCCGCCC,OXT_29,CCCCCCCCCCCCCCGCCC,3
CCCCGACACACCCTGCCG,OXT_29,CCCCCCCCCCCCCCGCCC,6
GGGGTAGGGCGCACCAGG,OXT_11,GGGTAAGGGCACAACAGT,5
GGGATTCGGCCATGTTTT,OXT_24,GGGATTCGGTCATGTCCT,3
AGGTGACCGCAGAACAGT,OXT_11,GGGTAAGGGCACAACAGT,5
AGGGTATAACGACGTTTT,OXT_15,AGGGTATAACGTCCTTTG,3
GGCATCGGATCATGTCTT,OXT_24,GGGATTCGGTCATGTCCT,5
GGGATTCGAACATGTCTT,OXT_24,GGGATTCGGTCATGTCCT,3
AGCATCGAAGATCGAGAA,OXT_17,AGGAACTACGATCGTGAA,5
AGCATCGCAGATCGAGAA,OXT_17,AGGAACTACGATCGTGAA,6
AGGAACTAAAATCGTGAG,OXT_17,AGGAACTACGATCGTGAA,3
AGGAAAGAACGTCCTTTG,OXT_15,AGGGTATAACGTCCTTTG,3
GGGGTACGGACCCCTAGT,OXT_05,GGCGGACAGACTCTAATG,8
AGGAGCGAAAGTCCAGTG,OXT_14,TTGAGCGTAACGACAGTG,6
AGGGTCTAACGTCCTTTT,OXT_15,AGGGTATAACGTCCTTTG,2
AGGATATAACGACGTTTT,OXT_15,AGGGTATAACGTCCTTTG,4
TGCATCGGAACATGTCTT,OXT_25,TGCATCGCAACAGCAGTT,5
GGGATTCGGCCATCTCCT,OXT_24,GGGATTCGGTCATGTCCT,2
GGGGTACGGCGATGTCCT,OXT_24,GGGATTCGGTCATGTCCT,4
GGGGTACGGACCCATAGT,OXT_11,GGGTAAGGGCACAACAGT,7
GGGGTACGGCCCCATAGT,OXT_11,GGGTAAGGGCACAACAGT,6
GGGGGACAGAACCTAAGG,OXT_05,GGCGGACAGACTCTAATG,4
GGGTAAGGGCGCACCAGG,OXT_11,GGGTAAGGGCACAACAGT,3
GGGGTACGGACCCCAACG,OXT_05,GGCGGACAGACTCTAATG,6
TAGAACGTAAAGAAAGTG,OXT_14,TTGAGCGTAACGACAGTG,4
ATGAGCGTAACGACAGAG,OXT_14,TTGAGCGTAACGACAGTG,2
GGGGGACCGCACATCAAG,OXT_22,ACGGGACCGCAGATCGAG,4
GCCCCCCGCCCCCCGCCC,OXT_29,CCCCCCCCCCCCCCGCCC,2
GGGTAAGGACGCACCATG,OXT_11,GGGTAAGGGCACAACAGT,5
GCCCTCCGCCCCCCGCCC,OXT_29,CCCCCCCCCCCCCCGCCC,3
GGGTAACAGAACAACAGT,OXT_11,GGGTAAGGGCACAACAGT,3
GGGGTAGAACGTACTATG,OXT_15,AGGGTATAACGTCCTTTG,4
AGGATCGGAACATGTTTT,OXT_24,GGGATTCGGTCATGTCCT,7
AGGAACTAAAATCGTGAA,OXT_17,AGGAACTACGATCGTGAA,2
AGGATCGAAAGACGTTTT,OXT_15,AGGGTATAACGTCCTTTG,7
GGGGTACGGCCTCGTCGT,OXT_24,GGGATTCGGTCATGTCCT,6
GGGGTAGGACGTCCTATG,OXT_15,AGGGTATAACGTCCTTTG,4
GCCATCCGCCCATCGCCT,OXT_24,GGGATTCGGTCATGTCCT,7
AGGATTGGACCACGTTTT,OXT_24,GGGATTCGGTCATGTCCT,7
GGCCGCCACCCCCCGCCG,OXT_29,CCCCCCCCCCCCCCGCCC,5
GCCGGACCGACTCTAGAG,OXT_05,GGCGGACAGACTCTAATG,4
GCCATTCGACCATCTCCT,OXT_24,GGGATTCGGTCATGTCCT,5
GGCATCCGCCCCCCGCCT,OXT_29,CCCCCCCCCCCCCCGCCC,6
ATGAACGTAACTCCAGAG,OXT_14,TTGAGCGTAACGACAGTG,5
GGGGTATGGCGTCATAGT,OXT_11,GGGTAAGGGCACAACAGT,7
GGGATACGGCCACGTTTT,OXT_24,GGGATTCGGTCATGTCCT,5
GGGGGACGGCACATCAGG,OXT_11,GGGTAAGGGCACAACAGT,5
AGCATCGCAACAGCTTTT,OXT_25,TGCATCGCAACAGCAGTT,3
GGGGTACAGACCCCAACT,OXT_05,GGCGGACAGACTCTAATG,6
ATGAACGTCGAGCGAGAA,OXT_17,AGGAACTACGATCGTGAA,5
AAGAACGTACAGACAATG,OXT_14,TTGAGCGTAACGACAGTG,6
GGGGTACAGACTCTAATG,OXT_05,GGCGGACAGACTCTAATG,2
GGCATCGGAACATGTCTT,OXT_24,GGGATTCGGTCATGTCCT,6
GGCATCCGGTCATGTCCT,OXT_24,GGGATTCGGTCATGTCCT,2
TTGAACGTAACGACAGTG,OXT_14,TTGAGCGTAACGACAGTG,1
GGGGGACCGAACATCATG,OXT_05,GGCGGACAGACTCTAATG,6
GGCCGCCAGCCCCCGCCG,OXT_29,CCCCCCCCCCCCCCGCCC,6
ACCGGACCGAAGCTAGAG,OXT_22,ACGGGACCGCAGATCGAG,4
AGCATCGAAAGTCGTGTT,OXT_25,TGCATCGCAACAGCAGTT,7
GGGTAAGGGCACACCAGT,OXT_11,GGGTAAGGGCACAACAGT,1
GGCGGACAGAATCTAATG,OXT_05,GGCGGACAGACTCTAATG,1
CCCGGACAGACTCTAATG,OXT_05,GGCGGACAGACTCTAATG,2
GGGATTGGAACATGTCTT,OXT_24,GGGATTCGGTCATGTCCT,4
TAGAGCGTAACGAAAGCG,OXT_14,TTGAGCGTAACGACAGTG,3
TGCATCCGATCAGGTCCT,OXT_24,GGGATTCGGTCATGTCCT,5
AGGAGCGAACGTACAGTG,OXT_14,TTGAGCGTAACGACAGTG,6
GGGGTAGGGCGCCACAGT,OXT_11,GGGTAAGGGCACAACAGT,4
AAGTAGGTACAGAATACG,OXT_23,AAGTAGGGACAGAATACG,1
GGGGTATGGCGTCGTTTT,OXT_15,AGGGTATAACGTCCTTTG,5
GGGGGACAGAACAACAGT,OXT_11,GGGTAAGGGCACAACAGT,5
GGGGGACGGCAGATCAGT,OXT_11,GGGTAAGGGCACAACAGT,5
AGGATCTAAAGACGTTTT,OXT_15,AGGGTATAACGTCCTTTG,6
AGGAGCGTAACTACATTG,OXT_14,TTGAGCGTAACGACAGTG,4
AAGTAGGGGCAGAACACG,OXT_23,AAGTAGGGACAGAATACG,2
ACGTGACCGCAGAACAGG,OXT_22,ACGGGACCGCAGATCGAG,4
AGGAACTACAATCGAGAA,OXT_17,AGGAACTACGATCGTGAA,2
GGGGTAGGGCGCAACAGT,OXT_11,GGGTAAGGGCACAACAGT,3
GGGGGACAGAATATCATG,OXT_05,GGCGGACAGACTCTAATG,4
AGGATCTAAAGTCCTTTT,OXT_15,AGGGTATAACGTCCTTTG,4
ATGAACGAAAATCGAGAA,OXT_17,AGGAACTACGATCGTGAA,5
TGCATCGGATCAGGTCTT,OXT_25,TGCATCGCAACAGCAGTT,5
AAGAACGTAAAGACAATG,OXT_14,TTGAGCGTAACGACAGTG,5
GGCCGACACACCCTGCCG,OXT_05,GGCGGACAGACTCTAATG,6
GGCCCCCGCCCCCCGCCC,OXT_29,CCCCCCCCCCCCCCGCCC,3
GGCATCCGGTCATGTCTT,OXT_24,GGGATTCGGTCATGTCCT,3
TGCATCGGAACAGGTGTT,OXT_25,TGCATCGCAACAGCAGTT,3
GGCATCCGATCAGGTCCT,OXT_24,GGGATTCGGTCATGTCCT,4
GGGTAACGGAACCACAGT,OXT_11,GGGTAAGGGCACAACAGT,3
GCGGGACCGAAGATCAAG,OXT_22,ACGGGACCGCAGATCGAG,3
AGCATCTAAAGTCGTGTT,OXT_15,AGGGTATAACGTCCTTTG,7
AGGAAAGTACGGACAATG,OXT_14,TTGAGCGTAACGACAGTG,7
AAGAACGTACAGAAAACG,OXT_23,AAGTAGGGACAGAATACG,4
GGGATACGGCCCCGTCCT,OXT_24,GGGATTCGGTCATGTCCT,4
GGCCTCCGCCCCCCGCCG,OXT_29,CCCCCCCCCCCCCCGCCC,5
GGCATTCGATCATGTCCT,OXT_24,GGGATTCGGTCATGTCCT,2
ATGAGCGTAACTCCAGAG,OXT_14,TTGAGCGTAACGACAGTG,4
ATGAGCGTAAAGAGAGAA,OXT_14,TTGAGCGTAACGACAGTG,5
CCCGGACACACTCTAATG,OXT_05,GGCGGACAGACTCTAATG,3
GGGGTACAGACTCCAAGG,OXT_05,GGCGGACAGACTCTAATG,4
GGGGAACAGACTCAAAGG,OXT_05,GGCGGACAGACTCTAATG,4
AGCATCGCAAAACGAGTA,OXT_25,TGCATCGCAACAGCAGTT,5
GGGGTAGGGCGTACCAGT,OXT_11,GGGTAAGGGCACAACAGT,5
GGGGTATGACGTCCTTTG,OXT_15,AGGGTATAACGTCCTTTG,2
GGGGAACGGACTCAAAGT,OXT_05,GGCGGACAGACTCTAATG,6
ATGAGCGTCAAGAGAGAA,OXT_14,TTGAGCGTAACGACAGTG,6
CCCGGACCGACTCTAGAG,OXT_05,GGCGGACAGACTCTAATG,5
GGGGGACCGAAGATAAAG,OXT_22,ACGGGACCGCAGATCGAG,5
GGGTAAGGGCCTCACAGT,OXT_11,GGGTAAGGGCACAACAGT,3
AGGAGCGAAAGTACAGTG,OXT_14,TTGAGCGTAACGACAGTG,5
GGGTGACAGAATCAAAGT,OXT_05,GGCGGACAGACTCTAATG,6
CCCCTCCGCCCATCGCCC,OXT_29,CCCCCCCCCCCCCCGCCC,4
GGGGTACGGCCCCCTCGT,OXT_24,GGGATTCGGTCATGTCCT,7
GGGGTAGGACGTACCAGG,OXT_11,GGGTAAGGGCACAACAGT,7
AAGTAGGTACAGAAAACG,OXT_23,AAGTAGGGACAGAATACG,2
AGCATCGCAACACCAGTT,OXT_25,TGCATCGCAACAGCAGTT,2
GGCCTTCGGCCCCCGCCG,OXT_29,CCCCCCCCCCCCCCGCCC,7
GGGGAAGGGCGCACCAGT,OXT_11,GGGTAAGGGCACAACAGT,3
AGGGTATAACGACCTTTT,OXT_15,AGGGTATAACGTCCTTTG,2
GAGTAAGGGCAGAACAGT,OXT_11,GGGTAAGGGCACAACAGT,2
GGGTGACAGAACCACAGT,OXT_11,GGGTAAGGGCACAACAGT,5
GGGGGACGGAACATCAGT,OXT_11,GGGTAAGGGCACAACAGT,5
GGGATTCGGCCATCGCCT,OXT_24,GGGATTCGGTCATGTCCT,3
TGCATCCGGTCAGGTCCT,OXT_24,GGGATTCGGTCATGTCCT,4
GGGTAACGGAACAACAGT,OXT_11,GGGTAAGGGCACAACAGT,2
GGGGTATGGCGTCCTTGG,OXT_15,AGGGTATAACGTCCTTTG,4
GGGGTAGGGCGTCACAGT,OXT_11,GGGTAAGGGCACAACAGT,5
AAGTACGGACAGAAAATG,OXT_23,AAGTAGGGACAGAATACG,3
GCCATTCGGCCATCGCCT,OXT_24,GGGATTCGGTCATGTCCT,5
GGGTGACGGCACAACAGT,OXT_11,GGGTAAGGGCACAACAGT,2
AAGTAAGGGCAGAACAAG,OXT_23,AAGTAGGGACAGAATACG,4
GGGGGACAGAATCAAAGT,OXT_05,GGCGGACAGACTCTAATG,5
AGCATCGAAACACCTTTT,OXT_25,TGCATCGCAACAGCAGTT,5
ATGAGCGTAACGACAGAA,OXT_14,TTGAGCGTAACGACAGTG,3
AGGAGCGAACGTCCAGTG,OXT_15,AGGGTATAACGTCCTTTG,6
AGGAACTAAAGTCGTGTG,OXT_17,AGGAACTACGATCGTGAA,5
CCCCGACACCCCCTGCCG,OXT_29,CCCCCCCCCCCCCCGCCC,5
GGGATTCGGCCCCCACCT,OXT_24,GGGATTCGGTCATGTCCT,5
AAGTAGGGGCAGAACAAG,OXT_23,AAGTAGGGACAGAATACG,3
GGGGTAGGGCGTCCCAGG,OXT_11,GGGTAAGGGCACAACAGT,7
AGGTGAGGGCAGAACAGT,OXT_11,GGGTAAGGGCACAACAGT,3
CCCCGACACACTCTGATG,OXT_05,GGCGGACAGACTCTAATG,5
AGCATCGGAACAGGTGTT,OXT_25,TGCATCGCAACAGCAGTT,4
GGCATTCGGCCATGTCCT,OXT_24,GGGATTCGGTCATGTCCT,2
AGGAACGAAACTCCAGTG,OXT_14,TTGAGCGTAACGACAGTG,6
AGGAGAGTACCGACATTG,OXT_14,TTGAGCGTAACGACAGTG,5
AGCAACGCCGATCGAGAA,OXT_17,AGGAACTACGATCGTGAA,4
AGCATCGAAAGACGTTTT,OXT_25,TGCATCGCAACAGCAGTT,7
AGGATATAACCACGTTTT,OXT_15,AGGGTATAACGTCCTTTG,5
AGGTAAGGACACAACAGT,OXT_11,GGGTAAGGGCACAACAGT,2
GGGTAACAGAATCACAGT,OXT_11,GGGTAAGGGCACAACAGT,5
AGGTAAGGACAGAAAATG,OXT_23,AAGTAGGGACAGAATACG,4
GGGGTACAGACCCTAACG,OXT_05,GGCGGACAGACTCTAATG,4
GGGTAAGGGACCCACAGT,OXT_11,GGGTAAGGGCACAACAGT,3
GGGGGACCGAATATAATG,OXT_05,GGCGGACAGACTCTAATG,4
GGCATCCGCCCCCCGCCC,OXT_29,CCCCCCCCCCCCCCGCCC,5
AGGATATAACGTCCTTTT,OXT_15,AGGGTATAACGTCCTTTG,2
GGGGTACGGCCCCCACCT,OXT_24,GGGATTCGGTCATGTCCT,7
GGGTTACGGCCTCACAGT,OXT_11,GGGTAAGGGCACAACAGT,5
GGGATTCGGCCCCCACCG,OXT_24,GGGATTCGGTCATGTCCT,6
AGCATCGGAACATGTCTT,OXT_25,TGCATCGCAACAGCAGTT,6
CCCCGACACACTCTGCCG,OXT_05,GGCGGACAGACTCTAATG,7
GGCATTCGATCATCTCCT,OXT_24,GGGATTCGGTCATGTCCT,3
ATGAACGAAAATCCAGAA,OXT_17,AGGAACTACGATCGTGAA,6
AAGTAGGGACAGAACAGG,OXT_23,AAGTAGGGACAGAATACG,2
CCCCGACACACTCTAATG,OXT_05,GGCGGACAGACTCTAATG,4
GGGTAAGGACACACCAGT,OXT_11,GGGTAAGGGCACAACAGT,2
ATGAGCGTAACGAGAGAA,OXT_14,TTGAGCGTAACGACAGTG,4
ATGAACGAAAATCCAGAG,OXT_14,TTGAGCGTAACGACAGTG,7
GGGATTCGGTCCTGTCCT,OXT_24,GGGATTCGGTCATGTCCT,1
CCCATCCGACCATCGCCT,OXT_29,CCCCCCCCCCCCCCGCCC,7
GGGGTATGACGTCCTATG,OXT_15,AGGGTATAACGTCCTTTG,3
GGGGTACGACGACGTTTT,OXT_15,AGGGTATAACGTCCTTTG,6
AAGAACGTAAAGAAAACG,OXT_23,AAGTAGGGACAGAATACG,5
AGGATCTAACGTCGTTTG,OXT_15,AGGGTATAACGTCCTTTG,3
GGGGTATGGCGTCCTAGG,OXT_15,AGGGTATAACGTCCTTTG,5
GGGGTAGGACGCACCATG,OXT_11,GGGTAAGGGCACAACAGT,7
AGGGAAGGACGTACTTTG,OXT_15,AGGGTATAACGTCCTTTG,4
ACCGGACCGAATCTAGAG,OXT_22,ACGGGACCGCAGATCGAG,5
GGGGGACAGACCCCACCG,OXT_05,GGCGGACAGACTCTAATG,5
AGGATCTAACGACCTTTT,OXT_15,AGGGTATAACGTCCTTTG,4
GGGTAAGGACACACCATG,OXT_11,GGGTAAGGGCACAACAGT,4
GCGGGACCGAATCTAAAG,OXT_05,GGCGGACAGACTCTAATG,5
AGCATCTACGATCGTGAA,OXT_17,AGGAACTACGATCGTGAA,2
GGCCTCCGCCCCCCGCCT,OXT_29,CCCCCCCCCCCCCCGCCC,5
GGGGTAGGACGTCCCAGG,OXT_15,AGGGTATAACGTCCTTTG,6
GGGTGACCGCAGAACAGT,OXT_11,GGGTAAGGGCACAACAGT,4
AGCATCGCAAAACGTGTA,OXT_25,TGCATCGCAACAGCAGTT,6
GGGGTACGGCCATGTTTT,OXT_24,GGGATTCGGTCATGTCCT,5
ATGAGCGAAACTCCAGTG,OXT_14,TTGAGCGTAACGACAGTG,4
GGGGGACAGAATCTAAAG,OXT_05,GGCGGACAGACTCTAATG,3
AGGTAAGGACACACCAGG,OXT_11,GGGTAAGGGCACAACAGT,4
AGGATACGACCACGTTTT,OXT_15,AGGGTATAACGTCCTTTG,7
AGCATCTAAAATCGTGTT,OXT_17,AGGAACTACGATCGTGAA,6
GGGTTACGGCGTCACAGT,OXT_11,GGGTAAGGGCACAACAGT,5
AGCAACGACGATCGAGAA,OXT_17,AGGAACTACGATCGTGAA,3
AAGAACGGACAGACAATG,OXT_23,AAGTAGGGACAGAATACG,5
ATGAACGTAAATCCAGAG,OXT_14,TTGAGCGTAACGACAGTG,6
AGCATCGAAAATCGTGTT,OXT_17,AGGAACTACGATCGTGAA,7
ATGAAAGTACAGACAATG,OXT_14,TTGAGCGTAACGACAGTG,6
AGGAACTAAGATCGTGTA,OXT_17,AGGAACTACGATCGTGAA,2
GGGGAAGGGCGCACCAGG,OXT_11,GGGTAAGGGCACAACAGT,4
GGGGGACCGAATATCAAG,OXT_22,ACGGGACCGCAGATCGAG,5
AGGGGACCGCAGATCAAG,OXT_22,ACGGGACCGCAGATCGAG,2
AGGAGCGTAAGTACAGTG,OXT_14,TTGAGCGTAACGACAGTG,4
AGGATATAACGACCTTTT,OXT_15,AGGGTATAACGTCCTTTG,3
GGCATTCGCCCCTCGCCT,OXT_24,GGGATTCGGTCATGTCCT,6
AGCATCGCAAAACGAGAA,OXT_25,TGCATCGCAACAGCAGTT,6
ACCGGACCGACTCTAGAG,OXT_05,GGCGGACAGACTCTAATG,5
TGCATCGCAACAGCACCT,OXT_25,TGCATCGCAACAGCAGTT,2
AGGAACTAAACTCCAGAG,OXT_17,AGGAACTACGATCGTGAA,6
GGCATCGGATCAGGTCTT,OXT_24,GGGATTCGGTCATGTCCT,6
GGCGTACGGCCCCCACCG,OXT_05,GGCGGACAGACTCTAATG,7
AGCATCGCAAAAGCAGTA,OXT_25,TGCATCGCAACAGCAGTT,3
ATGAACGACGATCGAGAA,OXT_17,AGGAACTACGATCGTGAA,3
AAGTAGGCGCAGAACAAG,OXT_23,AAGTAGGGACAGAATACG,4
GGGGTACGGACCCCAAGT,OXT_05,GGCGGACAGACTCTAATG,7
GGGTAACGGACCCACAGT,OXT_11,GGGTAAGGGCACAACAGT,4
GGGGTATAGCGTCCTATG,OXT_15,AGGGTATAACGTCCTTTG,3
AAGTAGGCACAGAATACG,OXT_23,AAGTAGGGACAGAATACG,1
GCCATTCGACCATCGCCT,OXT_24,GGGATTCGGTCATGTCCT,6
GGGATCGGAACATGTCTT,OXT_24,GGGATTCGGTCATGTCCT,5
GGGGTACAGACTCCAAGT,OXT_05,GGCGGACAGACTCTAATG,5
AGGTAAGGACACAATAGG,OXT_11,GGGTAAGGGCACAACAGT,4
ACGTGGCCGCAGAACGAG,OXT_22,ACGGGACCGCAGATCGAG,3
AGGAACTAAGGTCGTGTA,OXT_17,AGGAACTACGATCGTGAA,3
AGGAACTAAAATCCTGAG,OXT_17,AGGAACTACGATCGTGAA,4
AGCAACTACGATCGAGAA,OXT_17,AGGAACTACGATCGTGAA,2
ATGAGCGTCACGAGAGAA,OXT_14,TTGAGCGTAACGACAGTG,5
CCCCGACACACTCTAACG,OXT_05,GGCGGACAGACTCTAATG,5
GGGGTACAGACTCTAAGT,OXT_05,GGCGGACAGACTCTAATG,4
GGGATTCGGCCCTCGCCT,OXT_24,GGGATTCGGTCATGTCCT,4
AGGAACGAAACTCCAGAG,OXT_14,TTGAGCGTAACGACAGTG,7
TGCATCGCAACAGCAGTA,OXT_25,TGCATCGCAACAGCAGTT,1
GGGTAAGGGACTCACAGT,OXT_11,GGGTAAGGGCACAACAGT,4
GGCCTCCACCCCCCGCCG,OXT_29,CCCCCCCCCCCCCCGCCC,5
GGCGGACCGAATCTAAAG,OXT_05,GGCGGACAGACTCTAATG,3
ACGTGAGCGCAGAACAGG,OXT_22,ACGGGACCGCAGATCGAG,5
TGCATCGCAACAGGAGTT,OXT_25,TGCATCGCAACAGCAGTT,1
GGGATACGACCATGTTTT,OXT_24,GGGATTCGGTCATGTCCT,5
AGGGGACCGCAGATCAGG,OXT_22,ACGGGACCGCAGATCGAG,3
ATGAACGAAACTCCAGTG,OXT_14,TTGAGCGTAACGACAGTG,5
AAGAACGTAAAGAAAGCG,OXT_14,TTGAGCGTAACGACAGTG,6
GGGGAAGGACGCACTATG,OXT_11,GGGTAAGGGCACAACAGT,7
ATGAGCGTAACTACAGAG,OXT_14,TTGAGCGTAACGACAGTG,3
GCGGGACCGAAGCTAAAG,OXT_22,ACGGGACCGCAGATCGAG,5
CCCCGACACCCTCTGCCG,OXT_29,CCCCCCCCCCCCCCGCCC,6
AGGAAAGTACGGACATTG,OXT_14,TTGAGCGTAACGACAGTG,7
CCCGGACAGACTCTAAAG,OXT_05,GGCGGACAGACTCTAATG,3
GGGTGAGCGCAGAACAGT,OXT_11,GGGTAAGGGCACAACAGT,3
CCCCGCCACCCCCTGCCG,OXT_29,CCCCCCCCCCCCCCGCCC,4
GGGGTATGACGACCTTTT,OXT_15,AGGGTATAACGTCCTTTG,4
AGGTAAGGACAGACTATG,OXT_23,AAGTAGGGACAGAATACG,4
AAGAAGGTACAGAAAACG,OXT_23,AAGTAGGGACAGAATACG,3
CCCCGACACACCCTACCG,OXT_05,GGCGGACAGACTCTAATG,7
TGCATCGCAACAGGACTT,OXT_25,TGCATCGCAACAGCAGTT,2
GGGATTCGAACATGTTTT,OXT_24,GGGATTCGGTCATGTCCT,4
TAGAACGTAACGAAAGCG,OXT_14,TTGAGCGTAACGACAGTG,4
GGGGTACGGCGTCCTCTT,OXT_15,AGGGTATAACGTCCTTTG,6
TGCATCGGAACAGGATTT,OXT_25,TGCATCGCAACAGCAGTT,3
GGGGGACAGAACATAAGG,OXT_05,GGCGGACAGACTCTAATG,5
GGGGTACGGCCACGTTTT,OXT_24,GGGATTCGGTCATGTCCT,6
GGGGGACCGCACATCATG,OXT_22,ACGGGACCGCAGATCGAG,5
GGGGTACAGACTCTAACG,OXT_05,GGCGGACAGACTCTAATG,3
AGCATCTAAAGTCGTTTT,OXT_15,AGGGTATAACGTCCTTTG,6
GGGGTATGACGTCCCAGG,OXT_15,AGGGTATAACGTCCTTTG,5
ATGAACGAAACTCCAGAG,OXT_14,TTGAGCGTAACGACAGTG,6
ACGTGAGCGCAGAACAAT,OXT_22,ACGGGACCGCAGATCGAG,5
TGCATCCGATCAGGACCT,OXT_24,GGGATTCGGTCATGTCCT,6
GGGGTACGGCGTCGTCGT,OXT_24,GGGATTCGGTCATGTCCT,7
ATGAACGACAATCGAGAA,OXT_17,AGGAACTACGATCGTGAA,4
AGGAAAGGACGTACATTG,OXT_15,AGGGTATAACGTCCTTTG,6
AGGGGACCGCAGAACAGG,OXT_22,ACGGGACCGCAGATCGAG,4
GGGGTAGGGCGCCCCAGT,OXT_11,GGGTAAGGGCACAACAGT,5
GGCATTCGAACATGTCTT,OXT_24,GGGATTCGGTCATGTCCT,4
GGCGGACAGACTCTAAAG,OXT_05,GGCGGACAGACTCTAATG,1
AGGAGCGTACGTACAGTG,OXT_14,TTGAGCGTAACGACAGTG,5
AGCATCGAAAAACGTGTA,OXT_17,AGGAACTACGATCGTGAA,7
GGCATCCGATCATGTCTT,OXT_24,GGGATTCGGTCATGTCCT,4
AGCATCGCAACACGTTTT,OXT_25,TGCATCGCAACAGCAGTT,5
AGGGTATGACGACCTTTT,OXT_15,AGGGTATAACGTCCTTTG,3
AGCATCGAAAAACGTGTT,OXT_25,TGCATCGCAACAGCAGTT,6
GGGGGACCGCAGAACAGG,OXT_22,ACGGGACCGCAGATCGAG,5
GCCCGACACCCCCCGCCG,OXT_29,CCCCCCCCCCCCCCGCCC,5
GGGGGACAGAACCTAATG,OXT_05,GGCGGACAGACTCTAATG,3
AGGATTCGATCATGTTTT,OXT_24,GGGATTCGGTCATGTCCT,4
GGCATCCGCCCCTCGCCT,OXT_24,GGGATTCGGTCATGTCCT,7
AGGAACGAACGTACATTG,OXT_15,AGGGTATAACGTCCTTTG,6
GGGTGACGGCAGAACAGT,OXT_11,GGGTAAGGGCACAACAGT,3
AGGAGCGAACGTCCATTG,OXT_15,AGGGTATAACGTCCTTTG,5
GGGATACGGCCATGTCTT,OXT_24,GGGATTCGGTCATGTCCT,3
AGGAGAGTACCTACATTG,OXT_14,TTGAGCGTAACGACAGTG,6
ACGGGACCGCAGAACGAG,OXT_22,ACGGGACCGCAGATCGAG,1
AGGAACTAAGATCGAGAA,OXT_17,AGGAACTACGATCGTGAA,2
AGGGTATGACGTCCTTTT,OXT_15,AGGGTATAACGTCCTTTG,2
AGGATCGGAACATGTCTT,OXT_24,GGGATTCGGTCATGTCCT,6
GGCGGACAGAATCTAAAG,OXT_05,GGCGGACAGACTCTAATG,2
GGGATATGACGACGTTTT,OXT_15,AGGGTATAACGTCCTTTG,6
AGCATCTAAAGTCGTGTA,OXT_17,AGGAACTACGATCGTGAA,6
GGGATATGACCACGTTTT,OXT_15,AGGGTATAACGTCCTTTG,7
GGGGGACGGAACAACAGT,OXT_11,GGGTAAGGGCACAACAGT,4
GGGGGACAGAACCTCAGG,OXT_05,GGCGGACAGACTCTAATG,5
AGGAACGAAAGTCCAGTG,OXT_14,TTGAGCGTAACGACAGTG,7
TGCATCGGATCAGCTCCT,OXT_25,TGCATCGCAACAGCAGTT,5
AGGAACTAAAATCGAGAG,OXT_17,AGGAACTACGATCGTGAA,4
GGGGTAGAACGTCCTATG,OXT_15,AGGGTATAACGTCCTTTG,3
AGGGTAGGACGTACTTTG,OXT_15,AGGGTATAACGTCCTTTG,3
AGGATAGAACGTCCTTTG,OXT_15,AGGGTATAACGTCCTTTG,2
TGCATCGGAACAGCACCT,OXT_25,TGCATCGCAACAGCAGTT,3
AGGTAAGGACGCACAATG,OXT_11,GGGTAAGGGCACAACAGT,7
GCCCGCCACCCCCCGCCG,OXT_29,CCCCCCCCCCCCCCGCCC,4
AAGTAGGGGCAGAACAGG,OXT_23,AAGTAGGGACAGAATACG,3
AGCATCGCAACAGCAGTA,OXT_25,TGCATCGCAACAGCAGTT,2
AGGATTGGAACATGTTTT,OXT_24,GGGATTCGGTCATGTCCT,6
GGGGTACGGCGATGTTTT,OXT_24,GGGATTCGGTCATGTCCT,6
ATGAGCGTAACTACATTG,OXT_14,TTGAGCGTAACGACAGTG,3
AGCATCGAAGATCGTGAA,OXT_17,AGGAACTACGATCGTGAA,4
CCCCTCCGCCCCTCGCCC,OXT_29,CCCCCCCCCCCCCCGCCC,3
GGGGGACAGACTCTAACG,OXT_05,GGCGGACAGACTCTAATG,2
GGGATTCGGCCCTGTCCT,OXT_24,GGGATTCGGTCATGTCCT,2
ACGGGACCGAAGCTAGAG,OXT_22,ACGGGACCGCAGATCGAG,3
ATGAACGTCAATCGAGAA,OXT_17,AGGAACTACGATCGTGAA,5
GGGATTGGAACATGTTTT,OXT_24,GGGATTCGGTCATGTCCT,5
GCCGGACAGACTCTAACG,OXT_05,GGCGGACAGACTCTAATG,2
AGCATCGAAAGACGTGTT,OXT_25,TGCATCGCAACAGCAGTT,6
AGGGGACCGCAGAACAAG,OXT_22,ACGGGACCGCAGATCGAG,3
AGGAGCTAACGTCCATTG,OXT_15,AGGGTATAACGTCCTTTG,4
AGCATCGCCGATCGAGAA,OXT_17,AGGAACTACGATCGTGAA,5
GGCATACAGCCCCCACCG,OXT_05,GGCGGACAGACTCTAATG,7
TAGAACGTAAAGACAATG,OXT_14,TTGAGCGTAACGACAGTG,4
AGCATCGCAAAAGGAGAA,OXT_25,TGCATCGCAACAGCAGTT,5
GGGGTACGGACCCAAAGT,OXT_05,GGCGGACAGACTCTAATG,7
GGCCGACACACCCTACCG,OXT_05,GGCGGACAGACTCTAATG,5
GGCATCCGATCATGTCCT,OXT_24,GGGATTCGGTCATGTCCT,3
ATGAACGACGAGCGAGAA,OXT_17,AGGAACTACGATCGTGAA,4
AGCATCGCAAATCGAGTA,OXT_25,TGCATCGCAACAGCAGTT,6
GGGTGACAGAACCAAAGT,OXT_11,GGGTAAGGGCACAACAGT,6
AGCATCGCCGAAGGAGAA,OXT_28,AGCGGCGGCGACGGCGAA,5
GCCCGACACACCCTACCG,OXT_05,GGCGGACAGACTCTAATG,6
GGGGGACCGAACATCAAG,OXT_22,ACGGGACCGCAGATCGAG,5
AGCATCGCAAAAGCAGAA,OXT_25,TGCATCGCAACAGCAGTT,4
GGGGGACGGCAGAACAGT,OXT_11,GGGTAAGGGCACAACAGT,4
ATGAACGTAAAGCGAGAA,OXT_14,TTGAGCGTAACGACAGTG,7
AGGATTCGAACATGTTTT,OXT_24,GGGATTCGGTCATGTCCT,5
AGCATCTAAAGACGTTTT,OXT_15,AGGGTATAACGTCCTTTG,7
AGGATTGGACCATGTTTT,OXT_24,GGGATTCGGTCATGTCCT,6
AGCATCGACGATCGTGAA,OXT_17,AGGAACTACGATCGTGAA,3
AGGAAAGTACAGACAATG,OXT_14,TTGAGCGTAACGACAGTG,7
ATGAACGTAAATCCAGAA,OXT_14,TTGAGCGTAACGACAGTG,7
AGGAACTAAAATCGTGTG,OXT_17,AGGAACTACGATCGTGAA,4
TTGAACGTAAAGACAGTG,OXT_14,TTGAGCGTAACGACAGTG,2
GGCCTCCGGCCCCCGCCT,OXT_29,CCCCCCCCCCCCCCGCCC,6
GCCATCCGCCCCTCGCCC,OXT_29,CCCCCCCCCCCCCCGCCC,5
AGGAACGAACGTCCATTG,OXT_15,AGGGTATAACGTCCTTTG,5
AAGTAGGCACAGAACACG,OXT_23,AAGTAGGGACAGAATACG,2
AAGTAAGGGCAGAACAAT,OXT_11,GGGTAAGGGCACAACAGT,4
GCGGGACCGAATATAAAG,OXT_22,ACGGGACCGCAGATCGAG,5
TTGAGCGTAACGACAGCG,OXT_14,TTGAGCGTAACGACAGTG,1
AGCATCGCAAAACGAGTT,OXT_25,TGCATCGCAACAGCAGTT,4
GGGGAAGGACGTACTATG,OXT_15,AGGGTATAACGTCCTTTG,6
GGGATACGGTCCTGTCCT,OXT_24,GGGATTCGGTCATGTCCT,2
GGGGTATAACGTCCTTTT,OXT_15,AGGGTATAACGTCCTTTG,2
CCCCCCCACCCCCCGCCG,OXT_29,CCCCCCCCCCCCCCGCCC,2
CCCCGACACACTCTACCG,OXT_05,GGCGGACAGACTCTAATG,6
GCCATCCGCCCCTCGCCT,OXT_29,CCCCCCCCCCCCCCGCCC,6
TTGAACGTAAAGACAATG,OXT_14,TTGAGCGTAACGACAGTG,3
GGGGTATAGCGTCCCAGG,OXT_15,AGGGTATAACGTCCTTTG,5
AAGTGAGCGCAGAACAAT,OXT_11,GGGTAAGGGCACAACAGT,6
AGCATCGCAAATCGAGAA,OXT_17,AGGAACTACGATCGTGAA,7
AGCAACGCCGAAGGAGAA,OXT_28,AGCGGCGGCGACGGCGAA,5
TAGAGCGTAAAGAAAGCG,OXT_14,TTGAGCGTAACGACAGTG,4
GGGGTACAGACCCCAAGG,OXT_05,GGCGGACAGACTCTAATG,5
AAGAAGGTACAGAAAGCG,OXT_23,AAGTAGGGACAGAATACG,4
ACCGGACCGAAGATAGAG,OXT_22,ACGGGACCGCAGATCGAG,3
GGGTAAGGACGCACCAGT,OXT_11,GGGTAAGGGCACAACAGT,3
AAGTACGTACAGAAAATG,OXT_23,AAGTAGGGACAGAATACG,4
TAGAGCGTAACGAAAGAG,OXT_14,TTGAGCGTAACGACAGTG,3
ATGAACGGACAGACAATG,OXT_14,TTGAGCGTAACGACAGTG,6
ACGGGACCGAAGCTAAAG,OXT_22,ACGGGACCGCAGATCGAG,4
AGCATCGCAAAACCAGTA,OXT_25,TGCATCGCAACAGCAGTT,4
TAGAACGTAAAGACAGTG,OXT_14,TTGAGCGTAACGACAGTG,3
AGCATCGCCGAACGAGAA,OXT_17,AGGAACTACGATCGTGAA,6
AGGAAAGTACCTACATTG,OXT_14,TTGAGCGTAACGACAGTG,7
CCCCGACACACTCTGCTG,OXT_05,GGCGGACAGACTCTAATG,6
TAGAACGTAACGACAGTG,OXT_14,TTGAGCGTAACGACAGTG,2
ATGAGCGTAAAGACAGAA,OXT_14,TTGAGCGTAACGACAGTG,4
CCCATCCGACCATCTCCT,OXT_24,GGGATTCGGTCATGTCCT,7
GGGATACGGCCCTGTCCT,OXT_24,GGGATTCGGTCATGTCCT,3
ACCGGACCGAATCTAAAG,OXT_05,GGCGGACAGACTCTAATG,5
CCCATCCGCCCCTCGCCC,OXT_29,CCCCCCCCCCCCCCGCCC,4
TGCATCGGATCATGTCTT,OXT_24,GGGATTCGGTCATGTCCT,6
GGGATTCGGTCATGTTTT,OXT_24,GGGATTCGGTCATGTCCT,2
GCCCCCCACCCCCCGCCG,OXT_29,CCCCCCCCCCCCCCGCCC,3
TGCATCGCAAAAGCAGAA,OXT_25,TGCATCGCAACAGCAGTT,3
TTGAGCGTAACGACAGAA,OXT_14,TTGAGCGTAACGACAGTG,2
CCCCGCCCCCCCCTGCCC,OXT_29,CCCCCCCCCCCCCCGCCC,2
GCCCGACACCCCCTGCCG,OXT_29,CCCCCCCCCCCCCCGCCC,6
AGCATCGAAAAACGAGTA,OXT_25,TGCATCGCAACAGCAGTT,6
ATGAACGTAAAGCCAGAA,OXT_14,TTGAGCGTAACGACAGTG,6
GGGGTACAGACTCAAAGG,OXT_05,GGCGGACAGACTCTAATG,4
ATGAGCGAAACTACAGTG,OXT_14,TTGAGCGTAACGACAGTG,3
GCCCGACACACCCTGCCG,OXT_05,GGCGGACAGACTCTAATG,7
AAGTGGGCGCAGAACAAG,OXT_23,AAGTAGGGACAGAATACG,5
GGCATCCGATCAGCTCCT,OXT_24,GGGATTCGGTCATGTCCT,5
GCCATCCGACCATCTCCT,OXT_24,GGGATTCGGTCATGTCCT,6
GGGGGACAGACTCAAAGG,OXT_05,GGCGGACAGACTCTAATG,3
AGCATCGCAACAGGTTTT,OXT_25,TGCATCGCAACAGCAGTT,4
AGGAACGAACGTCCTTTG,OXT_15,AGGGTATAACGTCCTTTG,4
ATGAACGTCAAGAGAGAA,OXT_14,TTGAGCGTAACGACAGTG,7
GGGGGACAGAACCTCAGT,OXT_05,GGCGGACAGACTCTAATG,6
GGGATTCGGCCACGTCCT,OXT_24,GGGATTCGGTCATGTCCT,2
AGGATCTGACCACGTTTT,OXT_15,AGGGTATAACGTCCTTTG,7
AAGTAGGGACAGAATATG,OXT_23,AAGTAGGGACAGAATACG,1
ATGAACGTAAATCGAGAA,OXT_17,AGGAACTACGATCGTGAA,6
GGGTAACGGCGTCACAGT,OXT_11,GGGTAAGGGCACAACAGT,4
ATGAACTACGAGCGAGAA,OXT_17,AGGAACTACGATCGTGAA,3
GGCATTCGGCCCCCACCG,OXT_24,GGGATTCGGTCATGTCCT,7
AAGTACGGACAGACAATG,OXT_23,AAGTAGGGACAGAATACG,4
GGCGGACCGACTCTAAAG,OXT_05,GGCGGACAGACTCTAATG,2
GGGGTAGAACGTCCTTTG,OXT_15,AGGGTATAACGTCCTTTG,2
ATGAACTAAAATCGAGAA,OXT_17,AGGAACTACGATCGTGAA,4
GGGGGACCGAATATCATG,OXT_05,GGCGGACAGACTCTAATG,5
AAGTAGGCGCAGAACACG,OXT_23,AAGTAGGGACAGAATACG,3
AGCAACGCCGATGGAGAA,OXT_17,AGGAACTACGATCGTGAA,5
AGGGTAGAACGTACTATG,OXT_15,AGGGTATAACGTCCTTTG,3
TGCATCGGGTCAGGTCCT,OXT_24,GGGATTCGGTCATGTCCT,5
GGGATACGACGACGTTTT,OXT_15,AGGGTATAACGTCCTTTG,7
GGGTAAGGGCATCACAGT,OXT_11,GGGTAAGGGCACAACAGT,2
TGCATCGCATCAGCACCT,OXT_25,TGCATCGCAACAGCAGTT,3
GCCATCCGCCCCCCGCCT,OXT_29,CCCCCCCCCCCCCCGCCC,5
GCCCGACACACTCTACCG,OXT_05,GGCGGACAGACTCTAATG,5
AGGAACGAAAATCCAGAA,OXT_17,AGGAACTACGATCGTGAA,5
TTGAGCGTCACGAGAGAA,OXT_14,TTGAGCGTAACGACAGTG,4
AGCATCGCAAAACGTGTT,OXT_25,TGCATCGCAACAGCAGTT,5
TGCATCGGGTCAGGACCT,OXT_24,GGGATTCGGTCATGTCCT,6
AGCATCGCAGAAGGAGAA,OXT_25,TGCATCGCAACAGCAGTT,6
CCCGGACACACTCTGATG,OXT_05,GGCGGACAGACTCTAATG,4
GGCCGACAGACTCTAACG,OXT_05,GGCGGACAGACTCTAATG,2
CCCGGACAGACTCTAGAG,OXT_05,GGCGGACAGACTCTAATG,4
GCCCGACACACTCTAACG,OXT_05,GGCGGACAGACTCTAATG,4
GGGGGACAGAATCTAAGT,OXT_05,GGCGGACAGACTCTAATG,4
GGGGTACGGCGTCCTTCT,OXT_15,AGGGTATAACGTCCTTTG,6
AAGAAAGGACAGACAATG,OXT_23,AAGTAGGGACAGAATACG,5
AGGATTGGAACACGTTTT,OXT_24,GGGATTCGGTCATGTCCT,7
AAGTGAGCGCAGAACAGT,OXT_11,GGGTAAGGGCACAACAGT,5
GGGTAACAGAACCAAAGT,OXT_11,GGGTAAGGGCACAACAGT,5
AGCATCGCAACACGTGTT,OXT_25,TGCATCGCAACAGCAGTT,4
