sequence,dist,average_probability,max_probability,min_probability,architecture
CCCCCCAGGAAAGAACAGACAACGCCCCCC,0.647058748707037,0.8810812,0.99865806,0.5979894,dense
CCCCCCAGGAACGAACAGACAACGCCCCCC,1.06256907049594,0.8708072,0.9969861,0.6137217,dense
CCCCCCAGGAACGAAAATCCAGAGCCCCCC,2.91462625311872,0.86052686,0.9963827,0.69217175,conv
CCCCCCAGGAACGAAAATCCAGAACCCCCC,2.99689339399121,0.85383475,0.99659795,0.519693,conv
CCCCCCGGGGGACAGCAGACAAAGCCCCCC,0.22357671554534,0.8081964,0.9931137,0.5087112,dense
CCCCCCGGGGGGGAAAAAAAATTGCCCCCC,2.08552622899689,0.8025647,0.9991522,0.5733568,lstm
CCCCCCAGGAAAGAGCAGACAACGCCCCCC,0.068147771742895,0.83632845,0.9967025,0.44153664,dense
CCCCCCAGGAGAGAGCAGACAACGCCCCCC,0.09102225274308,0.8079314,0.9948919,0.4745142,dense
CCCCCCGGGTAACAGAATCAAAGTCCCCCC,0.752395873341453,0.808634,0.99372685,0.591384,conv
CCCCCCGGGTAACAGAACCAAAGTCCCCCC,0.823486484618751,0.81108075,0.9962184,0.5047426,conv
CCCCCCAGGAAAGAACAGACAGCGCCCCCC,1.05007757336144,0.86896104,0.99810624,0.637592,dense
