oxt_id,sequence,core,dff
OXT_01,CCCCCCAGGCTGCGTAAGTCTGCTCCCCCC,AGGCTGCGTAAGTCTGCT,0.41835
OXT_02,CCCCCCAGGGGAGCGTGCGGAGGCCCCCCC,AGGGGAGCGTGCGGAGGC,0.30074
OXT_03,CCCCCCGACTTGGGCTCATGCTGTCCCCCC,GACTTGGGCTCATGCTGT,0.32649
OXT_04,CCCCCCTAGACAGGGCTGACTGTGCCCCCC,TAGACAGGGCTGACTGTG,0.29183
OXT_05,CCCCCCGGCGGACAGACTCTAATGCCCCCC,GGCGGACAGACTCTAATG,0.48504
OXT_06,CCCCCCATCATCATCATCATCATCCCCCCC,ATCATCATCATCATCATC,0.26887
OXT_07,CCCCCCGTGGGTGCATTTGCTGTACCCCCC,GTGGGTGCATTTGCTGTA,0.33299
OXT_08,CCCCCCGACGGCATTCAGGCACGTCCCCCC,GACGGCATTCAGGCACGT,0.23886
OXT_09,CCCCCCTGTAGTGCTCGGCTGCCGCCCCCC,TGTAGTGCTCGGCTGCCG,0.28531
OXT_10,CCCCCCAAGATGTATCGTGTGCTGCCCCCC,AAGATGTATCGTGTGCTG,0.22423
OXT_11,CCCCCCGGGTAAGGGCACAACAGTCCCCCC,GGGTAAGGGCACAACAGT,0.54659
OXT_12,CCCCCCAATACAGCGGTGTTTCTACCCCCC,AATACAGCGGTGTTTCTA,0.35409
OXT_13,CCCCCCTATTACACTAGTGGATGGCCCCCC,TATTACACTAGTGGATGG,0.35285
OXT_14,CCCCCCTTGAGCGTAACGACAGTGCCCCCC,TTGAGCGTAACGACAGTG,0.53745
OXT_15,CCCCCCAGGGTATAACGTCCTTTGCCCCCC,AGGGTATAACGTCCTTTG,0.7449
OXT_16,CCCCCCATAAACAGTCTAGCTGTGCCCCCC,ATAAACAGTCTAGCTGTG,0.3758
OXT_17,CCCCCCAGGAACTACGATCGTGAACCCCCC,AGGAACTACGATCGTGAA,0.64094
OXT_18,CCCCCCTAACGGGTTATCCATAATCCCCCC,TAACGGGTTATCCATAAT,0.2283
OXT_19,CCCCCCCCCCCCCCCCCCCCCCCCCCCCCC,CCCCCCCCCCCCCCCCCC,0.44017
OXT_20,CCCCCCAGGGCCTAGGGATGACGTCCCCCC,AGGGCCTAGGGATGACGT,0.43442
OXT_21,CCCCCCGAGCAACGGGTCAGCATTCCCCCC,GAGCAACGGGTCAGCATT,0.24612
OXT_22,CCCCCCACGGGACCGCAGATCGAGCCCCCC,ACGGGACCGCAGATCGAG,1.0463
OXT_23,CCCCCCAAGTAGGGACAGAATACGCCCCCC,AAGTAGGGACAGAATACG,0.57679
OXT_24,CCCCCCGGGATTCGGTCATGTCCTCCCCCC,GGGATTCGGTCATGTCCT,0.45586
OXT_25,CCCCCCTGCATCGCAACAGCAGTTCCCCCC,TGCATCGCAACAGCAGTT,0.73006
OXT_26,CCCCCCGGGGCATTCACTGAGCTGCCCCCC,GGGGCATTCACTGAGCTG,0.32318
OXT_27,CCCCCCGTAGAATGGGCATCGTCGCCCCCC,GTAGAATGGGCATCGTCG,0.33972
OXT_28,CCCCCCAGCGGCGGCGACGGCGAACCCCCC,AGCGGCGGCGACGGCGAA,0.36796
OXT_29,CCCCCCCCCCCCCCCCCCCCGCCCCCCCCC,CCCCCCCCCCCCCCGCCC,0.83564
