nearest_oxt_id,oxt_csv_row,original_sequence_30nt,trimmed_sequence_18nt,dff,is_polyC_control
OXT_01,1,CCCCCCAGGCTGCGTAAGTCTGCTCCCCCC,AGGCTGCGTAAGTCTGCT,0.41835,False
OXT_02,2,CCCCCCAGGGGAGCGTGCGGAGGCCCCCCC,AGGGGAGCGTGCGGAGGC,0.30074,False
OXT_03,3,CCCCCCGACTTGGGCTCATGCTGTCCCCCC,GACTTGGGCTCATGCTGT,0.32649,False
OXT_04,4,CCCCCCTAGACAGGGCTGACTGTGCCCCCC,TAGACAGGGCTGACTGTG,0.29183,False
OXT_05,5,CCCCCCGGCGGACAGACTCTAATGCCCCCC,GGCGGACAGACTCTAATG,0.48504,False
OXT_06,6,CCCCCCATCATCATCATCATCATCCCCCCC,ATCATCATCATCATCATC,0.26887,False
OXT_07,7,CCCCCCGTGGGTGCATTTGCTGTACCCCCC,GTGGGTGCATTTGCTGTA,0.33299,False
OXT_08,8,CCCCCCGACGGCATTCAGGCACGTCCCCCC,GACGGCATTCAGGCACGT,0.23886,False
OXT_09,9,CCCCCCTGTAGTGCTCGGCTGCCGCCCCCC,TGTAGTGCTCGGCTGCCG,0.28531,False
OXT_10,11,CCCCCCAAGATGTATCGTGTGCTGCCCCCC,AAGATGTATCGTGTGCTG,0.22423,False
OXT_11,12,CCCCCCGGGTAAGGGCACAACAGTCCCCCC,GGGTAAGGGCACAACAGT,0.54659,False
OXT_12,13,CCCCCCAATACAGCGGTGTTTCTACCCCCC,AATACAGCGGTGTTTCTA,0.35409,False
OXT_13,14,CCCCCCTATTACACTAGTGGATGGCCCCCC,TATTACACTAGTGGATGG,0.35285,False
OXT_14,15,CCCCCCTTGAGCGTAACGACAGTGCCCCCC,TTGAGCGTAACGACAGTG,0.53745,False
OXT_15,16,CCCCCCAGGGTATAACGTCCTTTGCCCCCC,AGGGTATAACGTCCTTTG,0.7449,False
OXT_16,17,CCCCCCATAAACAGTCTAGCTGTGCCCCCC,ATAAACAGTCTAGCTGTG,0.3758,False
OXT_17,18,CCCCCCAGGAACTACGATCGTGAACCCCCC,AGGAACTACGATCGTGAA,0.64094,False
OXT_18,19,CCCCCCTAACGGGTTATCCATAATCCCCCC,TAACGGGTTATCCATAAT,0.2283,False
OXT_19,20,CCCCCCCCCCCCCCCCCCCCCCCCCCCCCC,CCCCCCCCCCCCCCCCCC,0.44017,True
OXT_20,21,CCCCCCAGGGCCTAGGGATGACGTCCCCCC,AGGGCCTAGGGATGACGT,0.43442,False
OXT_21,22,CCCCCCGAGCAACGGGTCAGCATTCCCCCC,GAGCAACGGGTCAGCATT,0.24612,False
OXT_22,23,CCCCCCACGGGACCGCAGATCGAGCCCCCC,ACGGGACCGCAGATCGAG,1.0463,False
OXT_23,24,CCCCCCAAGTAGGGACAGAATACGCCCCCC,AAGTAGGGACAGAATACG,0.57679,False
OXT_24,25,CCCCCCGGGATTCGGTCATGTCCTCCCCCC,GGGATTCGGTCATGTCCT,0.45586,False
OXT_25,26,CCCCCCTGCATCGCAACAGCAGTTCCCCCC,TGCATCGCAACAGCAGTT,0.73006,False
OXT_26,27,CCCCCCGGGGCATTCACTGAGCTGCCCCCC,GGGGCATTCACTGAGCTG,0.32318,False
OXT_27,28,CCCCCCGTAGAATGGGCATCGTCGCCCCCC,GTAGAATGGGCATCGTCG,0.33972,False
OXT_28,29,CCCCCCAGCGGCGGCGACGGCGAACCCCCC,AGCGGCGGCGACGGCGAA,0.36796,False
OXT_29,30,CCCCCCCCCCCCCCCCCCCCGCCCCCCCCC,CCCCCCCCCCCCCCGCCC,0.83564,True
