checkpoint_file,checkpoint_sha256,architecture,used_for_prediction,dataset,filename_model_number,filename_random_state,recorded_model_number,recorded_random_state,recorded_f1,source_path,source_line,score_source_line,source_sha256,score_evidence,save_evidence
ConvLSTMModel/model_12_rnd_11_oxt_1.0_2.h5,91c186356908248db0e3c503b0ae94a4a7c22899029feed46dd873d53a0b611c,ConvLSTMModel,true,oxt_1.0_2,12,11,12,11,0.9090909090909091,vaelela/vaedeep/NN/status_nn,1397784,1397783,c4655ebc7051ff32af34b38ff1d8350da841bfbc42c8963b657edd8dd75679d6,Model 12 and the random state is 11 F1 Score: 0.9090909090909091,Model 12 saved as ConvLSTMModel/model_12_rnd_11_oxt_1.0_2.h5
ConvLSTMModel/model_2_rnd_1_oxt_1.0_2.h5,d3f73eeb4da99b7a908cc806e53b59532a9cd733826a2c952b68fb7654d42c1f,ConvLSTMModel,true,oxt_1.0_2,2,1,2,1,0.8571428571428571,vaelela/vaedeep/NN/status_nn,1397453,1397452,c4655ebc7051ff32af34b38ff1d8350da841bfbc42c8963b657edd8dd75679d6,Model 2 and the random state is 1 F1 Score: 0.8571428571428571,Model 2 saved as ConvLSTMModel/model_2_rnd_1_oxt_1.0_2.h5
ConvLSTMModel/model_5_rnd_4_oxt_1.0_2.h5,f4152e69bf1d896ddba31c44bfdde380be09b1d91be2930d29713f787d6baa39,ConvLSTMModel,true,oxt_1.0_2,5,4,5,4,0.923076923076923,vaelela/vaedeep/NN/status_nn,1397551,1397550,c4655ebc7051ff32af34b38ff1d8350da841bfbc42c8963b657edd8dd75679d6,Model 5 and the random state is 4 F1 Score: 0.923076923076923,Model 5 saved as ConvLSTMModel/model_5_rnd_4_oxt_1.0_2.h5
ConvLSTMModel/model_7_rnd_6_oxt_1.0_2.h5,198d2441aaf243191b31f25867326277e85e32d610c85541dc2ad91bca24c6e1,ConvLSTMModel,true,oxt_1.0_2,7,6,7,6,0.8333333333333334,vaelela/vaedeep/NN/status_nn,1397617,1397616,c4655ebc7051ff32af34b38ff1d8350da841bfbc42c8963b657edd8dd75679d6,Model 7 and the random state is 6 F1 Score: 0.8333333333333334,Model 7 saved as ConvLSTMModel/model_7_rnd_6_oxt_1.0_2.h5
ConvLSTMModel/model_8_rnd_7_oxt_1.0_2.h5,5a427950dbc6e77e5563999b702e3b26f5e1c6a0be56d3f1c5241fcda71bfb56,ConvLSTMModel,true,oxt_1.0_2,8,7,8,7,0.888888888888889,vaelela/vaedeep/NN/status_nn,1397651,1397650,c4655ebc7051ff32af34b38ff1d8350da841bfbc42c8963b657edd8dd75679d6,Model 8 and the random state is 7 F1 Score: 0.888888888888889,Model 8 saved as ConvLSTMModel/model_8_rnd_7_oxt_1.0_2.h5
ConvLSTPAMModel/model_12_rnd_11_oxt_1.0_2.h5,0356f40178bc33308863bb3fb87d29040e55cffe263a6722534d21bda95d6bb8,ConvLSTPAMModel,false,oxt_1.0_2,12,11,12,11,0.9090909090909091,vaelela/vaedeep/NN/status_nn,1399441,1399440,c4655ebc7051ff32af34b38ff1d8350da841bfbc42c8963b657edd8dd75679d6,Model 12 and the random state is 11 F1 Score: 0.9090909090909091,Model 12 saved as ConvLSTPAMModel/model_12_rnd_11_oxt_1.0_2.h5
ConvLSTPAMModel/model_14_rnd_13_oxt_1.0_2.h5,428683474a32a8bdab942812074d8dda4f2acfef001b56750cf39808f79cbb3b,ConvLSTPAMModel,false,oxt_1.0_2,14,13,14,13,0.8333333333333334,vaelela/vaedeep/NN/status_nn,1399507,1399506,c4655ebc7051ff32af34b38ff1d8350da841bfbc42c8963b657edd8dd75679d6,Model 14 and the random state is 13 F1 Score: 0.8333333333333334,Model 14 saved as ConvLSTPAMModel/model_14_rnd_13_oxt_1.0_2.h5
ConvLSTPAMModel/model_16_rnd_15_oxt_1.0_2.h5,c8d2275dcd61c2ed0b323300f422f4795346eb815cdb954ed764cb9641ad34b8,ConvLSTPAMModel,false,oxt_1.0_2,16,15,16,15,0.8571428571428571,vaelela/vaedeep/NN/status_nn,1399573,1399572,c4655ebc7051ff32af34b38ff1d8350da841bfbc42c8963b657edd8dd75679d6,Model 16 and the random state is 15 F1 Score: 0.8571428571428571,Model 16 saved as ConvLSTPAMModel/model_16_rnd_15_oxt_1.0_2.h5
ConvLSTPAMModel/model_24_rnd_23_oxt_1.0_2.h5,ac98fffffcc2e9905d39556787a015ebd8aa226c2b7fc2ea6c23b029cd5c0529,ConvLSTPAMModel,false,oxt_1.0_2,24,23,24,23,0.8000000000000002,vaelela/vaedeep/NN/status_nn,1399801,1399800,c4655ebc7051ff32af34b38ff1d8350da841bfbc42c8963b657edd8dd75679d6,Model 24 and the random state is 23 F1 Score: 0.8000000000000002,Model 24 saved as ConvLSTPAMModel/model_24_rnd_23_oxt_1.0_2.h5
ConvLSTPAMModel/model_5_rnd_4_oxt_1.0_2.h5,7157b990c35992d582a10003368be27196a85f6d6ed3d2b1552c7b5577b048eb,ConvLSTPAMModel,false,oxt_1.0_2,5,4,5,4,0.923076923076923,vaelela/vaedeep/NN/status_nn,1399215,1399214,c4655ebc7051ff32af34b38ff1d8350da841bfbc42c8963b657edd8dd75679d6,Model 5 and the random state is 4 F1 Score: 0.923076923076923,Model 5 saved as ConvLSTPAMModel/model_5_rnd_4_oxt_1.0_2.h5
ConvModel/model_16_rnd_15_oxt_1.0_2.h5,82a11c3a09a7a62f16395066f1665022425cf7a4ec267da75090a69bc59ce9e3,ConvModel,true,oxt_1.0_2,16,15,16,15,0.8571428571428571,vaelela/vaedeep/NN/status_nn,1396424,1396423,c4655ebc7051ff32af34b38ff1d8350da841bfbc42c8963b657edd8dd75679d6,Model 16 and the random state is 15 F1 Score: 0.8571428571428571,Model 16 saved as ConvModel/model_16_rnd_15_oxt_1.0_2.h5
ConvModel/model_21_rnd_20_oxt_1.0_2.h5,b36a3162a13b39d529f7393c1531b22f879dbb80d94a6819087855d5d3893491,ConvModel,true,oxt_1.0_2,21,20,21,20,0.8333333333333333,vaelela/vaedeep/NN/status_nn,1396436,1396435,c4655ebc7051ff32af34b38ff1d8350da841bfbc42c8963b657edd8dd75679d6,Model 21 and the random state is 20 F1 Score: 0.8333333333333333,Model 21 saved as ConvModel/model_21_rnd_20_oxt_1.0_2.h5
ConvModel/model_37_rnd_36_oxt_1.0_2.h5,339db09b978c03598825d5568d3f521fc8561415711220d1218b411d8be323f3,ConvModel,true,oxt_1.0_2,37,36,37,36,0.8571428571428571,vaelela/vaedeep/NN/status_nn,1396470,1396469,c4655ebc7051ff32af34b38ff1d8350da841bfbc42c8963b657edd8dd75679d6,Model 37 and the random state is 36 F1 Score: 0.8571428571428571,Model 37 saved as ConvModel/model_37_rnd_36_oxt_1.0_2.h5
ConvModel/model_5_rnd_4_oxt_1.0_2.h5,3d7bafe4ec141a6d146d2bf3f0d02009cf128d1d718a2884779266e4f1a08fcd,ConvModel,true,oxt_1.0_2,5,4,5,4,0.8571428571428571,vaelela/vaedeep/NN/status_nn,1396398,1396397,c4655ebc7051ff32af34b38ff1d8350da841bfbc42c8963b657edd8dd75679d6,Model 5 and the random state is 4 F1 Score: 0.8571428571428571,Model 5 saved as ConvModel/model_5_rnd_4_oxt_1.0_2.h5
ConvModel/model_8_rnd_7_oxt_1.0_2.h5,c465a6289e6777ef54e264868b987bdab08714d26dec97899a8cc279fbbe5637,ConvModel,true,oxt_1.0_2,8,7,8,7,0.888888888888889,vaelela/vaedeep/NN/status_nn,1396406,1396405,c4655ebc7051ff32af34b38ff1d8350da841bfbc42c8963b657edd8dd75679d6,Model 8 and the random state is 7 F1 Score: 0.888888888888889,Model 8 saved as ConvModel/model_8_rnd_7_oxt_1.0_2.h5
DenseModel/model_13_rnd_12_oxt_1.0_2.h5,ece2e3376fbbcdbf1474091aea22ab196011d0c0821dd4ea9f01de82570a8ed8,DenseModel,true,oxt_1.0_2,13,12,13,12,0.8571428571428571,vaelela/vaedeep/NN/status_nn,1396499,1396498,c4655ebc7051ff32af34b38ff1d8350da841bfbc42c8963b657edd8dd75679d6,Model 13 and the random state is 12 F1 Score: 0.8571428571428571,Model 13 saved as DenseModel/model_13_rnd_12_oxt_1.0_2.h5
DenseModel/model_21_rnd_20_oxt_1.0_2.h5,5b38f408c08e68921703225657b44c4e32e304c3c996c64b6db3ef413680066c,DenseModel,true,oxt_1.0_2,21,20,21,20,0.923076923076923,vaelela/vaedeep/NN/status_nn,1396517,1396516,c4655ebc7051ff32af34b38ff1d8350da841bfbc42c8963b657edd8dd75679d6,Model 21 and the random state is 20 F1 Score: 0.923076923076923,Model 21 saved as DenseModel/model_21_rnd_20_oxt_1.0_2.h5
DenseModel/model_24_rnd_23_oxt_1.0_2.h5,2c7897be20e7b41edbf98d6e5def2353fe435423cbe26faacfb96d655cd0cda4,DenseModel,true,oxt_1.0_2,24,23,24,23,0.8000000000000002,vaelela/vaedeep/NN/status_nn,1396525,1396524,c4655ebc7051ff32af34b38ff1d8350da841bfbc42c8963b657edd8dd75679d6,Model 24 and the random state is 23 F1 Score: 0.8000000000000002,Model 24 saved as DenseModel/model_24_rnd_23_oxt_1.0_2.h5
DenseModel/model_37_rnd_36_oxt_1.0_2.h5,4b14cedd6a922b184a7de6505ba596cbee0e8b845dd575bcda14eab18bea3441,DenseModel,true,oxt_1.0_2,37,36,37,36,0.8571428571428571,vaelela/vaedeep/NN/status_nn,1396553,1396552,c4655ebc7051ff32af34b38ff1d8350da841bfbc42c8963b657edd8dd75679d6,Model 37 and the random state is 36 F1 Score: 0.8571428571428571,Model 37 saved as DenseModel/model_37_rnd_36_oxt_1.0_2.h5
DenseModel/model_48_rnd_47_oxt_1.0_2.h5,22c47d4e7489a3bed4294118fa01661be90ceb5e3313647e6ec8c82d6e3e8b89,DenseModel,true,oxt_1.0_2,48,47,48,47,0.8000000000000002,vaelela/vaedeep/NN/status_nn,1396607,1396606,c4655ebc7051ff32af34b38ff1d8350da841bfbc42c8963b657edd8dd75679d6,Model 48 and the random state is 47 F1 Score: 0.8000000000000002,Model 48 saved as DenseModel/model_48_rnd_47_oxt_1.0_2.h5
LSTMAttentionModel/model_12_rnd_11_oxt_1.0_2.h5,50631599136ebbdc5c9ce12fa5edb7b3bc887c3254ed64eb085cc1e6b369c547,LSTMAttentionModel,true,oxt_1.0_2,12,11,12,11,0.8333333333333334,vaelela/vaedeep/NN/status_nn,1398209,1398208,c4655ebc7051ff32af34b38ff1d8350da841bfbc42c8963b657edd8dd75679d6,Model 12 and the random state is 11 F1 Score: 0.8333333333333334,Model 12 saved as LSTMAttentionModel/model_12_rnd_11_oxt_1.0_2.h5
LSTMAttentionModel/model_14_rnd_13_oxt_1.0_2.h5,c83da7f69ab07efee487675ea70133c041cc60b2d4547c44f1362904440ec03a,LSTMAttentionModel,true,oxt_1.0_2,14,13,14,13,0.8333333333333334,vaelela/vaedeep/NN/status_nn,1398281,1398280,c4655ebc7051ff32af34b38ff1d8350da841bfbc42c8963b657edd8dd75679d6,Model 14 and the random state is 13 F1 Score: 0.8333333333333334,Model 14 saved as LSTMAttentionModel/model_14_rnd_13_oxt_1.0_2.h5
LSTMAttentionModel/model_22_rnd_21_oxt_1.0_2.h5,a2aa26d701caec517faccc524c8308a935ccd7204b676839e26ccef5a9ad9f40,LSTMAttentionModel,true,oxt_1.0_2,22,21,22,21,0.8333333333333334,vaelela/vaedeep/NN/status_nn,1398563,1398562,c4655ebc7051ff32af34b38ff1d8350da841bfbc42c8963b657edd8dd75679d6,Model 22 and the random state is 21 F1 Score: 0.8333333333333334,Model 22 saved as LSTMAttentionModel/model_22_rnd_21_oxt_1.0_2.h5
LSTMAttentionModel/model_36_rnd_35_oxt_1.0_2.h5,ceee72ad7a3efc142a57a2460445a5c57974e7e0e6db174ba4d48e4fdfb6d9d7,LSTMAttentionModel,true,oxt_1.0_2,36,35,36,35,0.8000000000000002,vaelela/vaedeep/NN/status_nn,1399052,1399051,c4655ebc7051ff32af34b38ff1d8350da841bfbc42c8963b657edd8dd75679d6,Model 36 and the random state is 35 F1 Score: 0.8000000000000002,Model 36 saved as LSTMAttentionModel/model_36_rnd_35_oxt_1.0_2.h5
LSTMAttentionModel/model_5_rnd_4_oxt_1.0_2.h5,7429a0c7dc8c2a483543919c9425b307fe412cbfa2d584185437af0f670006fa,LSTMAttentionModel,true,oxt_1.0_2,5,4,5,4,0.923076923076923,vaelela/vaedeep/NN/status_nn,1397962,1397961,c4655ebc7051ff32af34b38ff1d8350da841bfbc42c8963b657edd8dd75679d6,Model 5 and the random state is 4 F1 Score: 0.923076923076923,Model 5 saved as LSTMAttentionModel/model_5_rnd_4_oxt_1.0_2.h5
LSTMModel/model_16_rnd_15_oxt_1.0_2.h5,9ea2627ef677bd2cbdb642d167efb3ed2bdd58e83d94bb748485e787f3a9bfc5,LSTMModel,true,oxt_1.0_2,16,15,16,15,0.8571428571428571,vaelela/vaedeep/NN/status_nn,1397124,1397123,c4655ebc7051ff32af34b38ff1d8350da841bfbc42c8963b657edd8dd75679d6,Model 16 and the random state is 15 F1 Score: 0.8571428571428571,Model 16 saved as LSTMModel/model_16_rnd_15_oxt_1.0_2.h5
LSTMModel/model_21_rnd_20_oxt_1.0_2.h5,3a30aee0ae29e42728109fece0462a0f9a22e9066f922f4a9530182c1dd73d62,LSTMModel,true,oxt_1.0_2,21,20,21,20,0.8333333333333333,vaelela/vaedeep/NN/status_nn,1397286,1397285,c4655ebc7051ff32af34b38ff1d8350da841bfbc42c8963b657edd8dd75679d6,Model 21 and the random state is 20 F1 Score: 0.8333333333333333,Model 21 saved as LSTMModel/model_21_rnd_20_oxt_1.0_2.h5
LSTMModel/model_22_rnd_21_oxt_1.0_2.h5,5fa373f959a21c8c59c3bd6706e5b63d38a8951d6b838a8ea5aad8e6909d703b,LSTMModel,true,oxt_1.0_2,22,21,22,21,0.8333333333333334,vaelela/vaedeep/NN/status_nn,1397320,1397319,c4655ebc7051ff32af34b38ff1d8350da841bfbc42c8963b657edd8dd75679d6,Model 22 and the random state is 21 F1 Score: 0.8333333333333334,Model 22 saved as LSTMModel/model_22_rnd_21_oxt_1.0_2.h5
LSTMModel/model_24_rnd_23_oxt_1.0_2.h5,d1edc3b592cb818264dfd6cf1b5879bce5a56cfd53d8fe6f50edec20a4a626c3,LSTMModel,true,oxt_1.0_2,24,23,24,23,0.8000000000000002,vaelela/vaedeep/NN/status_nn,1397386,1397385,c4655ebc7051ff32af34b38ff1d8350da841bfbc42c8963b657edd8dd75679d6,Model 24 and the random state is 23 F1 Score: 0.8000000000000002,Model 24 saved as LSTMModel/model_24_rnd_23_oxt_1.0_2.h5
LSTMModel/model_5_rnd_4_oxt_1.0_2.h5,82486889336139b5dcac19e5abe3dcd835e8b0e5c956706e4d0e62f545dbd6ab,LSTMModel,true,oxt_1.0_2,5,4,5,4,0.8571428571428571,vaelela/vaedeep/NN/status_nn,1396770,1396769,c4655ebc7051ff32af34b38ff1d8350da841bfbc42c8963b657edd8dd75679d6,Model 5 and the random state is 4 F1 Score: 0.8571428571428571,Model 5 saved as LSTMModel/model_5_rnd_4_oxt_1.0_2.h5
