sequence,architecture
AGCAGCGCACACGCTGGG,dense
AACACCGCCCCGGCCCCG,dense
AAGCCCGGGGCGGCCCCC,dense
AAGCCCGCGGCCGCCCCG,dense
AGGAGCGAAAACCCAGCG,dense
AAGGCCCGGGGCCCTCCG,dense
AAGACCGCCCTCGCTGCG,dense
CAGGAACGGGCCGGCCCC,dense
AAGCCCGGGGCCGCCCCC,dense
AAGGCCCGGGGCCCACCG,dense
GAGGCACGGGCCGGCCCC,dense
AGGGGCGAGCACGCAGCG,dense
AACACCGCCGCGGCCCCC,dense
CAGGCACGGGCCGGCCCC,dense
AAGGAACAGAACCGAACC,dense
AGGAGGGAAAACCCAACG,dense
AGGGGCGATCACGCAGCG,dense
AAGCCAGGGGCCGCCCCC,dense
AAGGCCGCCCGCGCTGCG,dense
AAGGCACGGGGCGGACCC,dense
AGGAGCGCTCGCGCTGGG,dense
AGGAACGAACACGCAGGG,dense
AAGGCCGCCCTCGCTCCG,dense
AGCACCGCCCTGGCCGGG,dense
AGGAGCGCTCACGCTGGG,dense
AACACCGGGGCGGCCCCC,dense
GAGCCCGGGGCCGCGCCC,dense
AAGAGCGCCCGCGCTGCG,dense
GAGGCACGGGTCGCTCCC,dense
AACACAACGGCGGCCCCC,dense
AACCCCGCCGCGGCCCCC,dense
AACACCGCCGCGGCCCCA,dense
AGGAGCGCACACGCAGGG,dense
GAGGAACGGGCCGGCCCC,dense
GAGCCACGGGCCGCCCCC,dense
AAGAAAGGGGCGACCCCC,dense
GAGGCACGGGCCGGTCCC,dense
AACACCGCCCCGGCCGCG,dense
AGGGAGCAGAACCCAACG,dense
AGGAGCGAACACGCAGCG,dense
AAGGACCAGAACCCACCG,dense
AGGAGCGAACACGCAGGG,dense
GAGGCACGGGCCGGGCCC,dense
AGGAGCGCACACGCTGGG,dense
AGGGGCGAGCACGCACCG,dense
AAGCCCGCCCTCGCTCCG,dense
AAGACCGCCCCGGCCGCG,dense
AGGAGCGCTCTGGCCGGG,dense
AACCCCGCGGCGGCCCCG,dense
AGGAACGAAAACCCAGGG,dense
AGGGAACAGAACCCATCG,dense
AAGGCCCGGGGCCCACCC,dense
AGGGAGCAGAACCCACCG,dense
AAGACCGCCCTGGCCGCG,dense
AAGACAGGGGCGGCCCCC,dense
CAAAAACGGGCAAGCCCC,dense
AGGGGCGAAAACCCAGCG,dense
AGGGAGCAAAACCAAACG,dense
AAGGCCGCCCGCGCAGCG,dense
AGCACCGCCCTGGCCGCG,dense
AAGCCCGGGGCCGCGCCC,dense
AGGGAGGAAAACCCAACG,dense
AGCAGCGCTCTGGCCGGG,dense
AAGGACCAGAGCCCACCG,dense
GAGGAACGGGCCGGTACC,dense
AGGAACGAAAACGCAGGG,dense
CAGCCAGGGGCCGCCCCC,dense
AACCCCGCGGCGGCCCCC,dense
GAGCCCGGGGCCGCTCCC,dense
AGGAACGAAAACACAGGG,dense
CACCCCGCGGCGGCCCCC,dense
CAGCCAGGGGCGGCCCCC,dense
AAGAGCGCTCGCGCAGCG,dense
AGGAACGAACACCCAGGG,dense
AGGGACCAGAACCCACCG,dense
CAGGAACGGGCAGGCCCC,dense
AAGGGCGAGCGCGCACCG,dense
GAGGCACGGGCCGCGCCC,dense
AGGAGCGCTCACGCAGCG,dense
AGCAGCGCACAGGCCGGG,dense
AGGAGCGCTCACGCAGGG,dense
AAGGTACAGGGCGGACCC,dense
AACACAGGGGCGGCCCCC,dense
AGGAGCGATCACGCAGGG,dense
AAGGAACAGAGCCGACCC,dense
AAGCCCGGGGTCGCTCCG,dense
GAGCCCGGGGTCGCTCCG,dense
GAGGAACGGGCCGGGCCC,dense
CAGAAAGGGGCGGCCCCC,dense
CAGGCACGGGCCGCCCCC,dense
AAGGCACAGGGCCCACCG,dense
AGGGAGCAAAACCCAACG,dense
AGGAACGCACACGCAGGG,dense
AAGCCCGCCCTGGCCCCG,dense
GAGGCCTGGGGCCCTCCG,dense
AAGAAAGGGGCGGCCCCC,dense
AAGGGCGCTCGCGCAGCG,dense
AAGCCCGGGCGCGCTCCG,dense
AAGGTACGGGGCCGACCC,dense
GAGGAACGGGCAGGTACC,dense
AAGGGCGCCCGCGCAGCG,dense
AGGGAGGAGAACCCAACG,dense
GAGGAACGGGCAGGGCCC,dense
AGCAGCGCTCGGGCCGGG,dense
AAGGCCTGGGGCCCTCCG,dense
AACACCGCCCTGGCCGCG,dense
AAGCCCGGGCGCCCACCG,dense
CACCCCGGGGCGGCCCCC,dense
AAGCCCGCGCTCGCTCCG,dense
AAGGAACAGGGCCGACCC,dense
CAGGAACGGGCAAGCCCC,dense
AGGAGCGATCACGCAGCG,dense
CAGACAGGGGCGGCCCCC,dense
AAGGCCGCGCGCGCTCCG,dense
AGGAGCGCTCGCGCTGCG,dense
AGCACCGCCCCGGCGGCA,dense
AGCAGCGCACAGGCTGGG,dense
AGGGGCGAGAACGCAGCG,dense
AAGGAACAGGGCGGAACC,dense
AGGGAACAGAACCGAACG,dense
AGGAAGGAAAACCCAAGG,dense
AACCCCGGGGCGGCCCCC,dense
AAGGCACGGGGCGCTCCC,dense
AAGCCCGGGGGCCCTCCG,dense
AAGGGCGCTCACGCAGCG,dense
AAGCCCGGGGCCGCCCCG,dense
AAGGAACAGAAACGAACC,dense
AACAAAACGGCGGCCCCC,dense
AAGACCGCCCGCGCTGCG,dense
AAGGTACAGGGCCGACCC,dense
CAGGAACGGGCAAGCACC,dense
AACACCGCGGCGGCCCCC,dense
AAGGAACGGGGCGGACCC,dense
CAGCCCGGGGCCGCCCCC,dense
GAGGAACGGGCCGGTCCC,dense
AACCCCGCCGCGGCCCCG,dense
AAGGCCCAGAGCCCACCG,dense
AAGAAACGGGCGAGCCCC,dense
AAGGCACGGGGCCCACCC,dense
AAGGAACAGAGCCGAACC,dense
AAGAGCGCCCGCGCAGCG,dense
AAGAGCGCCCTCGCTGCG,dense
AAGGCCGAGCGCGCACCG,dense
AAGGCCGCCCTCGCTGCG,dense
AAGCCCTGGGGCCCTCCG,dense
AGCACCGCCCGGGCGGGG,dense
GAGGCACGGGGCGGTCCC,dense
AAGCCCGGGCTCGCTCCG,dense
AAGCCCGCCCCGGCCCCG,dense
AAGGCCGGGCGCGCACCG,dense
AGCAGCGCCCTGGCCGGG,dense
AAGACCGCCCTCGCCGCG,dense
CAGAAACGGGCGGGCCCC,dense
AGGAGCGCCCTGGCCGGG,dense
GAGCCCGGGGTCGCTCCC,dense
AAGGCACAGAGCCCACCG,dense
AAGGCACGGGGCCCTCCC,dense
AGGGAACAGAACCCAACG,dense
CAGGAACGGGCCGCCCCC,dense
GAGGCCCGGGTCGCTCCC,dense
CAGAAACGGGCCGGCCCC,dense
GAGGCACGGGGCGCTCCC,dense
AGCACCGCCCCGGCGGCG,dense
AACACCGCCCCGGCGCCA,dense
AGGAGCGCCCGCGCTGCG,dense
AGGGAGGAGAACCCACCG,dense
AGCACCGCCCCGGCGGTG,dense
AAGGCCGAGCGCCCACCG,dense
AACACCACGGCGGCCCCC,dense
AAGGCCTGGGGCCCACCG,dense
AAGGAACAGAGCCCACCG,dense
AAGAGCGCTCACGCAGCG,dense
GAGGCACGGGCCGCCCCC,dense
AGCACCGCCCTGGCGGGG,dense
AAGGCCCAGCGCCCACCG,dense
AAGCCCGCGGCGGCCCCG,dense
CAGAAACGGGCAAGCCCC,dense
AGGAGCGAAAACGCAGCG,dense
AAGGCCGCGCGCGCACCG,dense
AAGGAACGGGCCGGACCC,dense
GAGGCACGGGCCGCTCCC,dense
AAGGCCGCCCGCGCTCCG,dense
GAGCCCGGGGGCGCTCCG,dense
AGCAGCGCACAGGCAGGG,dense
AAGAGCGCTCGCGCTGCG,dense
AGGAAGGAAAACCCAACG,dense
AGCACCGCCCCGGCCGCG,dense
AAGGAACGGGGAGGAACC,dense
GAAGAACGGGCAAGCCCC,dense
GAGGAACGGGCAAGCACC,dense
AAGGCCGCCCGCGCACCG,dense
AAGGCCCGGCGCCCACCG,dense
AAGCCCGGGGCCGCGCCG,dense
GAGGAACGGGCAGGGACC,dense
AACCCCGCCCCGGCCCCG,dense
AGCAGCGCTCAGGCCGGG,dense
AAGGCCCGGGGCCCTCCC,dense
AGGAACGAAAACCCAAGG,dense
CAGCCCGGGGCGGCCCCC,dense
AAGGTACGGGGCGGACCC,dense
AACACAGCGGCGGCCCCC,dense
GAGCCAGGGGCCGCCCCC,dense
AAGCCCGGGGTCGCGCCG,dense
AAGGAACAGGGCGGACCC,dense
GAGCCCGGGGGCCCTCCG,dense
AAGCCCGGGGCCGCTCCC,dense
AAGGAACGGGGCGGAACC,dense
CAAGAACGGGCAAGCCCC,dense
CAGACCGGGGCGGCCCCC,dense
AGGGGGGAGCACGCACCG,dense
CAGAAACGGGCGGCCCCC,dense
AAGAAACGGGCGACCCCC,dense
AAGGAACAGAACCCACCG,dense
AGGAGCGCCCGGGCTGCG,dense
AAGCCCGGGGGCGCTCCG,dense
AAGAAACGGGCAAGCCCC,dense
AGGGAACAGAACCCACCG,dense
AAGCCCGCGCCGGCCCCG,dense
AAAAAACGGGCAAGCCCC,dense
GAGGAACGGGCAGGAACC,dense
AGGGGCGATAACCCAGCG,dense
AAGGAACGGGCAGGAACC,dense
AGCACCGCTCTGGCCGGG,dense
AAGACCGCCCTCGCCCCG,dense
CACACCGGGGCGGCCCCC,dense
AAGCCCGCGCTCGCCCCG,dense
AAGGACGAGCACCCACCG,dense
AACACCGCCCCGGCGGCG,dense
AAGGGCGAGCACGCACCG,dense
AACACCGCCCCGGCCCCA,dense
AGGGAGCAGAACCCATCG,dense
AGGAACGAAAACACAGAG,dense
AAGGCCGCGCTCGCTCCG,dense
AGGAGCGCCCTCGCTGCG,dense
AACAAAGGGGCGGCCCCC,dense
AGGACCGCCCTGGCCGCG,dense
AGGAGCGAAAACCCAGGG,dense
AACACCGCCGCGGCCCCT,dense
AAGGCACGGGGCGGTCCC,dense
GAGCCAGGGGCCGCGCCC,dense
AAGGAACAGAACCGAACG,dense
AGCACCGCTCGGGCCGGG,dense
AGGGGGGAGAACCCAACG,dense
GAGCCCGGGCTCGCTCCG,dense
AGGGGCGATAACGCAGCG,dense
AAGCCCTGGGGCCCACCG,dense
AAGGAACAGAAAGGAACC,dense
AAGGAACAGGGCCGAACC,dense
AGGAAGGAAAACAAAGGG,dense
AAGCCCGGGGCGGCCCCG,dense
AGGGGGGAAAACCCAACG,dense
AGCACCGCTCGGGCGGGG,dense
GAGGAACGGGCAAGCCCC,dense
GAGGAACGGGCAGGCCCC,dense
AAGACCGCCCCGGCCCCG,dense
AACACCACCGCGGCCCCT,dense
AAGGGCGATCACGCAGCG,dense
AAGGGCGATCGCGCAGCG,dense
AGGGAACAGAACCGAACC,dense
AAGGCCTAGCGCCCACCG,dense
AACACCGCCGCGGCGCCA,dense
AGCAGCGCACACGCAGGG,dense
AGGAGCGAAAACGCAGGG,dense
AAGGCACGGGGCCGACCC,dense
GAGGAACGGGCCGGAACC,dense
AAGGCCGGCCGCGCACCG,dense
AGCAGCGCACAGGCGGGG,dense
AAGGAACAGGGAGGAACC,dense
AGGGGCGAACACGCAGCG,dense
AAGCCCGCCCTCGCCCCG,dense
AGGGGGGAGAACGCACCG,dense
CAGAAACGGGCGAGCCCC,dense
AAGACCGCCCTGGCCCCG,dense
AGGAAGCAAAACCCAAGG,dense
AACACCGCCCCGGCGGCA,dense
AAGGCCCAGGGCCCACCG,dense
AACACAACGGCGGCCCCT,dense
AGGAGCGCTCAGGCTGGG,dense
AACACCGCCCCGGCCCCC,dense
AGGGACGAGCACCCACCG,dense
ACGAACGAACACACAGGG,dense
AGGAGCGCTCGGGCTGGG,dense
AACACCACGGCGGCCCCT,dense
GAGGCCCGGGGCGCTCCC,dense
AACAAAAGGGCGGCCCCC,dense
AAGGTACAGGGCCCACCC,dense
CAGCCACGGGCCGCCCCC,dense
AAGGCCGAGCACCCACCG,dense
AGCAGCGCTCAGGCTGGG,dense
GAGGAACGGGCAAGGACC,dense
AAGGAACGGGCCGGAACC,dense
AAGCCCGGGCGCCCTCCG,dense
AAGGCCTGGCGCCCACCG,dense
AAGACCGCCCTCGCTCCG,dense
CAGCAAGGGGCCGCCCCC,dense
GAGGCCCGGGGCCCTCCC,dense
GAGCCCCGGGCCGCGCCC,dense
AAGGCACGGGGCCCACCG,dense
ACGAACGAAAACACAGGG,dense
AAGGAACAGGGCCCACCG,dense
AAGGAACAGAACCGACCC,dense
AAGCCCGCCGCGGCCCCG,dense
AAGGCCGAGCACGCACCG,dense
AGGAGCGCTCGGGCCGGG,dense
AGGGGCGCTCACGCAGCG,dense
AGGGAGGAGCACGCACCG,dense
CAGAAACGGGCCGCCCCC,dense
AGCACCGCACGGGCGGGG,dense
AAGCCCGCGGCGGCCCCC,dense
AACACCGCCGCGGCCCCG,dense
AAGAAAGGGGCGAGCCCC,dense
AGGGGGGAGAACCCACCG,dense
AGCAACGCACACGCAGGG,dense
AGGAAGCAAAACCAAAGG,dense
AGGAACGAACACACAGGG,dense
AGGGAGGAGAACGCACCG,dense
AAGGCCGGGCGCGCTCCG,dense
AGGGAGCAAAACCCAAGG,dense
AAAAAACGGGCGAGCCCC,dense
AGGAGCGCACAGGCTGGG,dense
AGGGACGAGAACCCACCG,dense
AGCACCGCCCCGGCGGGG,dense
GAGCCCGGGGGCCCTCCC,dense
AGGGAACAGAACCGACCG,dense
AAGGAACAGAACGGAACC,dense
AAGGAACAGAGCGGAACC,dense
GAGCCCGGGGCCGCCCCC,dense
AGCAGCGCACGGGCCGGG,dense
AAGGAACAGAGCCCACCC,dense
AGGGGCGAAAACGCAGCG,dense
AAGGAACAGGGCCCACCC,dense
AAGGCCGGGCGCCCACCG,dense
AGGGGCGAGAACCCAGCG,dense
AGGGAGGAGCACCCACCG,dense
AGGAACGAACACGCAGAG,dense
AAGGCACGGGGCGCACCC,dense
AGGAAGGAAAACCAAAGG,dense
AGCACCGCCCCGGCGGTA,dense
GAGGCCCGGGCCGCTCCC,dense
AGCAGCGCACGGGCGGGG,dense
AACACAACGGCGGCGCCT,dense
GAGCCCGGGCGCGCTCCG,dense
GAGCCACGGGCCGCGCCC,dense
ACGAACGAAAACACAGAG,dense
AAGCCCGGGGTCGCTCCC,dense
AGGGGGGAAAACCCAGCG,dense
GAGCCCGGGGTCCCTCCC,dense
AGGAGCGCCCTGGCCGCG,dense
AAGGGCGAGCGCGCAGCG,dense
AGGAGCGCTCGCGCAGCG,dense
AGGGAGCAGAACCAAACG,dense
CAGGAACGGGCAGGCACC,dense
AGGACCGCCCTCGCCGCG,dense
AGGGCCGAGCACCCACCG,dense
AAGCCCGGGCGCGCACCG,dense
AAGGTACGGGGCCCACCC,dense
AAGGCACAGGGCCCACCC,dense
AACACAACCGCGGCGCCA,dense
AGGGAGCAAAACCAAAGG,dense
CAGCAACGGGCCGCCCCC,dense
AAGCCCGCGCCCGCCCCG,dense
AGGGGCGAGAACGCACCG,dense
AGGAGCGCTCAGGCCGGG,dense
CAGAAACGGGCAGGCCCC,dense
AAGGAACAGAACCAAACG,dense
AGGGCCGAGCACGCACCG,dense
AACACCACCGCGGCGCCA,dense
AGGGAACAGAACCGACCC,dense
AGGAAGGAAAACAAAAGG,dense
AAGGCACGGGCCGGTCCC,dense
AAGAAAAGGGCGACCCCC,dense
AGGGGGGAGAACCCAGCG,dense
AGGGAACAAAACCAAACG,dense
GAAGAACGGGCAAGCACC,dense
AGGGACGAGCACGCACCG,dense
AGGGAGGAAAACCCAAGG,dense
GAGGAACGGGCCGGGACC,dense
GAGGAACGGGCAGGCACC,dense
AGGACCGCCCTCGCTGCG,dense
GAGGCCTGGGGCCCTCCC,dense
AGCACCGCCCCGGCCGGG,dense
AGGAACGAAAACCCAGCG,dense
AAGGGCGATCGCGCACCG,dense
AAGGAACAGAACCGACCG,dense
AAGGCCTGGGGCCCTCCC,dense
AGGAGCGCCCGCGCTGGG,dense
AGGAGCGCCCGGGCCGGG,dense
AGGAAGGAAAACACAGGG,dense
AGGAACGAAAACACAAGG,dense
AAGCCCGCGGTCGCCCCG,dense
AAGGAACAGAGCCGACCG,dense
AGGAACGAAAACCCAACG,dense
AACACAACCGAGGCGCCA,dense
AGGACCGCCCTGGCCGGG,dense
AAGGAACAGAGAGGAACC,dense
AGGGAACAAAACCAAAGG,dense
AAGCCCGGGGTCGCCCCG,dense
ACGAACGAACACGCAGGG,dense
AACAAAACGGAGGCCCCC,dense
AGGAACGAACACACAGAG,dense
AACAAAAGGGCGACCCCC,dense
AGGGAGGAGAACCCATCG,dense
AAAAAACGGGAGAGCCCC,dense
AAGGGCGCCCGCGCTGCG,dense
AAGGGCGCGCGCGCAGCG,dense
AACAAAACGGAGACCCCC,dense
AAGACCGGGGCGGCCCCC,dense
CAGAAACGGGCGACCCCC,dense
AAGGAACGGGCCGGTCCC,dense
AACACCACCGCGGCCCCA,dense
AAGGACGAGAACCCACCG,dense
AGCAACGCACAGGCAGGG,dense
AGGAACGCACACGCAGAG,dense
CAAGAACGGGCAAGCACC,dense
AAGCCCTGGCGCCCACCG,dense
AAGCCCGGGCTCGCCCCG,dense
CAGGAACGGGCAAGGACC,dense
AGGAGCGCCCGGGCCGCG,dense
CAGAAAGGGGCCGCCCCC,dense
AGGGAACAGAACCAAACG,dense
GAGCCCCGGGTCGCTCCC,dense
AAGGCCCAGAACCCACCG,dense
AACAAAACGGCGGCGCCT,dense
AACAAAGCGGCGGCCCCC,dense
AAGGCCCAGCACCCACCG,dense
AAGGAACAAAACCAAACG,dense
AGGAAACAAAACCAAAGG,dense
AGGAGCGCCCTCGCCGCG,dense
AAGGGCGATCACGCACCG,dense
AAGGCACGGGCCGGACCC,dense
GAGGCCCGGGCCGCGCCC,dense
AAGGAACAGAACCCAACG,dense
AAGCCCGCGCGCGCTCCG,dense
GAGCCCCGGGCCGCTCCC,dense
AGGGGGGATAACCCAGCG,dense
AAGGAACAGGCAGGAACC,dense
GAGGCCCGGGGCCCTCCG,dense
GAGGAACGGGCAAGAACC,dense
AACACGGCCCCGGCGGCA,dense
AAGGAACAGAAACAAACG,dense
AACAAAACGGAGGCGCCA,dense
AGGAAGGAAAACACAAGG,dense
AACAAAGGGGCGACCCCC,dense
GAGGAACGGGCCGGACCC,dense
AACACAACGGCGGCGCCA,dense
AAGGAACAAAACCAAAGG,dense
GGGGGAAAAAAAAAGGGG,lstm
GGGGGGGGGGGGGGGGGG,lstm
GGGGGGGAAAAAAGGGGG,lstm
GGGGGGAAAAAAAGGGGG,lstm
GGGGGGGGAAAGGGGGGG,lstm
GGGGAAAAAAAAAAGGGG,lstm
GGGGGGAAAAAAAAGGGG,lstm
GGGGGGAAAAAAGGGGGG,lstm
GGGGGGGAAAAAGGGGGG,lstm
GGGGGGGAAAAGGGGGGG,lstm
GGGGGGGGGCCGGGGGGG,lstm
GGGGGGGGGGCGGGGGGG,lstm
GGGGGGGAAACGGGGGGG,lstm
GGGGGGGGAACGGGGGGG,lstm
GGGGGGGGAAGGGGGGGG,lstm
GGGGGGGAAACCGGGGGG,lstm
GGGGGGAAAAACGGGGGG,lstm
GGGGGAAAAAAAAGGGGG,lstm
GGGGGGGGACCGGGGGGG,lstm
GGGGGGGAAAACGGGGGG,lstm
GGGGGGGGGAGGGGGGGG,lstm
GGGGGGGGAGCGGGGGGG,lstm
GGGGGGAAAACCGGGGGG,lstm
GGGGGGGAACCGGGGGGG,lstm
GGGGGGGGAGGGGGGGGG,lstm
GGGGGGGGAAAAGGGGGG,lstm
TACCGGGTCATCCATAAT,conv
AGGCTGCGTAAGTCTGCT,conv
ACGAAGGAACAGACAGCG,conv
ATACAGTGTACATCTGCG,conv
GAAAACAGTCTAGCTGTG,conv
TAACGGGTTATCGATAAG,conv
GAGGCAATTACTGAGCTG,conv
TTACAGGGTATAGCTGAG,conv
ATAAACAGTCTAGCTGTG,conv
GAAGAATGGGCATCGTTT,conv
AGGAACGAACATACAGAG,conv
AGCGGCGGCGACGGCGAA,conv
TAGACAGGGCTGACTGTG,conv
ACGACCGAACAAACAGAG,conv
ACGACCGAACAAACAGTG,conv
GACGGCATTCAGGCACGT,conv
GACGACATTAATGCACGT,conv
GAGGACAATCGTGGACGG,conv
TAACGGGTTATCGATAAT,conv
GAGGTCTATCCTGCGCTG,conv
TATTACACTAGTGGATGG,conv
AAGATGTATCGTGTGCTG,conv
ACGACGGAACAAACAGTG,conv
ACAAAGGGTCAAACTGTG,conv
GACACCGGGCTGGCTGTA,conv
AGGAACGAAAAACGAGAG,conv
AAAAACAGTCTAGCTGTG,conv
AGGAACGAACAGACAACG,conv
AAGACCGGACAGACTGTG,conv
GACACCAGGCTGGCTGTA,conv
TAGACCAGTCTAACTGTG,conv
GTAGAATGGGCATCGTCG,conv
GACACCGGGCTGACTGTG,conv
GACACCAGGGTGGCTGTA,conv
AGGAAGGAACAGACAGCG,conv
AGGAACGAAAATACAGAG,conv
GACGACATTCATGCACGT,conv
ATAAAGGGTCCATCTGCG,conv
AAGATGTATCGTGTGCCG,conv
ATCAGCGGCGATACCGTA,conv
GAGGTCTATCGTGTGCTG,conv
AGGAACCAACAGACAACT,conv
GAGACCGCGGTGGCTGTA,conv
AAAGGCATTATCGATATG,conv
ATCACCATCATCATCATC,conv
ATAAAGGGTCAATCTGCG,conv
AACACCGGCCTGACTGTA,conv
ATAAAGAGTCTAGCTGTG,conv
ACGAAGGAACAGACAGGG,conv
GACAGCGGCGTGGCTGTA,conv
GTGGGTGCATTTGCTGTA,conv
ATAGAGGGTACATCGTAG,conv
AGGAACGAACAAACAGAG,conv
GACGACATTAATGGATGG,conv
GAGCAACGGGCAAGCATT,conv
GAGGACATTCATGCTGGG,conv
TAACGGGGTATACATAAT,conv
GATACCATGGTGGCTCTA,conv
AAACGGGTTATCCATAAT,conv
AGCAGCGGCGATGGCGAA,conv
AACATGGTCATCAACAAC,conv
GAGACCAGGCTGACTGTG,conv
AATAACACGATGGGACGA,conv
GAGCAACGGGTCACGATT,conv
AGGGGCGACGACGGAGAA,conv
ATCATCATCATCATCATC,conv
AATTACACGATTGGACGA,conv
AGGAACGAACAGCCAACG,conv
ATAAAGGGTCCAACTGCG,conv
GATACCACGGTGGCTCTA,conv
GAGGACTATCGTGGACGG,conv
GAAGAGGGGGCATCGTCT,conv
GACGACATGAAGGCACGT,conv
GAGAGCGGGGTGGCTGTA,conv
ACGAAGGAACAGACAGAG,conv
ATAAAGGGTCAAACTGCG,conv
GAGGACATTCATGCACGG,conv
ATACAGAGTATAGCTGAG,conv
ACGAAGGAACAAACAGGG,conv
GAGAACAGTCTTGCTGTG,conv
GGGCAACGGAACAATACT,conv
ACGACCGGACAAACAGTG,conv
AGGATGCGTCAGACTGCG,conv
AGGAACGAAAAACCAACG,conv
AGGAACCAACAGCCAACT,conv
ATAGAATGGGCATCGTCG,conv
TAACGGGTTATCCATAAT,conv
GAGGTCTATCGTGTGCGG,conv
ATAAACGGTCTAACTGTG,conv
GAAGACATTCTTGCTGTG,conv
CCGACCTACCCTGCGCCG,conv
ATACAGGGTACATCTTCG,conv
ACAAAGGGTCAAACTGCG,conv
AATACAGCGGTGTTTCTA,conv
AAACGCATCATCGATATT,conv
GAGGCATTTACTGAGCTG,conv
GACGACATTCATGCACGG,conv
AGGAACGAAAATCCAGAG,conv
ATACAGTGTACATCTTCG,conv
AGCAGCGGCGACGGCGAA,conv
AACAGCGGCGATACCGTA,conv
AAAGGCATTATCGATGTG,conv
GATTACATTAATGGATGG,conv
AGGAAGCGTAAGACTGCT,conv
GAGGACTATCGTGCACGG,conv
ACCCCCATCACCACCCTC,conv
AGGAACGAACATCCAGAG,conv
AAAGACATTATAGCTGTG,conv
AGGAGCGACGATGGAGAG,conv
ATCGGCGGCGATGCCGTA,conv
GAGCAATGGGCATGCTTT,conv
GACCGGGTCATCTACAAT,conv
GAAGAGGGGGCATCGTAT,conv
ATAAAGGGTCTAACTGTG,conv
GAGGTCTATCGTGCGCGG,conv
GGGGCATTCACTGAGCTG,conv
ACGACCGGACAAACCGTG,conv
GACACCGGCGTGGCTGTA,conv
ACGAAGGGTCAGACTGCG,conv
GGGGCATTTACTGAGCTG,conv
ATCACCATCATCAACATC,conv
AGGCAGCGTAAGTCTGCT,conv
GAGACAGGGCTGACTGTG,conv
GACACCAGGCTGGCTGTT,conv
GACGGCATGATGGCACGT,conv
GACGACATTAATGGACGG,conv
GACGACATTCAGGCACGT,conv
ATCGGCGGCGTTGCCGTA,conv
ACGACGGGACAAACAGTG,conv
AGCAGCGGCGATGCCGAA,conv
GACGGCAGGCAGGCAGGT,conv
AAGACCGGCCAGACTGTG,conv
AGGAAGGGTCAGTCTGCG,conv
ATACAGGGTACATCTTAG,conv
AGGAAGGGTCAGACTGCG,conv
GAGACAGCGGTGTCTGTA,conv
GACGAGGGCGCATCGTGT,conv
GACCTGGGCTCATGCTGT,conv
TAACGGGGTATCCATAAT,conv
AAGACCGGACAGACAGTG,conv
GAAGAATGGGCATCGATT,conv
AAGACCGGGCAGACTGTG,conv
GAGGACATTCTTGCTGTG,conv
GAACGGGGCATCCATAAT,conv
TATTACACTAGTGGACGG,conv
GGGCAACGGGCATCGACT,conv
ACGACGGGACAAACTGTG,conv
GACACCGGGCTGACTGTA,conv
ACGAAGGGACAAACTGTG,conv
GACGACATTCAGGCACGG,conv
ATAAAGTGTGCATCTGCG,conv
AGGGGCGGCGACGGCGAA,conv
GACTACATTAGTGGATGG,conv
ATACAGGGTACATCTGAG,conv
GACCTGGGCACATGCTGT,conv
GTGGGCGGCTTTGCTGTA,conv
AGGGACGAAGGACGACAT,conv
AAAGGAATCATCGAGATT,conv
ACGAAGGAACAAACAGAG,conv
GTGGGCGGATTTGCTGTA,conv
GAAGAGGGCGCATCGTAT,conv
ATGACGGGTCTAACTGTG,conv
TTACGGGGTATAGCTGAG,conv
GAGGTGTATCGTGTGCTG,conv
GAACGGGGTACATATAAT,conv
GACACCGGGGTGGCTGTA,conv
ATCAGCGGCGATGCCGTA,conv
AAGACCGGGCTGACTGTG,conv
AACCGGGTCATCAACAAC,conv
GAAAACAGTCTTGCTGTG,conv
AGGAACGAAAATCGAGAG,conv
TATAACACTAGTGGGCCG,conv
AGGGCCGAGGGATGAGGT,conv
AAAACCAGTCTAGCTGTG,conv
AGGAACCAAAAGCAAACT,conv
GAGGACATTCTTGCTCTG,conv
TAACGGGGTACACCTAAT,conv
AGGATGGGTCAGACTGCG,conv
AGGCAGGGTCAGTCTGCG,conv
ATCGGCGGCGTCGGCGAA,conv
GAAGAATGGGCATCGTCT,conv
TAGACCGGGCTAACTGTG,conv
AGGGGCGGCTACGGCGAA,conv
AGCAGCGGCGATACCGAA,conv
AAACGAATTATCGATAAT,conv
ATACAGTGTGCATCTGCG,conv
GACGCCATGGTGGCTGTA,conv
ATAACCAGTCTAACTGTG,conv
AACCGCATCATCAATAAC,conv
GACGACATGATGGCACGT,conv
AAGATCTATCGTGTGCGG,conv
AGGAACCAAAAACGAACT,conv
AAGACGGGACAAACAGTG,conv
ATGGGCGGCTTTGGCGAA,conv
GACCTGGTCATCATCAAC,conv
ATAAACAGTATAGCTGAG,conv
GAACGGGGCACATATTAT,conv
AAAGGCATTATCGATAAG,conv
ATAAAGGGTCAAACTGTG,conv
ATCAGCGGCGATGCCGAA,conv
GACACCATGGTGGCTGTA,conv
GGCGCATTCACCGAGCTT,conv
TATTACATTAGTGGATGG,conv
GAGACCGGGCTGACTGTG,conv
GACCGGGTCATCCACAAT,conv
GAGGGTGCATTTGCTGTA,conv
AGGAAGGGACAGACTGCG,conv
AGGCAGCGTAAGTCTGCG,conv
GAGACCAGTCAGGCTGTG,conv
ATCCTCATCATCAACATC,conv
GACCTGGGCACATATTGT,conv
ATACAGGGTATAGCTGAG,conv
ATCGGCGGCGACGGCGAA,conv
AGGCTGCGTAAGTCTGCG,conv
GACGGCATGCAGGCAGGT,conv
GAGGTATATACTGAGCTG,conv
GATAACATGATGGGACGT,conv
GATTACATTAGTGGATGG,conv
AAGACCGGGCAAACTGTG,conv
AGGCAGCGTAAGCAAACT,conv
GGGGCATTCACCGAGCTT,conv
AGGAACGAACAGACAGCG,conv
GACACCGTGGTGGCTGTA,conv
GAGGCAATTCCTGCGCTG,conv
AGCGGCGGCTACGGCGAA,conv
GACACCAGTCAGGCTGGG,conv
TTACAGGGTATAGCTTAG,conv
AGGCTGCGTAAGCATACT,conv
AGGCAGCGGAAGTCTGCT,conv
AAAAACATTCTAGCTGTG,conv
ACGAACGAACAGACAGGG,conv
AGGAACGAAAAACGAACG,conv
TAAACCAGTCTAGCTGTG,conv
GACGCCAGGCTGGCTGTA,conv
AATTACATTAATGGACGT,conv
GAACAGGGCACATCGTAT,conv
GGGTAACAGAACCAAAGT,conv
AGGAACGAAAATCCAAAG,conv
GTCGGCGGCGTTGCTGTA,conv
GAGGGCGGCGTTGCTGTA,conv
GAGGCATTCACTGAGCTG,conv
GACACCATGGTGGCTCTA,conv
AGGAGCGACGACGGCGAA,conv
AGGGACGAAGAACGAGAT,conv
GACCGGGGCACCTATAAT,conv
GAAGACATTCTTGCTCTG,conv
GTAGAATGGGCATCGGCT,conv
GTGGGTGCATTTGGTGTA,conv
AGGCAGCATAAGCCAACT,conv
AACCGCATCATCAATATT,conv
AAGACCGGACAGACCGTG,conv
ATGGGCGGCTTTGGCGTA,conv
GAGCAACGGGCAACGATT,conv
GAGAGTGCGTTTGTTGTA,conv
ATCCCCATCATCAACATC,conv
AGGGCCGAAGAACGAGAT,conv
GTAGAATGGGCATCGTCT,conv
AATACCACGGTGGGTCTA,conv
TAACGGGGTACATCTTAT,conv
AACCGGGTCATCCATAAT,conv
GAGACCGGGGTGGCTGTA,conv
AAACGAATCATCGATAAT,conv
AGGACCGGACAAACAGAG,conv
AGGAACGAACAGACAGAG,conv
GAGGACTATCATGCACGG,conv
ACGAAGGAACAAACAGTG,conv
GGGGCCTTCCCTGAGCTG,conv
TAGACAGGGCTAACTGTG,conv
ACGAAGGGACAGACTGCG,conv
AGGAACGAAAATCCAACG,conv
AATTACACTATTGGATGG,conv
GGGCAACGGAAGACTACT,conv
GAGGACTTTCATGCACGG,conv
GAGGACATTCCTGCGCTG,conv
GAGACCAGTCAGGCTGGG,conv
AGGAACGGAGATACCGAG,conv
TATAACACTAGTGGGCGG,conv
GGGGTATACACTGAGCTG,conv
GAAGGAATCATCGAGATT,conv
TTACAGGGTACATCTTAG,conv
ACGAACGAACAAACAGAG,conv
ATAGAGTGTACATCGTCG,conv
AGGGCCTAGGGATGACGT,conv
ATAAAGGGTCCAACTGTG,conv
AGGAGCGGCGATACCGAG,conv
TATTAAGCTAGTGGATGG,conv
AACACCGGCCAGACCGTA,conv
ACGAAGGGACAGACAGCG,conv
GGGGTATATACTGAGCTG,conv
TTACGGGGTACATCTTAG,conv
AGGAACCATAAGCCAACT,conv
GACGACAATCGTGGACGG,conv
GAGGTCTATCGTGCGCTG,conv
AATACCACGGTGTGTCTA,conv
GACGCCAGGCTGGCTGTT,conv
AATTACACGATGGGACGA,conv
AACCGGGTCATCCACAAT,conv
AACAGCGGCGAGACCGTA,conv
AGGCAACGTAAGCATACT,conv
ACGAAGGGTCAAACTGTG,conv
AGGGGCGACGACGGAGAT,conv
ATACAATGTGCATCGGCG,conv
AATTACACGATTGGATGA,conv
AACAGCGGCGTTGCTGTA,conv
ACGACCGGACAAACAGAG,conv
GAAGCCATTACTGAGCTG,conv
AGACAGCGTAAGTCTGCG,conv
TTACGGGGTATAGATAAG,conv
AATAACACGGTGGGTCGA,conv
AAAGGAATTATCGATATT,conv
TTACGGGGTATAGCTAAG,conv
GAACGGGGCACCCATAAT,conv
AACACCGGCCAGACTGTA,conv
GAACAGGGCACATCTTAT,conv
AGGAACGAAAAACGAAAT,conv
AGGAAGCATAAGCCAACT,conv
AAGACCGGACAAACAGTG,conv
AACCGCATCATCGATATT,conv
GGGCAACGGAACCACATT,conv
TTACAGGGTACATCGTAG,conv
GAGACCAGTCTGGCTGTG,conv
AGGTAACAGAACCAAAGT,conv
TAACGCATTATCGATAAG,conv
AGGAACCAAAAGCGAACT,conv
GGGCAACGTAACCATACT,conv
ACGAAGGAACAGACAGTG,conv
ATAGAATGTGCATCGTCG,conv
ATAGAATGGGCATCGGCG,conv
AAGTACTATAGTGGACGG,conv
TATAACACTCGTGGGCGG,conv
ATAAAGAGTCCATCTGCG,conv
AAGTACAATAGTGGACGG,conv
GAGACCAGTCTTGCTGTG,conv
TAACGGGTCATCCATAAT,conv
GTACAATGGGCATCGACT,conv
AAAGACATTATAGATGTG,conv
TAACGGATTATCGATAAG,conv
AACATCGTCATCAACAAC,conv
GGAGCAATTACCGAGCTG,conv
AACAGCGGCGATGCCGTA,conv
AGGAAGGAACAGACAACG,conv
AACAGCGGCGAGACTGTA,conv
GTGGGCGCATTTGCTGTA,conv
GACGACATTAGTGGATGG,conv
GGGCAACGGGTATCGACT,conv
AGGTACCAGAACCGAAGT,conv
AGGAAGCATAAGACAACT,conv
AAAGACATTCTAGCTGTG,conv
AACAGCGGCGTGGCTGTA,conv
GAGCAACGGGCATCGACT,conv
ATAAAGTGTCCATCTGCG,conv
GACTTGGGCTCCTGCTGT,conv
ATCGCCATCATCAACATC,conv
ATAAACAGTCTAGCTGAG,conv
GAGCAACGGGTCACCATT,conv
GAAGACATTATTGATGTG,conv
GACGGCAGGCTGGCTGTT,conv
GAGCAACGGGTCAGCATT,conv
GACACCAGGCAGGCTGTG,conv
AAACGGGTCATCCATAAT,conv
GACGACATTCATGGACGG,conv
TAACGGGGTATACCTAAT,conv
GATACCGCGGTGTCTGTA,conv
AGGAACGAAGAACGAGAG,conv
GATTACATTAATGGACGG,conv
AAACGAATTATCGATATT,conv
GACGCCATGATGGCTCGT,conv
TTACGCATTATAGATGAG,conv
AATACTGCGGTGTTTCTA,conv
AAGAGTGCGTTTTTTGTA,conv
GACGGCATTCAGGCACGG,conv
ATACAACGGGCATCGGCT,conv
TAGACCAGTCTAGCTGTG,conv
AGGGGCGACGAACGAGAG,conv
ATACAGGGTACATCGTCG,conv
AGGCAGCGTACGTCTGCT,conv
ATAAAGAGTATAGCTGAG,conv
TTACGGGGTACATCTTAT,conv
GAGGACTATCCTGCGCGG,conv
GAGGCCATTACTGCGCTG,conv
GGAGCAATTACTGAGCTG,conv
AATTACACTAGTGGATGG,conv
AGGAACGAACATCCAACG,conv
AAGACCGGGCTAACTGTG,conv
GAGGACTTTCCTGCGCTG,conv
GACGACATTAAGGCACGT,conv
AGGGGCGACGACGGCGAA,conv
GACAGCGGGGTGGCTGTA,conv
AGGAACCAAAAGCGAAGT,conv
GTAGAGGGGACATCGTCG,conv
AACATGGTCATCATCAAC,conv
GACACCGGCCTGACTGTA,conv
AGGAACGACGATGGCGAG,conv
AGGAACCATAAGCAAACT,conv
GGAGCATTTACTGAGCTG,conv
GAGGACATTCCTGCTCTG,conv
AGGATGCGTAAGACTGCG,conv
GACACCAGGCTGACTGTG,conv
AAAGGAATCATCGATATT,conv
GACTACAATAGTGGACGG,conv
TTACACAGTATAGATGAG,conv
ACCGCCTTCACCGACCTC,conv
AGGAACGAAGATACAGAG,conv
AACATCGTCATCATCAAC,conv
ATAAAGGGTACATCTGCG,conv
GGGGCATTCACCGAGCTG,conv
AACCGGGTCATCAACAAT,conv
GAGGTATTTACTGAGCTG,conv
ACGACGGAACAAACAGAG,conv
AAGACCGGCCATACCGTG,conv
GAAGACATTATTGATCTG,conv
GACGACAATCATGCACGG,conv
AAAGACATTATTGATGTG,conv
ACGACGGGTCAAACTGTG,conv
GAACGGGGCACATATAAT,conv
AACAGCGGCGTGACTGTA,conv
AGGAACGAAAAAACAGAG,conv
GACACCAGGCTGGCTGTG,conv
GAGACCAGGCAGGCTGTG,conv
ATCGGCGGCGTTGGCGTA,conv
AGGAACGAAAAACGAAAG,conv
GGCGCCTTCACCGAGCTC,conv
GACCGGGGCACCTACAAT,conv
GACCGGGTCATCCATAAT,conv
ATACAGGGTACATCTGCG,conv
GAAGAATGGGCATCGACT,conv
AAGACAGGGCTGACTGTG,conv
AGGATGTATCGTGTGCCG,conv
TATTATGCTAGGGGATCG,conv
TTACGGGGTATACCTAAG,conv
GAAGCCATTATTGATCTG,conv
GACGTGGGCTCATGCTGT,conv
GGAGCAATCACCGAGCTT,conv
ATAAACAGTCTAACTGTG,conv
GACACCAGGCAGGCTGGG,conv
GAGGCCATTCCTGCTCTG,conv
AGGGCCTAGGGCTGACGT,conv
GAGGCATTTACTGCGCTG,conv
AGGCAACATAAGCAAACT,conv
AATACAGCGGTGTCTGTA,conv
ATACAGGGTCCATCTGCG,conv
AGGAAGCATCAGACAGCG,conv
AGGAACTAAAAACGAAGT,conv
GGAGCAATCATCGAGATT,conv
GAAGACATTCTAGCTGTG,conv
GACGCCAGGCAGGCAGGG,conv
GACGGCATGCAGGCACGT,conv
AAACGGGTTATCGATAAT,conv
GAGAGCGCGGTGGCTGTA,conv
GACGGCATGCTGGCTCGT,conv
ATACAATGGGCATCGGCT,conv
ATAAACATTATAGCTGTG,conv
AGGTACCAGAAGCAAAGT,conv
TATAACGCTAGTGGGCCG,conv
GATACCGCGGTGTCTCTA,conv
AGGCTGCGTAAGTCTACT,conv
AGGTACCAGAAGCGAAGT,conv
GACGGCGGCGTTGCTGTA,conv
AGGCTGCGTAAGACTGCG,conv
GACGCCATGCTGGCTCTT,conv
GACGCCAGGCAGGCTGTG,conv
AGGGGCGGCTTCGGCGAA,conv
AGGGACTAGAGACGACGT,conv
AGGCAGCGTACATCTGCT,conv
GACGCCATGCTGGCTGTT,conv
AGGCAACAGAACCAAAGT,conv
AGGAGCGGCGATGGCGAA,conv
GAGGACATTCATGCTGTG,conv
GAAGAGGGCACATCGTAT,conv
ATCATCATCATCAACATC,conv
AAACGCATTATCGATAAT,conv
AAAGACATTATCGATGTG,conv
AATTAAGCGGTGTGTTTA,conv
AAGACCGGCCATACCGTA,conv
AGGGGCGACGGCTGAGGT,conv
AAGAACTATCGTGGACGG,conv
AGGCAACGGGCATCTGCT,conv
AGGCAACGTAAGCAAACT,conv
GACGCCAGTCAGGCAGGG,conv
GGCGCCTTCACCGAGCTG,conv
ATAAAGGGTCTAGCTGTG,conv
TATAGTGCTCGTCTGCCG,conv
GGGCAACGGAACCATAGT,conv
AGACAGCGTACGTCTGCG,conv
ACGAAGGGTCAAACTGCG,conv
AAGATCTATCGTGTGCTG,conv
GACGGCATTCAGGCAGGT,conv
GTAGAATGGGCATCGACT,conv
AAGACCAGTCTAGCTGTG,conv
TATTAAGCGAGTGGATGA,conv
GTAGAGTGGACATCGTCG,conv
GTAGAATGGGCATCGGCG,conv
TATTACACTAGTGGGTGG,conv
AGGGACTAGGGACGACGT,conv
AACACCGGGCTGACTGTA,conv
GAACGGGGCACACATAAT,conv
AGGGGCGAGGGCGGAGGT,conv
GAAGCATTTACTGAGCTG,conv
ATAAACATTCTAGCTGTG,conv
AGGGGAGCATTCGGCGAA,conv
AGGCTGCGTAAGCCTACT,conv
TTACAGGGTATATCTTAG,conv
GAAGACATTATTGCTCTG,conv
GAAGAAGGGGCATCGTCT,conv
ATAAACAGTATAGCTGTG,conv
ACGACCGGACATACCGTG,conv
GAGCAACGGGTAACGATT,conv
AATATCTATCGTGTGCCG,conv
ACAAAGGGTCAGACTGCG,conv
AGGAAGCAACAGACAACG,conv
TTACAGGGTATAGCTAAG,conv
ATAGAATGTGCATCGGCG,conv
ATAAAGAGTCTAGCTGAG,conv
AGGTACCAAAAGCGAAGT,conv
AGGAACCAACAGCCAACG,conv
AAACGGATCATCCATAAT,conv
AAGACCAGTCTGGCTGTG,conv
TTACAGAGTATAGCTGAG,conv
TTACGGGGTATACCTAAT,conv
GACGGCATTCAGGCAGGG,conv
GAGGGAGCATTTGCTGTA,conv
GACCTGGGCACCTACAAT,conv
TTACAGGGTATATCTAAG,conv
ATAAACATTATAGATGTG,conv
TAACGCATTATCGATAAT,conv
GAGGCCATTACTGCTCTG,conv
GAAGAGGGCACATCGTGT,conv
AACACCGGCCAGACTGTG,conv
GACGGCATTCATGCACGT,conv
CGGATCCATCGTCTGCCG,conv
TAGACCAGGCTGACTGTG,conv
AATTACACTATTGGACGG,conv
ATAACCGGTCTAACTGTG,conv
TAGACCAGGCTAACTGTG,conv
AGGCAACGTAACCAAAGT,conv
AGGGCCGAGGGACGACAT,conv
AGGGGCGACGGCGGAGAT,conv
AATTACACTAATGGATGG,conv
GACCAATGGGCATGCTTT,conv
AGGGGCGACGGAGGAGAT,conv
ATGACCGGGCTAACTGTG,conv
GAGGGCGGAGTTGCTGTA,conv
AGGAACGAAAAACGAACT,conv
GGGCAACGGGTCAGCATT,conv
AGGCTGCGTAAGACTGCT,conv
AAACGAATCATCGATATT,conv
GACGCCAGGCAGGCTGGG,conv
AGGTACCAGAAACGAAGT,conv
GTAGAGGGTACATCGTAG,conv
AGGCAACGGACGTCTGCT,conv
AGGAACGAACATCCAAAG,conv
AAGACAGGGCTAACTGTG,conv
GTGGGCGGCTTTGGCGTA,conv
GAGCAACGGGCATCGATT,conv
AGGAACGAAAAGCCAACG,conv
ATCCTCATCATCAATATC,conv
GACGCCAGTCAGGCTGGG,conv
GACGACATTAATGCACGG,conv
ATCGGCGGCGATGGCGTA,conv
GATAACATGAAGGGACGT,conv
GATACCGCGGTGGCTGTA,conv
TTACGGATTATAGATAAG,conv
TAAACCAGGCTAACTGTG,conv
AATAACTCTCGTGGGCGG,conv
GACGCCATGCTGGCTGTA,conv
AGGCAGCATAAGACAACT,conv
ATACAGTGTGCATCGGCG,conv
GAAGAAGGGGCATCGTTT,conv
GACAGCGGCGTTGCTGTA,conv
GAAGGAATTATCGAGATT,conv
GGGTAACGGAACCAAAGT,conv
AACGGCGGCGTTGCTGTA,conv
GACGGCATGCTGGCTGTT,conv
GTGGGCGGCGTTGCTGTA,conv
GAGCAACGGGCATCGGCT,conv
AGGTAACATAAGCAAACT,conv
AGGAACGAACAGCCAGAG,conv
AATTACACTAATGGACGG,conv
AATACTGCGGTGTTTGTA,conv
AGGAAGCGTCAGACTGCG,conv
ATCCGCATCATCAACATC,conv
GACGCCATGCTGGCTCGT,conv
GAACGGGGTACACATAAT,conv
GACCTGGTCACCTACAGT,conv
AGGGCCGACGGATGAGAT,conv
AGGAGCGGCGACGGCGAA,conv
GGAGGAATCATCGAGATT,conv
GGCGCCATCATCGAGATT,conv
GAGGACATTCCTGCACTG,conv
AGGACCGGACAAACCGAG,conv
AAACGCATCATCGATAAT,conv
GAGAGAGCGTTTGCTGTA,conv
ACGAACGAACAGACAGAG,conv
AGGAACCAAAAGCCAACT,conv
GAGGACAATAGTGGACGG,conv
CCCCCCCTCCCCCCCCCC,conv
AAACGGATTATCGATAAT,conv
GGGCAACGGAACACTACT,conv
ATAAAAAGTATAGCTGAG,conv
GAAGCAATTACTGAGCTG,conv
GAGACCAGGCTGGCTGTG,conv
AGGCAGCGTACGTCTGCG,conv
GTACAATGGGCATCGGCT,conv
AAAGGCATTATCGATATT,conv
AAGAACTATCGTGTGCGG,conv
GACCGGGGCACATATAAT,conv
GAAGAGGGTACATCGTAT,conv
TTACGGGGTATAGATGAG,conv
AGGATGCGTAAGACTGCT,conv
GACGCCATGATGGCACGT,conv
GAGCAACGGGCATGCATT,conv
ATCATCGTCATCATCATC,conv
AGGAACGAAGATGGAGAG,conv
ATACAATGGGCATCGGCG,conv
GACGGCATGAAGGCACGT,conv
GAGCAATGGGCATCGATT,conv
GGAGCCATTACTGAGCTG,conv
TAACGGGGTATCGATAAT,conv
AATTACACGATTGGACGT,conv
ATAAACATTATAGATGAG,conv
GAGGTCTATCCTGAGCTG,conv
GAGGACTTTCCTGCACGG,conv
AGGAACGAAAAACGAAGT,conv
TAACGGATTATCGATAAT,conv
GACACCGGGCTGACTGTT,conv
GGGCAACGGAACACCATT,conv
TATTAAGCGGGTGGTTGA,conv
AATTACAATAGTGGACGG,conv
GACCTGGGCTCCTGCAGT,conv
GTGGGCGGAGTTGCTGTA,conv
AGGGGCGACGATGGAGAT,conv
GAGGACATTCAGGCACGG,conv
TATTATGCTAGGGGGTCG,conv
AATAGTGCGTTTTTTCTA,conv
ACCGCCTTCCCCGCGCCC,conv
GACGACATTAGTGGACGG,conv
GAGAGCGGCGTGGCTGTA,conv
AGGCAGGGTAAGTCTGCG,conv
GACGCCATTCAGGCAGGG,conv
ATGGGCGGCTTCGGCGAA,conv
GACTTGGGCTCATGCTGT,conv
AGGGGAGCCTGCGGAGGC,conv
GACCAAGGGGCATGCTTT,conv
ATCGCCATCATCAACCTC,conv
GACTACATTAATGGATGG,conv
TACTACAATAGTGGACGG,conv
AGGGCCGAAGAATGAGAT,conv
AGACAACGTGCATCTGCT,conv
GAGGACTATCGTGCGCGG,conv
GATACCACGGTGGGTCTA,conv
AGGTACCAGAACCAAAGT,conv
AGGATGTATCGTGAGCTG,conv
AAGGTGTATCGTGAGCTG,conv
AATATCTCTCGTGTGCCG,conv
GACCTGGGCGCATGCTGT,conv
AGCGCCATCATCGACCTC,conv
AGGAACCAACAGACAACG,conv
ATCACCGGCGATACCGTA,conv
AGGAACCAAAAACGAAGT,conv
GACACCGGCGTGACTGTA,conv
ATAGAGTGTGCATCTGCG,conv
AATAGTGCGTTGTTTCTA,conv
GAACAGGGCACATATTAT,conv
GAAGAGGGGACATCGTAT,conv
GAACGGGGTACATCTTAT,conv
ATAAAGGGTACATCTGAG,conv
GTACAGGGTACATCGTAT,conv
AATACAGCGGTGTTTTTA,conv
AGGTACCAGAAGCAAACT,conv
TATAACACTCGTGGGCCG,conv
AACATCGTCATCATCATC,conv
ACCCCCTTCACCGCCCCC,conv
GTAGAGTGGGCATCGTCG,conv
AGGGGAGCCTACGGCGAA,conv
GGAGCAATCATCGAGCTT,conv
GACGAGGGGGCATGCTGT,conv
AGTATGTCTCGTCTGCCG,conv
AACAGCGGCGTTGCCGTA,conv
GATAACATGGTGGGACGA,conv
AACCGCATCATCAATATC,conv
AGGGGCGACGATGGAGAG,conv
GAGGTGTATCGTGAGCTG,conv
AGACAGTGTACATCTGCG,conv
ATAGAGTGTGCATCGTCG,conv
GGCGCAATCACCGAGCTT,conv
AGGTAACAGAAGCAAAGT,conv
GACGACAATCGTGCACGG,conv
AGGAACCATAAGACAACT,conv
TATTAAGCTAGTGGATGA,conv
GGGCAACGGAACACTATT,conv
AAAAACATTATAGATGAG,conv
GACGCCATGGTGGCTCGT,conv
AGGAAGCAACAGACAGCG,conv
AGGCAACGTAACCATAGT,conv
AGGCAGCGTAAGCATACT,conv
GACGCCATGGTGGCTCTA,conv
AATTACACGGTGGGACGA,conv
GTCGGCGGCGTTGCCGTA,conv
ATACAGTGTCCATCTGCG,conv
AGCGCCATCATCGACATC,conv
GACCGGGTCATCAACAAT,conv
AGGGCCTAGGGATGACAT,conv
GAGGACAATCATGCACGG,conv
AGGAGCGACGATGGCGAG,conv
GATAACATTAAGGGACGT,conv
AATTAAACGAGTGGATGA,conv
ACGACGGAACAAACTGTG,conv
GACGAGGGCACATCGTGT,conv
TAACGGGGTACACATAAT,conv
GGGCAGCGGAAGACTACT,conv
GAGGTATATCCTGCGCTG,conv
GACACCATGGTGGCTCGA,conv
ACCCCCCTCACCACCCCC,conv
GACCGGGGCATCTATAAT,conv
GAAGAGGGGGCATCGTGT,conv
AGGACCGGAGATACCGAG,conv
GATACAGCGGTGTCTGTA,conv
GGGGTATACCCTGAGCTG,conv
GAAGAGGGCGCATCGTGT,conv
GGGCAACGGAACCATACT,conv
GAGGGCGGATTTGCTGTA,conv
AGGCAGCATAAGCAAACT,conv
TAAACCAGTCTAACTGTG,conv
GACCAGCGGGCAAGCATT,conv
AACACCGGGCTGACTGTG,conv
AATTAAGCGGTGTTTTTA,conv
AGGGGAGGCTTCGGCGAA,conv
AAGACCGGACATACCGTG,conv
AGGACCGGACATACCGTG,conv
GGCGCCATCATCGAGATC,conv
GACCGGGGCATCCATAAT,conv
GAGGACATTCATGCTCTG,conv
AGGAAGCGTAAGACAGCT,conv
GGGCAACGGAAGTCTACT,conv
GACCTGGTCATCAGCAAT,conv
AGGAACGACGAACGAGAG,conv
GACGACAATAGTGGACGG,conv
AGCGCCATCACCGACCTC,conv
AGGAAGCAACAGACAACT,conv
AACCGGATCATCCATAAT,conv
GACGAGGGGGCATCCTGT,conv
AATAACTATCGTGTGCTG,conv
AGGAACGAACAGCCAGCG,conv
AGCGCCATCACCAACCTC,conv
AGGAGCGGCGATGGCGAG,conv
TATAATGCGGGGTTTTTA,conv
GAGGAATTTCCTGCGCTG,conv
GAGGGTGCGTTTGCTGTA,conv
AGGAACCAACAGCGAACT,conv
ATAAACAGTATAGATGAG,conv
GTGGGAGCATTTGCTGTA,conv
ACGACGGGTCTAACTGTG,conv
GACGTGGGCACATGCTGT,conv
GACGGCATGCAGGCTGGT,conv
GTAGAGGGTACATCGTCG,conv
GAGGACATTCATGCACTG,conv
GAAGGCATTATCGAGATG,conv
GTGGGCGGATTTGGTGTA,conv
GAGGACTATCGTGTACGG,conv
AGCAGCGGCGACGCCGAA,conv
GAGACAGCGGTGGCTGTA,conv
AGCCCCATCATCGACATC,conv
CCGATCCATCGTCCGCCG,conv
GGAGGAATTATCGAGATG,conv
ATCAGCGGCGACGGCGAA,conv
AGGATGTATCGTGAGCCG,conv
GACCAACGGGCAAGCATT,conv
AGCGCCTTCACCGACCTC,conv
ATACAGTGTACATCGTCG,conv
CCCCCCTTCCCCGCCCCC,conv
GAGGTGTATCCTGAGCTG,conv
GAGGACATTCAGGCTGGG,conv
ATACAGGGTACATCGTAG,conv
GACCTGGGCACCTACAGT,conv
ATAAAGAGTCCAGCTGTG,conv
GAAGACATTATTGCTGTG,conv
GGAGCAATCATCGAGCTG,conv
AATACAGCGGTGTCTCTA,conv
AAAGGCATTATAGATGTG,conv
AATTACATTAATGGACGG,conv
GATTACACGATGGGACGT,conv
AGCCCCATCATCGAGATT,conv
AAGACCAGGCTGACTGTG,conv
AAGACCGGCCAGACTGTA,conv
GAGGACAATCGTGCACGG,conv
AGGGGAGCCTTTGGCGAA,conv
GAGGTATATAGTGAGCTG,conv
AGGAAGCATAAGACAGCT,conv
AGGTACCATAAGCAAACT,conv
AGGCAACGTGCATCTGCT,conv
AATACCGCGGTGTTTCTA,conv
TGTAGTTCTCGTCTGCCG,conv
AGGGACCAGAGACGAAGT,conv
TATTACAATAGTGGATGG,conv
GGGCAACGGAACAGCATT,conv
AAGACAGCGGTGTCTGTA,conv
ATAAAGAGTCCAACTGTG,conv
TATTACAATAGTGGACGG,conv
GAGGCCAGTCAGGCTGTG,conv
AGGAACGAAGATAGAGAG,conv
AATACCACGGTGGGTCGA,conv
AGGAACGAAAATAGAGAG,conv
ATAACGGGTCTAACTGTG,conv
GGGCAACGGAAGTCTGCT,conv
AAGACGGGACAAACTGTG,conv
AAGGTGTATCGTGTGCTG,conv
AGCCCCATCATCGAGATC,conv
GACCTGGTCACCTGCAGT,conv
TAGACCGGGCTGACTGTG,conv
ATAGAGTGTGCATCGGCG,conv
AGGCAACGGGCATCGGCT,conv
AGGACCGAACAAACAGAG,conv
AGGCAACGTAACCATACT,conv
AAGAACAGTCTAGCTGTG,conv
AGGGCCGAGGGATGAGAT,conv
AATATGTATCGTGTGCCG,conv
GAACGGGGCACATCTTAT,conv
GGGGGTGCATTTGGTGTA,conv
GACGAGGGGGCATCGTGT,conv
GATTACATTAATGGACGT,conv
TTACAGGGTATACCTAAG,conv
AGGAGCGGAGATACCGAG,conv
GAGGACTTTCCTGCGCGG,conv
GAGGCCATTCAGGCTGGG,conv
AGACAGCGTACATCTGCG,conv
AGGGACCAGAAACGAAGT,conv
GACGAGGGCGCATCCTGT,conv
GGGCAACGGAACAACATT,conv
GAACAATGGGCATGCTTT,conv
CCCCCCTTCCCCGCGCCC,conv
TATAACACTCGTGTGCCG,conv
GACCTGGGCACATATTAT,conv
AGGAAGGATCAGACAGCG,conv
AAGTACTATCGTGGACGG,conv
AAGGTCTATCGTGTGCGG,conv
GACCTGGTCATCAACAAT,conv
ATAAAGAGTCCAGCTGAG,conv
GAGGACATTCATGCTCGG,conv
AGGAGCGGCGATAGCGAG,conv
GATACCGCGGTGGCTCTA,conv
AGGTACCAAAAGCAAACT,conv
AACCGCATCATCAACAAC,conv
GGGGTGTATCCTGAGCTG,conv
GACCTGGGCACCTGCAGT,conv
GGGGCATACCCTGAGCTG,conv
GAAGCCATTACTGATCTG,conv
TATTATGCTAGTGGATGG,conv
TTACGGGTTATAGATAAG,conv
AGACAGTGTACGTCTGCG,conv
GTAGAGGGTACATCGTAT,conv
AATTACACGGTGGGTTGA,conv
GAACGGGGTACATCTAAT,conv
AGGCAACGGAAGTCTGCT,conv
GACGGCAGGCAGGCTGTT,conv
GATACCATGGTGGGTCGA,conv
GAACAGGGTACATCGTAT,conv
GACGGCAGGCAGGCTGGT,conv
AGGCAGCGTAAGACAACT,conv
ATCGGCGGCGACGGCGTA,conv
GTAGAGGGGGCATCGTCT,conv
AATAACTATCGTGGGCGG,conv
TAACGGGGTATAGATAAT,conv
AGGGGCGACGAAGGAGAT,conv
AGGCTGCGTAAGACAACT,conv
AGGGACGAAAAACGAGAT,conv
AGGGCCGACGAATGAGAT,conv
AGGGGTGCATTCGGCGAA,conv
AGGAACGAAGATACCGAG,conv
AGGGGCGACGGCGGAGGT,conv
AATACCGCGGTGTCTCTA,conv
GAGGACTATCGTGTGCGG,conv
TTACGGGGTATACATAAT,conv
TATAGCGCTCGTGTGCCG,conv
GAAGGAATTATCGAGATG,conv
AGGGCCGAAGGACGACAT,conv
TATAACTCTCGTGTGCCG,conv
AGGAACGAAGATCGAGAG,conv
AACACCGGCCATACCGTA,conv
GACCGGGGCACATATTAT,conv
TTAGAGGGTACATCGTAG,conv
TTACACAGTATAGCTGAG,conv
GACGACATTAATGGACGT,conv
ACGAAGGGACAGACAGTG,conv
AGGGTGTACCCTGAGCTG,conv
GAGGCCAGTCAGGCTGGG,conv
TAAAGCATTATAGATGAG,conv
TATAGCTCTCGTGTGCCG,conv
AGGGGAGGCTACGGCGAA,conv
GACACCGCGGTGGCTGTA,conv
GGAGCATTCACCGAGCTG,conv
AGGGACTAAAGACGACGT,conv
GTGGGCGGCGTTGCCGTA,conv
AAAGGCATTATCGAGATG,conv
GGGCAACGGAACCGCATT,conv
GAGGGCGCATTTGCTGTA,conv
AGGGGCGGCGGCGGAGGA,conv
AGGAAGCATCAGACAACT,conv
AGGGGCGGCTGCGGAGGA,conv
GGCGCCATCACCGAGCTT,conv
GGGCAACGGAACCACAGT,conv
AGGAACCAGAAACGAAGT,conv
GACGCCAGGGTGGCTGTA,conv
AGGTACCAAAAACGAAGT,conv
AGGACCGGACATACCGAG,conv
ATACAATGTGCATCTGCG,conv
AGGGACTAGAGACGAAGT,conv
GTACAACGGGCATCGGCT,conv
ACGAAGGGACAAACAGTG,conv
GAGGCCATTCAGGCAGGG,conv
ATAGAGTGTACATCTGCG,conv
GATACCATGGTGGCTCGA,conv
TATATCTCTCGTGTGCCG,conv
AGGGGCGCCTGCGGAGGC,conv
GAAGCCATTATTGAGCTG,conv
GACCTGGGCACATCCTGT,conv
ACCCCCTTCACCACCCCC,conv
AAACGAATCATCGAGATT,conv
GAAGAAGGGGCATCGTGT,conv
GACAACATGATGGCACGT,conv
AATAACACGGTGGGACGA,conv
GACGAGGGCGCATGCTGT,conv
AAAGGCATTATCGATGAG,conv
ACGACGGGGCAAACTGTG,conv
AGCAGCGGCGATACCGAG,conv
AGGGGCGAGGGCGGAGGC,conv
AGGAACCAAAAGACAACT,conv
GAACAATGGGCATCGTTT,conv
AGGAACGACGATCGAGAG,conv
GAGGTATATCGTGAGCTG,conv
AATTACACGAGTGGATGA,conv
AGGGGCGACGGATGAGAT,conv
AATTACACGGTTGGTTGA,conv
AATTAAGCGGTGTTTCTA,conv
AGGGACGACGAACGAGAT,conv
AATACTGCGGTGTTTTTA,conv
GAACGGGGCACCTATAAT,conv
AATTACACGGTTGGATGA,conv
GAGGACTTTCCTGCACTG,conv
GAGGTCTTTCCTGCGCTG,conv
ATCCCCATCATCAATATC,conv
GTGGGCGGCTTTGGTGTA,conv
AGGGGCGCGTGCGGAGGC,conv
GGGGTATATCCTGAGCTG,conv
AGGAACGAAGATAGCGAG,conv
AGGGGAGCGTGCGGAGGC,conv
ACGAAGGAACAAACTGTG,conv
TATTACACTAGTGGGCGG,conv
GAAGGAATTATCGAGCTG,conv
GGCGCATTCACCGAGCTG,conv
GGCGCCTTCACCGAGCTT,conv
GAGAGAGCGTTGGCTGTA,conv
GAGACCAGTCTAGCTGTG,conv
AGGGGCGACGAACGAGAT,conv
AGGGTGTATCGTGAGCTG,conv
GTAGAGGGGACATCGTAG,conv
GAGAGAGCGGTGGCTGTA,conv
GACGACATTCGTGGACGG,conv
GAAGACATTACTGATCTG,conv
GACGGCATGCAGGCTCGT,conv
ACGACCGGACAAACCGAG,conv
AATAACTATCGTGTGCGG,conv
GATACCGTGGTGGCTGTA,conv
TTACACATTATAGATGAG,conv
AATACAGCGGTGTTTGTA,conv
GGGCAACGGGCATCGGCT,conv
ATCGGCGGCGTCGGCGTA,conv
TTACGGGGTATACATAAG,conv
AGGAACGACGATGGAGAG,conv
GACAACATGAAGGGACGT,conv
GACCAGGGGGCATGCTGT,conv
GAGGACTATCCTGCGCTG,conv
GGCGCCATCACCGAGCTC,conv
AGGGACGACGAACGAGAG,conv
AGGTAACATAAGCAAAGT,conv
GGCGCCATCACCGACCTC,conv
GGGCAACGGGTCACCATT,conv
AGGATGTATCGTGTGCTG,conv
TATAGCGCTCGTCTGCCG,conv
AACCGCATCATCCATAAT,conv
ACCACCCTCACCACCCCC,conv
AACCGCATCATCCATATT,conv
AGGCAGCGTAAGAATACT,conv
AGGAACGAAAAACGAGAT,conv
GGCGCAATCATCGAGATT,conv
GGGGCATACACTGAGCTG,conv
ATAGAGTGGACATCGTCG,conv
AGGAGCGACGATAGCGAG,conv
GGGCAACGGGTGTCTGCT,conv
GACTACATTAATGGACGG,conv
AGGGCCGAAGGACGAGAT,conv
GAGGCATTTCCTGCGCTG,conv
AGGGCCTAGGGACGACGT,conv
AGGGGCGGCGGCGGAGAA,conv
AAGAACTATCGTGGGCGG,conv
GAGGTATTTCCTGCGCTG,conv
GAGGGCGCAGTTGCTGTA,conv
GAGGACAGTCTTGCTGTG,conv
GAGAGTGCGTTTGCTGTA,conv
TTACGGGGTATCGATAAG,conv
AGGCAACGGAACCAAAGT,conv
GATACCGTGGTGGCTCTA,conv
CCCCCCCCCCCCGCGCCC,conv
TTAAACATTATAGATGAG,conv
AGGAACGAAAAACGACAT,conv
AAGACAGCGGTGTTTGTA,conv
ACCGCCTTCACCGCCCCC,conv
ATACAGGGTATATCTGAG,conv
GACCTGGGCACATGTTGT,conv
TATTAAGCGGGGTTTTTA,conv
AAAAACATTATAGCTGTG,conv
TATAAAGCGGTGTTTTTA,conv
GGAGCAATCACCGAGCTG,conv
TATAACACTCGTGTGCGG,conv
TATTAAGCGGGTGGTTTA,conv
AACACCGGCGTGACTGTA,conv
GGCGCCATCATCGAGCTC,conv
GAGGCCATTCATGCTGTG,conv
CCCCCCTACCCCGCGCCC,conv
AAAGACATTATTGCTGTG,conv
TTACGGGGTACACCTAAT,conv
AATACCACGGTGTTTCTA,conv
AGGGTATACCCTGAGCTG,conv
GAGGTATTTACTGCGCTG,conv
ACCGCCATCACCGACCTC,conv
AGGCAGCGTAAGTCTACT,conv
GAGCAATGGGCATGCATT,conv
AGACAGGGTAAGTCTGCG,conv
AGCCCCATCATCGATATT,conv
ATCACCATCACCATCCTC,conv
TATTATGCTAGGGGATGG,conv
GCCGCCTTCCCCGAGCCG,conv
AGGGGCGGCGACGGAGAA,conv
AAGATCTATCGTGTGCCG,conv
GAGGCCATTCATGCTGGG,conv
AATTAAGCGGTGGGTTTA,conv
GACAGCGGCGTGACTGTA,conv
AAGACCGGCCAGACCGTA,conv
AATAGTGCGTTGTTTGTA,conv
GACGCCAGGCAGGCAGGT,conv
AGGCTGCGTAAGCCAACT,conv
AGGGACTAGAAACGAAGT,conv
AGGGGCGACGGCGGAGAA,conv
AGACAACGGGCATCGGCT,conv
AGGAACGAACATCCAGCG,conv
AATTAAGCGGGTGGTTGA,conv
AGGAGCGACGATGGCGAA,conv
TATAACTCTCGTGGGCGG,conv
AATAACAATCGTGGACGG,conv
AATAAAGCGGTGTTTCTA,conv
GATAACATGATGGGACGA,conv
GAGGACATTCCTGCACGG,conv
AGGCTGCGTCAGTCTGCG,conv
GACCAGGGCACATCGTGT,conv
GACGGCATGCTGGCTCTT,conv
AGGGGCGACGAAGGAGAG,conv
GATTACATGATGGGACGT,conv
GATACCACGGTGGGTCGA,conv
GACCTGGGCACATGCAGT,conv
GACGAAGGGGCATCGTTT,conv
TTAAACAGTATAGATGAG,conv
GCCGCCTTCACCGAGCTC,conv
GGGCAACGGAACAATATT,conv
AATTACATTAATGGATGG,conv
AATTACACGGTGGGTCGA,conv
AGGCAGCGTAAGCCAACT,conv
AGGCAGCGGAAGACTACT,conv
AAAGACATTATAGATGAG,conv
ATGACCGGTCTAACTGTG,conv
GAGCAACGGGTAAGCATT,conv
ATAAAGGGTCAGTCTGCG,conv
GAGGTATATCCTGAGCTG,conv
GAACGGGGTATCCATAAT,conv
ATCGCCATCACCAACCTC,conv
GACGGCAGGCAGGCAGGG,conv
AAAGACATTATTGATCTG,conv
GAGGCCATTACTGAGCTG,conv
GATAACATGATGGCACGT,conv
ATCCGCATCATCAATATC,conv
AGGAAGCGTAAGACAACT,conv
AGGGGCGGCTGCGGAGGC,conv
AGGGCCGAAGAACGAGAG,conv
GAACAATGGGCATCGACT,conv
AGGGGCGGCTGCGGCGAA,conv
GACGCCAGGCAGGCTGGT,conv
TATAGTGCGGGGTTTTTA,conv
GGGCAACGGGTCACTATT,conv
ATCGGCGGCGTTGCTGTA,conv
GTAGAGTGGGCATCGTCT,conv
GGGCAACGGGAGTCTGCT,conv
ATAAAGAGTCCATCTGTG,conv
GACGACATGGTGGCACGT,conv
AGGCAACGTGCGTCTGCT,conv
AATACAACGGTGTTTCTA,conv
AGACAGCGTGCATCTGCT,conv
TATAGTGCTCGGCTGCCG,conv
TAAACCGGGCTAACTGTG,conv
TTACGGATTATAGATGAG,conv
GGGCAACGGAACCGCAGT,conv
GATAACATGGTGGCACGA,conv
AGGGGAGCCTTCGGCGAA,conv
AGGGCCTAGGGATGAGGT,conv
AGGATGTACCCTGAGCCG,conv
AGGGCCGACGGATGAGGT,conv
GACCTGGGCTCAAGCTGT,conv
AGGCAGCGTCAGTCTGCG,conv
GAGACCGCGGTGTCTGTA,conv
ATCACCATCACCACCCTC,conv
GACCTGGTCATCAGCAGT,conv
GAGAGCGCGGTTGCTGTA,conv
GGGCAACGGGTGACTATT,conv
AATTAAGCGGGGTGTTTA,conv
AAGATGTATCGTGTGCGG,conv
AAACGGATCATCGATAAT,conv
GGGCAACGGGCATCTGCT,conv
AACAGCGGCGTTACTGTA,conv
AGGAAGCATCAGACAGCT,conv
GATAACACGGTGGGACGA,conv
AGGGACTAAAAACGAAGT,conv
AATTACTATCGTGGACGG,conv
AGACAGTGTAAGTCTGCG,conv
GACGCCATGATGGCTCTT,conv
AGGCAACATAAGCAAAGT,conv
AGGGCCGAGGGATGACAT,conv
AGGGGCTAGGGCTGAGGT,conv
AGGGGCGCCGGCGGAGGC,conv
GACGACATTAAGGGACGT,conv
GGCGCCTTCACCGACCTC,conv
GAGGACATTCAGGCAGGG,conv
TAACGGGGCATCCATAAT,conv
GGGGCCTTCACCGAGCTG,conv
GGGCAACGGAACCAAAGT,conv
ACGAAGGGACAGACTGTG,conv
AGGGGCGACGGATGAGGT,conv
AAAGGCATTATAGATGAG,conv
ATGACGGGGCTAACTGTG,conv
GAGGCAATTACTGCGCTG,conv
GGGGCATTCCCTGAGCTG,conv
ATGACCGGCGATACCGTG,conv
TAACGCATTATAGATAAG,conv
ATACAACGTGCATCTGCT,conv
GGAGCATTTACCGAGCTG,conv
AAAAACATTATAGATGTG,conv
TGTAGTGCTCGGCTGCCG,conv
ATAAAAAGTCTAGCTGAG,conv
GACGTGGGCGCATGCTGT,conv
ATAAAAAGTCTAGCTGTG,conv
TTACGGATTATCGATAAG,conv
AGGGGCGACGATGGAGAA,conv
AGGCAACGTACGTCTGCT,conv
GTGGGAGCATTTGGTGTA,conv
GATACCACGGTGTCTCTA,conv
GACGGCATGCTGGCACGT,conv
AGACAGGGTCAGTCTGCG,conv
AGGCAACGTAAGCAAAGT,conv
ATACAGGGTATATCTTAG,conv
GAGGAAATTCCTGCGCTG,conv
TATAACGCTCGTGTGCCG,conv
AATAAAGCGGTGTTTTTA,conv
AACCTGGTCATCAACAAC,conv
GGAGCAATTATCGAGCTG,conv
GACCTGGTCATCAGCAAC,conv
TTAACCAGTCTAACTGTG,conv
GACCTGGGCTCATGCTTT,conv
AGAAAGGGTCAGTCTGCG,conv
TATTATGCTAGGTGATTA,conv
GAGGCCAGTCATGCTGTG,conv
AGGACCTACCCTGAGCCG,conv
GAGAGCGCGTTTGCTGTA,conv
TATTATGCTAGGTTATTA,conv
GGGCAACGGGCGTCTGCT,conv
CCCCCCCTCACCCCCCCC,conv
AGGAACGAAAATCGAAAG,conv
GAGGCCAGTCAGGCAGGG,conv
GAAAACATTCTAGCTGTG,conv
AAAGGAATTATCGAGATT,conv
TAACGGGGTACATCTAAT,conv
GAGAGCGGAGTGGCTGTA,conv
TTACGGGTTATCGATAAG,conv
TAGTACAATAGTGGACGG,conv
AAGACCAGGCTGGCTGTG,conv
AATAGTGCGTTTTTTGTA,conv
TTACAGAGTATAGATGAG,conv
GAAGACATTCCTGCTCTG,conv
AGGGCCGACGAACGAGAT,conv
AGGGGCGACGAATGAGAT,conv
GAGTACAATAGTGGACGG,conv
TTACGGAGTATAGATGAG,conv
AGGGACGAAGAACGAGAG,conv
GACCGGGGCACCCATAAT,conv
GACCTGGTCATCTACAAT,conv
TATTACGCTAGTGGATGG,conv
AATTACACGGTGGGTCTA,conv
AGCGGCGGCGTCGGCGAA,conv
AAGACGGGGCAAACTGTG,conv
AGGGACTAAAGACGAAGT,conv
TTAAACAGTATAGCTGAG,conv
AGGCTGCGTAAGACTACT,conv
GACCAGGGCGCATGCTGT,conv
GACCAAGGGGCAAGCTTT,conv
GACCAGGGGGCATGCTTT,conv
GAGGCAATTCCTGCTCTG,conv
ACGAAGGGTCAGTCTGCG,conv
ATCAGCGGCGTTGCCGTA,conv
AGGACCGGCGATACCGAG,conv
GAGCAACGGGCAAGGATT,conv
TATTATGCTAGGCGGTCG,conv
AAACGCATTATCGATAAG,conv
ATAAACATTATAGCTGAG,conv
CCGACCTACCCTGAGCCG,conv
AGGGCCTACCCTGAGCCG,conv
GGAGGAATTATCGAGCTG,conv
GGGGCCTTCACTGAGCTG,conv
GAAGCCATTACTGCTCTG,conv
AGCGCCATCATCGAGATT,conv
ATGGGCGGCGTTGGCGTA,conv
AGGGCCGAAGGATGAGAT,conv
AAAGGCATTATCGATAAT,conv
TATTATGCGGGGTTTTTA,conv
AGGCAGCGTAAGACTACT,conv
GAGAGCGCATTTGCTGTA,conv
AGGGACGAAGAACGACAT,conv
AGGGACTAGGGATGACGT,conv
AGGAACCAACAGCAAACT,conv
GATAACATTAATGGACGT,conv
GGCGCATTCACCGAGCTC,conv
TATAGTGCTGGGTTTTTA,conv
TATAACTCTCGTGTGCGG,conv
GGGCAGCGGAAGTCTGCT,conv
GATAACATGGTGGGTCGA,conv
GGAGCCATTATCGAGCTG,conv
GGCGCAATCATCGAGCTT,conv
GACGAAGGGGCATGCTTT,conv
ACCGCCATCACCACCCTC,conv
GATAACATGGTGGCTCGA,conv
GACACCGGGCTGGCTGTT,conv
AAGGACTATCGTGTGCGG,conv
AGGCACCATAAGCAAACT,conv
GAAGAATGGGCATCCTTT,conv
ACCGCCTTCACCGCGCCC,conv
AGGTAACGGAACCAAAGT,conv
TATTAAGCTAGGTGTTTA,conv
AAGACCGGCCAGACCGTG,conv
ATACAACGGGCATCTGCT,conv
ATGGGCGGCGTTGCCGTA,conv
TATTATGCTAGTGGGTCG,conv
GAGGTCTATCCTGTGCTG,conv
CCGACCCACCCTCCGCCG,conv
AAGGACTATCGTGGACGG,conv
ATCCCCATCACCAACCTC,conv
GAGCAACGGGTATCGATT,conv
GAACAACGGGCATCGACT,conv
GGGGCCTACCCTGAGCTG,conv
AATTACTATAGTGGACGG,conv
TGTATTTCTCGTCTGCCG,conv
ACCGCCATCACCAACCTC,conv
TAAGGCATTATCGATAAG,conv
GTAGAGTGTACATCGTCG,conv
ACCCCCATCACCACCCCC,conv
GTGGGCGGCTTTGCCGTA,conv
GACGCCATGATGGCTCTA,conv
GAAAACATTCTTGCTGTG,conv
TATTATGCTAGGCTGTCG,conv
AATAGTGCGGTGTTTTTA,conv
ATAAAGGGTCAGACTGCG,conv
TAAAACATTATAGATGAG,conv
GAGAACAGTCTAGCTGTG,conv
AGGAACCAAAAGCAAAGT,conv
AACAGGGTCATCAACAAC,conv
TATAATGCTAGTGGGCCG,conv
GTAGAGGGGACATCGTAT,conv
GAAGGCATTATCGAGCTG,conv
CCCCCCCTCCCCGCCCCC,conv
TAACGGATTATAGATAAG,conv
GGAGCATTCACTGAGCTG,conv
ACGAACGAACAGACAGCG,conv
GACCAGGGCACATCTTGT,conv
AGGATCTACCCTGAGCCG,conv
AGTATTTCTCGTCTGCCG,conv
CCCCCCCCCCCCCCCCCC,conv
GACCTGGTCACCAGCAGT,conv
ACGACGGGGCTAACTGTG,conv
AGGAAGCGTCAGACAGCG,conv
CCCCCCCTCACCACCCCC,conv
AGGGGCGGCGGCGGAGGC,conv
GAGAGAGCGTTGTCTGTA,conv
GAGAGCGCAGTTGCTGTA,conv
GACAACATTAAGGGACGT,conv
GGAGCATTCACCGAGCTT,conv
GACGAGGGCACATCCTGT,conv
AGGGGCGGCTGCGGAGAA,conv
AACAGCGGCCAGACCGTA,conv
AATACCGCGGTGTGTCTA,conv
GAGAGTGCGTTTTTTGTA,conv
AACCGCATCATCAACATC,conv
GACGCCATGGTGGCTCGA,conv
AGGAAGGAACAGACTGCG,conv
AGCAGCGGCGATACCGTA,conv
AACCGCATCATCGATATC,conv
ATACAACGTGCATCTGCG,conv
TAAAACAGTCTAGCTGTG,conv
GTAGAATGGACATCGTCG,conv
AGGGGAGCATTTGGCGAA,conv
AGGTACCAAAAGCAAAGT,conv
GACCTGGTCATCTGCAAT,conv
AGGCAACGGGCGTCTGCT,conv
TATAATGCGGTGTTTTTA,conv
AGGGGAGCGTGCGGCGAA,conv
AAGACGGGACAGACAGTG,conv
AATTAAACGGTGGGTTGA,conv
GGGCAACGGATCACTATT,conv
GAGGACTATCGTGCGCTG,conv
TTACGGGGTATATCTAAG,conv
AACCGCGTCATCAACAAC,conv
ATAGAGGGTACATCGTCG,conv
ATACAGGGTCAGTCTGCG,conv
AATTACACTAATGGACGT,conv
AACAGCGTCATCAACAAC,conv
ATCATCGTCATCAACAAC,conv
AGGGGAGGCTTTGGCGAA,conv
TATTATGCTAGTGGGTGG,conv
GACTTGGGCTCCTGCAGT,conv
TATTAAACTAGTGGATGG,conv
TATTATGCTAGGTTTTTA,conv
AAGACCAGTCTGACTGTG,conv
TTACGGGGTACATCTAAT,conv
GAGGTATATCGTGTGCTG,conv
AGCGCCATCATCAACCTC,conv
GAGGTATTCACTGAGCTG,conv
GTGGGTGCATTTGTTGTA,conv
GAACGGGGTACATATTAT,conv
TATTAAGCGGGGGGTTTA,conv
AACGGCGGCGTTGCCGTA,conv
TTACGGGGTACATCTAAG,conv
GACGAGGGGGCATGCTTT,conv
GAGCAACGGGTCACTATT,conv
GACATGGTCATCAGCAGC,conv
GACCTGGGCACATACAGT,conv
AGGGGTGCATTCGGTGAA,conv
GACGGCAGTCAGGCAGGT,conv
ATCAGCGGCGACGCCGAA,conv
AGGAAGGGTCAGACAGCG,conv
AAGACCGGACAAACCGTG,conv
GAGAGTGCGTTTTCTGTA,conv
GGGCAACGGAACCACACT,conv
ATCAGCGGCGATACCGAA,conv
AATTACACGGTTGGACGA,conv
AGGAACGGACATACAGAG,conv
AATTAAGCGGTGGGTTGA,conv
ACCGCCTTCACCGCCCTC,conv
AGGAACGGACATACCGAG,conv
ATAAAGAGTACATCTGAG,conv
ACGGCCTACCCTGAGCCG,conv
ATACAATGTGCATCTGCT,conv
AGGGACGAAAAACGACAT,conv
GGCGCCATCATCGAGCTT,conv
AATTACACTATTGGACGT,conv
GAGGAATTTACTGCGCTG,conv
TATTACATTAATGGATGG,conv
AGGGACCAGAGACGACGT,conv
TAACAGGGTACATCTTAT,conv
TATAGCTCTCGTCTGCCG,conv
AATAACTCTCGTGTGCCG,conv
ACCGCCTTCACCGAGCTC,conv
AATACCACGGTGTCTCTA,conv
GGGCAACGGGTCACGATT,conv
TATTATGCTGGGTTTTTA,conv
AGGAACGACGATAGCGAG,conv
GACAACATGGTGGCTCGA,conv
ACCCCCCTCACCCCCCCC,conv
AATATCTATCGTGTGCTG,conv
AGACAACGGGCATCTGCT,conv
AACCCCATCATCGATATT,conv
GACCAGGGCACATATTAT,conv
AACCGGGTCATCAATAAT,conv
AGGAAGCGTCAGACAGCT,conv
GACGCCAGGCAGGCTGTT,conv
GGGCAACGGGTGTCTACT,conv
ACGAACGAACATACAGAG,conv
GAGCAACGGGTATCGACT,conv
AACAGCGGCCATACCGTA,conv
AGCGCCTTCACCGAGCTC,conv
GAACAATGGGCATCGATT,conv
GACCTGGTCATCAGCAGC,conv
TATAATGCTAGGCGGTCG,conv
GACTACATTAGTGGACGG,conv
AAGGTGTATCGTGTGCGG,conv
TTAACCAGTCTAGCTGTG,conv
GACCTGGTCATCAACAAC,conv
TATTAAGCGGTGTTTTTA,conv
ACCCCCTTCCCCGCCCCC,conv
CCGACCCCCCCCCCGCCC,conv
GACGAGGGCTCATCCTGT,conv
AGGCAGCGTGCATCTGCT,conv
GACTTGGGCTCAAGCTGT,conv
ATAACCGGGCTAACTGTG,conv
AGGGGCGGCTTTGGCGAA,conv
AAGAGTGCGTTGTTTGTA,conv
TACTACATTAGTGGATGG,conv
GATACCATGGTGGGTCTA,conv
AGCCCCATCATCGATATC,conv
AGGGCCTACCCTGAGCTG,conv
GCCGCCTTCCCCGCGCCC,conv
AAACGGATTATCCATAAT,conv
AATTAAACGGTTGGTTGA,conv
TAACGCATTATAGATGAG,conv
GATTACATGAATGGACGT,conv
AGGGACTAGGGACGAAGT,conv
GACCTGGGCACATATAGT,conv
TAACGCATTATCGATGAG,conv
GACGGCAGTCAGGCAGGG,conv
AGCAGCGGCGATACCGTG,conv
TATTACGCTAGTGGGTGG,conv
AGGGACTAAGGACGACAT,conv
ATGACCGGCCATACCGTG,conv
GAGACCAGTCATGCTGTG,conv
GACATGGTCATCATCAAC,conv
ATACAGGGTCAATCTGCG,conv
AACCCCATCATCGATATC,conv
AGACGAATCATCGAGATT,conv
GTGGGAGGATTTGGTGTA,conv
TATTAAGCGAGTGGTTGA,conv
GAGCAATGGGCATCGACT,conv
AAGAGAGCGTTGTTTGTA,conv
GACAACATGAAGGCACGT,conv
AGGGGAGCATACGGCGAA,conv
AATTAAGCGAGTGGATGA,conv
AACAGCATCATCAACAAC,conv
GCCGCCTTCACCGAGCTG,conv
ACCGCCTTCCCTGAGCCG,conv
CGGATCTACCGTGCGCCG,conv
AGGAAGCGTCAGACTGCT,conv
GACGGCATGCTGGCTGGT,conv
AGGAACGAAAAACGAAGG,conv
GGGTAACGGAACCACAGT,conv
TATACTGCGGTGTTTTTA,conv
TATAATGCTAGTGTGCCG,conv
AAAGGAATTATCGATATG,conv
GGAGCAATTATTGAGCTG,conv
AGGGACTAGGGACGACAT,conv
GAGGTGTATCGTGTGCGG,conv
AACATGGTCATCATCATC,conv
AATAACTATCGTGGACGG,conv
CGGATGTATCGTGTGCCG,conv
GATTACATGATTGGACGT,conv
GAAGGCATTATTGATCTG,conv
AATTAAGCGGTTGGTTGA,conv
TAACAGGGTACATCGTAT,conv
AAGACTGCGTTGTTTGTA,conv
ACCGCCTTCACCGCGCTC,conv
TGTAGTGCTCGTCTGCCG,conv
AGGGCCGAGGGACGAGAT,conv
AAACGCATCATCGAGATT,conv
AGGGGCTAGGGCTGACGT,conv
GAGGACATTCAGGCTCGG,conv
TATAATGCTAGGCTGTCG,conv
AACCTCATCATCGATATC,conv
AATTACACGATGGGACGT,conv
AGGCAACATAACCAAAGT,conv
AGGAACTAGAAACGAAGT,conv
AGGGGTGCATTTGGCGAA,conv
AATAAAACGGTGGTTCTA,conv
AGGGTGTATCCTGAGCTG,conv
TATAATGCTCGTGTGCCG,conv
GGGTAACGGAACCGCAGT,conv
TATAGTGCTAGTCTGCCG,conv
GACTACATTAATGGACGT,conv
ATCACCATCACCACCCCC,conv
AGCGGCGGCTTCGGCGAA,conv
AGGGGTGCATTTGGTGTA,conv
GACAACATGGTGGCACGA,conv
AACCGCATCATCAATAAT,conv
GGGCAACGGGTCAACATT,conv
AACATCATCATCAACAAC,conv
GACGGCATTAAGGCACGT,conv
ATAACCAGTCTAGCTGTG,conv
AGCGCCATCATCGAGCTC,conv
AACAGCGGCGTTACCGTA,conv
TAAGGCATTATCGATGAG,conv
GGAGCAATCATCGAGATG,conv
AAGTACAATCGTGGACGG,conv
TATAATGCTGGGTTTTTA,conv
ATAAAGAGTACATCTGCG,conv
GACGCCATGCTGGCTCTA,conv
ATAAAGAGTCCAGCTGCG,conv
GTAGAGGGGGCATCGTCG,conv
AGCGCCATCATCGAGATC,conv
ATCACCGGCCATACCGTA,conv
AGGAACGAAAAGCGAACT,conv
AGACGCATCATCGAGATT,conv
ATACAGCGTGCATCTGCG,conv
AGGAACGAACAGCCAACT,conv
AGGGCCTTCCCTGAGCCG,conv
GATAACACGATGGGACGA,conv
AGGGGCGACGGCGGAGGA,conv
AACAGCGGCCAGACTGTA,conv
AAAGGAATTATCGAGATG,conv
GACCAGGGCACATCTTAT,conv
ATACAATGGGCATCTGCT,conv
GGGCAACGGATCAGCATT,conv
GACATGGTCATCATCAGC,conv
TACTACATTAGTGGACGG,conv
TATAGTGCGGTGTTTTTA,conv
TATAATGCTAGTGGGTCG,conv
AAACGCATCATCCATAAT,conv
TTACGGGGTATATCTTAG,conv
AATTACACGATTGGATGG,conv
GAACGGGGTATACATAAT,conv
TATTACACTAGTGGATGA,conv
AGGGGAGCCTGCGGCGAA,conv
TATAATGCTAGTCTGCCG,conv
GAGAGAGCGGTGTCTGTA,conv
TATAATGCTAGTGTGTCG,conv
AGGAACGAAAAGCCAACT,conv
GAGAGCGGAGTTGCTGTA,conv
AGGAACGAACAGACAGGG,conv
ATAACGGGTCAAACTGTG,conv
AGGAAGGGACAGACAGCG,conv
GTGGGAGGCTTTGGTGTA,conv
ATAAAGAGTCCATCTGAG,conv
ATCATCATCATCAACAAC,conv
GACACCATGGTGGCTCGT,conv
AGGGGAGGCTTTGGCGTA,conv
GACCTGGTCATCTGCAGT,conv
TTACAGGGTACATCGTAT,conv
AGACAGCGTGCATCTGCG,conv
GACCTGGTCTCCTGCAGT,conv
TATTAAGCGGGGTGTTTA,conv
AAAGGCATTATCGATCTG,conv
AAAACCGGGCTAACTGTG,conv
GACAACATTAATGGACGT,conv
AATATGTCTCGTGTGCCG,conv
TATTATGCTAGGCTATTA,conv
TATTACGCTAGTGGGTCG,conv
GACAACATGGTGGCACGT,conv
AGGAGCGGCGATACCGAA,conv
ACAAAGGGTCAGTCTGCG,conv
TATAATGCTCGTCTGCCG,conv
AATAGTGCGGTGTTTCTA,conv
GAAGCCATTATCGAGCTG,conv
ACGGCCTACCCTGCGCCG,conv
GAGAACATTCTTGCTGTG,conv
GAGGGTGCGTTTGTTGTA,conv
TATTATGCTAGGGGATTA,conv
ATCACCATCATCAACCTC,conv
AGGGGCGAGGGCTGAGGT,conv
AATAACTCTCGTGTGCGG,conv
TATAACGCTAGTGGGTCG,conv
ACGGCCTTCCCTGAGCCG,conv
GACGTGGGCACATCCTGT,conv
TATTATGCTAGGGGATTG,conv
GACCTGGGCACATACTGT,conv
AGGGACTAAAGACGACAT,conv
ATCCCCATCATCGATATC,conv
ATCCTCATCATCGATATC,conv
GGGCAGCGTAAGACTACT,conv
GTGGGAGGCTTTGGCGTA,conv
AGGACCGGCGATACCGTG,conv
CCGACCCACCCCCCGCCC,conv
CCCGCCTTCCCCGCGCCC,conv
GAGGCCAGTCTTGCTGTG,conv
ACGGCCTTCCCTGCGCCG,conv
GAGGAATGGGCATCGATT,conv
AATACCACGGTGGCTCTA,conv
TATAGTGCTAGGCTGCCG,conv
AGGACCGAAAAACGAGAG,conv
TATTAAACGAGTGGATGA,conv
ATGACCGGACATACCGTG,conv
GAGACAGCGTTGTCTGTA,conv
AATAACACGGTGGGTCTA,conv
AGGAGCGAAGATAGCGAG,conv
GAGGGAGCGTTTGCTGTA,conv
GACATGGTCATCAGCAAC,conv
AATTAAACGGTGGGTTTA,conv
TAGACCAGTCTGACTGTG,conv
GACCTGGGCTCATGCAGT,conv
AATACTGCGTTGTTTGTA,conv
GAACGGGGTACATCGTAT,conv
GAGGACTATCATGCGCGG,conv
GGGCAACGGGTATCTATT,conv
CCGACCCACCCTGCGCCG,conv
ATAAAGTGTACATCTGCG,conv
GAACAGGGTACATCTTAT,conv
GACTTGGTCTCCAGCAGT,conv
AGGAAGCATCAGACAACG,conv
TATTAAACTAGTGGATGA,conv
AATTAAACGGTGGGTCTA,conv
ATAAAGAGTACAGCTGAG,conv
GACGAAGGGGCATCGTGT,conv
AACCTGGTCATCATCAAC,conv
ACGACCTACCCTGAGCCG,conv
TATTAAGCGGGTGGATGA,conv
GACGAAGGGGCATCCTTT,conv
GAGGGCGGCGTGGCTGTA,conv
ATCACCATCACCATCCCC,conv
AATACAACGGTGGGTCTA,conv
ATCGGCGGCGATGCCGAA,conv
AGGATGTACCCTGAGCTG,conv
GACACCGGGGTGACTGTA,conv
TTACGGGGTATAGATAAT,conv
GACAACATGATGGGACGT,conv
AAGACGGGGCTAACTGTG,conv
ACCCCCCTCACCGCCCCC,conv
GAGGACAGTCATGCTGTG,conv
GGAGCCATTATTGAGCTG,conv
AGGGACGAAAGACGACAT,conv
AGGGGAGCCTGCGGAGAA,conv
ACCCCCTTCACCACCCTC,conv
AGGGACCAGGGACGACGT,conv
GACCTGGGCACCTATAAT,conv
ACCCCCATCACCAACCTC,conv
AGGAGCGACGATGGAGAA,conv
AATAACTCTCGTGTGCTG,conv
AAGACGGGACAGACTGTG,conv
AGGAACCAACAGCGAAGT,conv
GGGGTGTATCGTGAGCTG,conv
AGGCTGCGTAAGTCAACT,conv
TATTATGCTGGGTGTTTA,conv
GACACCAGGCTGACTGTT,conv
AGGAACGAAGATGGCGAG,conv
CCGATCTACCCTGAGCCG,conv
AGACAGCGTACATCTGCT,conv
AAAGACATTATCGATATG,conv
GAGGGTGCATTTGTTGTA,conv
TAACGGGGTATCGATAAG,conv
AACCGGATCATCAATAAT,conv
GGGCAACGGGTATCGATT,conv
AGACAGGGTACGTCTGCG,conv
ACGAAGGGACAAACTGCG,conv
GGGCAACGGGTATCTGCT,conv
ATAAAGGGTCCATCTGTG,conv
GGGCAACGGAACCATATT,conv
GTGGGAGCCTTTGGCGTA,conv
GGAGCCATCATCGAGATT,conv
AGGGCCTAGGGACGACAT,conv
ATACAGGGTAAATCTGCG,conv
AGGATGTATCGTCTGCCG,conv
AGGGCCGAGGGATGACGT,conv
GGGGCCTTCCCTGAGCCG,conv
CCCACCCACCCCGCGCCC,conv
GAAGCAATTATCGAGCTG,conv
ATAGAATGGACATCGTCG,conv
AGGCAGCGTAAGCCTACT,conv
GACGACATGAAGGGACGT,conv
GACGCCATGGTGGCTCTT,conv
TTACAGGGTATAGATGAG,conv
ATCATCGTCATCAACATC,conv
AGGGCGTACCCTGAGCTG,conv
AATTAAGCGGGTGGATGA,conv
AGGGTGTACCCTGAGCCG,conv
GAAGGCATTATCGATCTG,conv
ATCACCATCACCAACCTC,conv
CCGACCCACCGTCCGCCG,conv
ACCCCCTTCACCGCCCTC,conv
GGGCAACGGGTGACTACT,conv
GACACCAGGCAGGCAGGG,conv
GTGGGAGCCTTTGGTGTA,conv
GGGCAACGGAAGACTATT,conv
AGGCAGCGTGCGTCTGCT,conv
CGGATCTATCGTGTGCCG,conv
AGCGCCATCATCAACATC,conv
GACGCCATTCAGGCACGG,conv
CGGATTCATCGTCTGCCG,conv
GGAGGAATCATCGAGATG,conv
GAAGGCATTATTGAGCTG,conv
TATTAAGCTGGGTGTTTA,conv
GAACGGGGTACACCTAAT,conv
CCGATCCACCGTCCGCCG,conv
GAACAACGGGCATCGGCT,conv
ACCGCCTTCCCCGCGCCG,conv
AATTACACTAGTGGATGA,conv
TTACAGGGTACATCTTAT,conv
AGGGCATACCCTGAGCTG,conv
TATTACACTCGTGGACGG,conv
GAAGACATTACTGCTCTG,conv
GAGGTATACACTGAGCTG,conv
GGGCAACGGGTGTCTATT,conv
AACACCGGGCAGACTGTG,conv
TATTATGCTAGGTGTTTA,conv
GACGCCAGGCTGGCTGTG,conv
AGGCTGCGTAAGACAGCT,conv
AGGCAACGGAACCATAGT,conv
GAGGGCGGAGTGGCTGTA,conv
GACCTGGGCACATATAAT,conv
ATCACCATCACCATCATC,conv
AGGGGAGCGTGCGGCGGA,conv
ATCCCCATCATCGACATC,conv
AGCCCCATCATCAACATC,conv
AGGGGCTAGGGCGGAGGT,conv
