sequence,average_probability,architecture
GGGAAACAAAAAAAAAAG,0.9573585,lstm
GGGGGACAACAGAAAAAA,0.95630896,conv
GGGGGACAACAGAAAACA,0.9551727,conv
GGGGGAGAACAGAAAACG,0.9548141,dense
GGGAAAGAAAAAAAAAAG,0.9544143,lstm
GGGTGACAAAAACAAAAG,0.95327866,conv
GGGGGACAGAAGAAAAAG,0.9513218,conv
GGGGAAGAACAGAAAACG,0.94953245,dense
GGGGGACAACAGAACAAA,0.9485694,conv
GGGTAACAAAAACAAAAG,0.9474796,conv
GGGTGACAACAGAAAAAA,0.94737935,conv
GGGGGACAACAGAACACA,0.9470221,conv
GGGAAAGAACAGAAAACG,0.94697034,dense
GGGTGACAGAAGAAAAAA,0.946449,conv
GGGGGACAGCAGAAAAAA,0.94596946,conv
GGGAGAGAAAAGACAACG,0.94573295,dense
GGGTGACAACAGAAAACA,0.9450519,conv
GGGTGACAGAAGAAAAAG,0.9445158,conv
GGGTAACAAAAACAAAAT,0.9437359,conv
GGGGGAGAACAGAAAGCG,0.94356954,dense
GGGGGAGAACAGCAAACG,0.9430403,dense
GGGTGACAAAAGCAAAAG,0.94193685,conv
GGGGGAGGAAAACAAGAG,0.9417529,dense
GGGAGAGAAACACCAACG,0.94157594,dense
GGGACACAAAAACAAAAG,0.9410312,conv
GGGGGACAACCGAACAAA,0.9403582,conv
GGGAGAGAACAGACAACG,0.9393354,dense
GGGTGACAGAAGAAAAAT,0.9392376,conv
GGGAACCAAAAAAAAAAG,0.93923736,lstm
GGGAGACAGAAGACAAAG,0.9385065,conv
GGGTAACAAAGACAAAAG,0.93741745,conv
GGGGGACAGCAGAACAAA,0.937238,conv
GGGTGACAAAAGCAAAAT,0.937165,conv
GGGGGACAACCGAACACA,0.9368043,conv
GGGGGAGGACAACAAGAG,0.9365569,dense
GGGTAACAAAAGCAAAAG,0.93643737,conv
GGGGAAGAACAGAAAGCG,0.93556535,dense
GGGGGAGAACAGACAACG,0.93482417,dense
GGGTGACAACAGAACACA,0.93441254,conv
AGGAAAGAACAGAAAAAG,0.9342572,dense
GGGAGACAAAAGCCAAAG,0.9338774,conv
AGGAGAGAAAAGACAACG,0.93350303,dense
GGGTGACAACAGCAAAAA,0.9332851,conv
GGGGGAGGACAGAAAGAG,0.9332497,dense
GGGTGACAGCAGAAAAAA,0.9331409,conv
GGGTAACAAAAGCAAAAT,0.93241537,conv
GGGGGACAGAAGACAAAG,0.93227124,conv
GGGTCACAAAAACAAAAG,0.9321205,conv
GGGGGAGAACCGCAAACG,0.9320576,dense
GGGTAACAACAACAAACT,0.93200284,conv
AGGTAAGAACAGAAAACG,0.9318539,conv
AGGAAAGAACAGAAAACG,0.9313832,dense
AGGAAAGAACAGAAAACG,0.9313832,dense
GGGAAAGAACAGAAAGCG,0.93106407,dense
GGGAGAGAAAGGACAACG,0.93082803,dense
GGGTAACAAAATCAAACG,0.93051255,conv
GGGGGACAACCGAACGAA,0.93010217,conv
GGGAGAGAAAAGCCAACG,0.9300225,dense
GGGGGAGGACAGAAAGCG,0.9298956,dense
GGGGAAGGACAGAAAGAG,0.9296801,dense
GGGTGACAACAGCAAACA,0.9294648,conv
GGGACACAAAGACAAAAG,0.9293026,conv
GGGTAACAAAAACAAAGG,0.92927,conv
GGGAGGGAAAATCAATAG,0.92905664,conv
GGGAGAGAAAGACCAACG,0.9289752,dense
GGGTGACAGAAGCAAAAG,0.92871016,conv
GGGAGAGAAACGCCAACG,0.92824996,dense
AGGAAGGAAAATAAAAAA,0.92809266,dense
GGGGGAGAACAGCAAGCG,0.9279796,dense
GGGGAAGGACAGAAAGCG,0.9274181,dense
AGGAGAGAACAGACAACG,0.92708695,dense
AGGAAAGGACAGAAAACG,0.92689043,conv
GGGTAACTAAAACAAACG,0.92630196,conv
AGGTAAGGACAGAAAACG,0.92622167,conv
AGGAGAGAGCAGAACACG,0.9261175,conv
GGGTAACAACAGCAAACA,0.9261129,conv
GGGAGCGAAAAACAAGAG,0.92608976,conv
GGGTAACAAAATCAAACT,0.92599565,conv
GGGAGGGGAAAACAAGAA,0.9259483,dense
AGGGGAGAGCAGAACACG,0.92548025,conv
GGGGGACAGCAGACAAAA,0.9254238,conv
GGGGGACAACCGAACGCA,0.92505896,conv
GGGTGACAACAGCAAAAT,0.9250428,conv
GGGAACCCAAAAAAAAAG,0.9248938,lstm
AGGGAAGAACAGAAAGCG,0.92470056,dense
AGGAAGGAAAAGAAAAAA,0.9243415,dense
GGGGAAGAACAGACAACG,0.9239741,dense
GGGGGAGGAAAGCAAGAG,0.9237331,dense
GGGTAACAAAAACAAAGT,0.9236113,conv
GGGACACAAAAACTAAAG,0.92355126,conv
GGGAGGGGAAAACAAGAG,0.923485,dense
GGGGGAGAAACGCCAACG,0.9233065,dense
GGGGGACAGCCGAACAAA,0.92322206,conv
AGGAGGGAAAATCAATAG,0.9229771,conv
GGGTGACAGAAGACAAAG,0.9229004,conv
GGGAGAGAACAGCCAACG,0.9228145,dense
GGGGGACAGCAGACAAAG,0.92242974,conv
GGGTGACAGAAGCAAAAT,0.9223902,conv
GGGAAAGAACAGACAACG,0.9217956,dense
GGGAGACAGAAGCCAAAG,0.9211594,conv
GGGTGACAACAGCAAACT,0.9210553,conv
AGGGAAGGACAGAAAGAG,0.92077446,dense
AGGAGAGAGCAGAACACT,0.92020816,conv
GGGTGACAAAAGCCAAAG,0.91968,conv
AGGGGAGAGCAGAACACT,0.9191058,conv
GGGAGGGAAAATCAAGAG,0.9189029,conv
GGGGGAGGAAAGCAAGCG,0.91890115,dense
GGGAGACAGAGGACAAAG,0.91887754,conv
GGGTGACAACCGAACACA,0.9187883,conv
AGGGGGGAAAATCAATAG,0.91877246,conv
AGGTAAGAACAGAACACG,0.9180712,conv
GGGTAACAACCACAAACT,0.9179633,conv
GGGGGGGAAAATCAATAG,0.917868,conv
GGGGGAGAACAGCCAACG,0.9175119,dense
GGGTCACAAAGACAAAAG,0.9174874,conv
GGGTAACAACAGCAAACT,0.9174274,conv
GGGGGCGAAAAAAAATTG,0.917258,conv
AGGGAAGGACAGAAAGCG,0.9172289,dense
GGGAAACAAAGACAAAGG,0.9171289,conv
AGGAGGGGAAAACAAGAA,0.9168496,dense
AGGAAAGAACAGAACACG,0.9167339,conv
GGGTAACAACATCAAACG,0.9164,conv
AGGAAGGAAAAGAAAAAG,0.9163221,dense
GGGAAACAGACACTAACG,0.9163162,conv
AGGAAAGAACAGAAAGAG,0.9158856,dense
GGGAAACTAAAACCAACG,0.91587937,conv
GGGTAACAAAATCAAAGG,0.9154595,conv
GGGTGACAACAGCAAAGA,0.9153968,conv
AGGAGAGAGCAGACAACG,0.9146832,conv
GGGAACCAAAAAAAAAGG,0.9144595,lstm
GGGGGAGAACCGCAAGCG,0.91431093,dense
GGGAGCGAAAAAAAAGTG,0.9138183,conv
GGGAAACAGACACCAACG,0.91380805,conv
AGGAGGGGAAAACAAGAG,0.9135995,dense
GGGTAACAACAACAAAGT,0.91335684,conv
GGGGGAGAACCGCAAAGG,0.9132068,dense
AGGAGCAAAAAACATGAA,0.9131627,conv
AGGAGCGAAAAACAAGAG,0.9131507,conv
GGGAGCGAAAATCAAGAG,0.91304064,conv
AGGTAAGGACAGAATACG,0.91169363,conv
GGGTAACAACATCAAACT,0.91168576,conv
AGGGGACAGCAGAACGCA,0.9116856,conv
AGGTAAGGACAGAACACG,0.911451,conv
GGGGGACAACCCAACGCA,0.9113282,conv
GGGTGACAGCAGCAAAAA,0.9112893,conv
GGGTAACAAAATCAAAGT,0.9112645,conv
GGGTAACTACAACAAACG,0.91115165,conv
GGGTGACAACAGCACACA,0.9110061,conv
AGGAGGGAAAATCAAGAG,0.91070807,conv
GGGGGAGGACAGCAAGAG,0.9103407,dense
AGGAAAGGACAGAAAGAG,0.90986794,dense
AGGAGCGAAAAACATGAA,0.90952194,conv
AGGAAGGGAAATCAAAAA,0.90932846,conv
GGGTAACAAAAGCAAAGT,0.9093034,conv
GGGAGCGAAAAACAAGTG,0.90930235,conv
GGGGGGGGAAAACAAGAG,0.90916747,dense
GGGTAACAACAGCACACA,0.90906036,conv
AGGTGAGAGCAGAACACG,0.9089442,conv
AGGAAAGAACAGAAAGCG,0.90879965,dense
GGGGGGGAAAAAAAATTG,0.9087561,conv
AGGAAGGAACAGAAAAAG,0.90864354,dense
TGGAGCGAAACAAAAGTA,0.9082851,conv
GGGAGAGAACCGCCAACG,0.9079754,dense
GGGAAACAAACTCCAACG,0.90762764,conv
GGGAGAGAAAGGCCAACG,0.90744996,dense
GGGGGACAGCAGACCAAA,0.9073077,conv
GGGAAACTAACAACGACG,0.9072086,conv
GGGGGGGAAAAACAATTG,0.90718275,conv
GGGTAACAAAGACAAAGG,0.907074,conv
GGGAGGGGAAAACAGGAA,0.9069827,dense
AGGTAAGGACAGAACACT,0.90634483,conv
GGGACAGAAACACCAACG,0.90629095,dense
GGGACACAAAGACTAAAG,0.9060686,conv
AGGGGACAGCAGAACGCG,0.9058097,conv
AGGAAAGAGCAGAACACG,0.9054927,conv
AGGAGCGAAAAACATGAG,0.9053007,conv
TGGAGCGAAAAAAAAGTA,0.90520304,conv
GGGGGACAGCAGACAGAG,0.9051306,conv
GGGAAACTAACACCAACG,0.9050963,conv
AGGGAGGAAAATCAATAG,0.9050393,conv
CGGGGACAACCGAACGCA,0.9049088,conv
GGGTGACAACAGCAAAGT,0.9048547,conv
AGGAGCGAAAATCAAGAA,0.9048126,conv
GGGGGACAGCCGAACGAA,0.90460044,conv
GGGTAACAAAATCCAACG,0.90423864,conv
AGGTAAGAGCAGAACACG,0.90392286,conv
AGGAAGGAAAAAAAAGAA,0.9036249,dense
GGGGGCGAAAAAAAAGTG,0.9035498,conv
GGGTAACAACCACAATCT,0.90335196,conv
AGGAGCAAAAAAAAAGTA,0.9031331,conv
TGGAGCGAAAAAAAAGTG,0.9030614,conv
GGGAGGGGAACACAGGAA,0.90271986,dense
GGGGGACAGCAGACCAAG,0.9026348,conv
AGGAGCGAAAAAAAAGTA,0.9025781,conv
GGGTGACAACCGAACGCA,0.9022113,conv
GGGAAGGGAAAACAAGAG,0.90196365,dense
AGGAAGGAAAAACAAGAA,0.9018449,dense
GGGGGAGAACCGCCAACG,0.90180314,dense
GGGGGAGGACAGCAAGCG,0.9017637,dense
AGGTGAGAGCAGAACACT,0.90157646,conv
AGGAAGGGAAATCAAAAG,0.90153867,conv
AGGAAAGGACAGAAAGCG,0.90153414,dense
GGGAAACAAAGTCAAAGG,0.9015294,conv
AGGGGACAGCAGAACGCT,0.90141565,conv
GGGTGACAGCAGCAAAAT,0.90121317,conv
GGGAGGGGAAAACAGGAG,0.90079117,dense
GGGGGCGAAAAACAAGTG,0.9004612,conv
GGGTAACAACCGCAAACT,0.9002024,conv
GGGACACAAAAGCTAAAG,0.90010667,conv
AGGAAGGGACAGAAAACG,0.90004677,conv
GGGGGGGAAAATAAATTG,0.90002817,conv
AGGAAAGAACAGACAACG,0.89996123,dense
AGGAAAGAACAGACAACG,0.89996123,dense
GGGAAACGGACACTAACG,0.89988166,conv
AGGAGCTAAAAACATGAA,0.8996257,conv
GGGTGACAGAAGCCAAAG,0.8995168,conv
AGGAAGGAAAATCAATAG,0.8992835,conv
AGGAGCGAAAAAAAAGTG,0.8991765,conv
GGGAAACGGACACCAACG,0.89913046,conv
GGGTAACAACCACACACT,0.8991051,conv
GGGTAACTAAAACCAACG,0.89910144,conv
TGGAGCAAAAAACAAGTA,0.8989376,conv
GGGGGACAACCCAACGCT,0.8988795,conv
TGGAGCAAAACACAAGTA,0.8984347,conv
GGGAGCGTAAAAAAAGTG,0.8982078,conv
GGGAAACTAAGACCAACG,0.8980425,conv
GGGTAACAACAGCAAAGT,0.8979211,conv
AGGAGCGAAAATCAAGAG,0.8978525,conv
AGGTAAGAGCAGAACACT,0.8976898,conv
AGGAAGGGACATCAAAAA,0.8974617,conv
GGGGGAGAAAGAACATTG,0.89745706,conv
GGGAAACAAACTCCAATG,0.89736396,conv
AGGAAGGAAAAGAAAGAA,0.89730394,dense
AGGGGAGAGCAGAACGCG,0.89718384,conv
GGGTAACAACATCAATCG,0.8971599,conv
AGGAAGGGAAAACAAGAA,0.8969001,dense
GGGTGACAACCCAACACT,0.89651686,conv
GGGAAACAAAGTCCAACG,0.89641345,conv
AGGAAGGAAAAAAAAGAG,0.8963181,dense
AGGGGACAGCAGACAGAG,0.8960969,conv
GGGTAACAACATCAAAGT,0.895823,conv
TGGAGCAAAAAAAATGTA,0.89576507,conv
GGGGAGGGAAAACAAGAG,0.89543134,dense
GGGGGAGAAACGCCAAGG,0.8953223,dense
AGGTAGGGACAGAAAACG,0.8952647,conv
TGGAGCGAAACACAAGTA,0.895262,conv
AGGAGCGAAAAAAATGTA,0.8951165,conv
GGGAACCCCAAAAAAAAG,0.89480156,lstm
GGGTAACTAAATCAAACG,0.8947849,conv
GGGAACCCAAAAAAAAGG,0.89422834,lstm
GGGAGGGGAACACAGGAG,0.8937768,dense
AGGAGCAAAAAAAATGTA,0.89360344,conv
GGGTAACTACAACAATCG,0.8930101,conv
AGGAAAGGACAGACAACG,0.89270884,conv
AGGAGGGGAAAACAGGAA,0.89263266,dense
GGGAGGGAAAATCAAGTG,0.892472,conv
AGGAAGGAAAATCAAGAA,0.8924574,conv
AGGTAAGGACACAACACG,0.8923546,conv
GGGTAACAACATCAATCT,0.8923105,conv
AGGAGCGAAAAACAAGTG,0.89198595,conv
GGGGGGGAAAAACAAGTG,0.89191973,conv
AGGAAGGAAAAACAAGAG,0.8919021,dense
AGGAAGGGAAAAAAAGAG,0.89160943,dense
GGGACACAAAAGCCAAAG,0.8916057,conv
AGGGGAGAGCAGAACGCT,0.8913841,conv
GGGAAACTAACAACGTCG,0.8913342,conv
GGGTAACAACCCAACACT,0.89124525,conv
GGGGGGGAAAAAAAAGTG,0.8909252,conv
GGGATACTAACAACATCG,0.8902808,conv
GGGAGCGAAAATCAAGTG,0.8897436,conv
AGGGAGGGAAATCAATAG,0.8893065,conv
CGGGGACAACCCAACGCA,0.8891742,conv
GGGTAACAACCTCAAACT,0.8891294,conv
GGCAGACAGACACTAACG,0.8887305,conv
AGGAAGGGAAAACAAGAG,0.88872355,dense
AGGGGGGAAAATCAATTG,0.8885395,conv
GGGTAACAACCGCACACA,0.888083,conv
GGGAAACAAAGACTAAGG,0.8880648,conv
GGGATACTAACAACAGCG,0.8880405,conv
GGGAAACAGACTCCAACG,0.88804024,conv
AGGAAAGAGCAGACAACG,0.8880296,conv
AGGAGAGAGCAGACCACG,0.8877449,conv
AGGAAGGAAAAGAAAGAG,0.88769686,dense
GGGGGACAGCCGACCAAA,0.88767946,conv
AGGAAGGGAAATCAATAG,0.88766634,conv
AGGAGCAACAAACATGAA,0.88746595,conv
AGGAAGGGACATCAAAAG,0.88732946,conv
AGGAGCAAAAAACATGTA,0.88719124,conv
GGGGGGGAAAATCAATTG,0.8871529,conv
GGGATACTAACAACGACG,0.88715124,conv
GGGTAACAAAGTCAAAGG,0.88711965,conv
TGGAGCAAAAAACATGTA,0.8868368,conv
GGGTGACAACCGCACACA,0.88681704,conv
GGGGGAGAACCGCACAGG,0.8867953,dense
TGGAGCAACAAACATGAA,0.88661873,conv
GGGAGAGAACGGCCAACG,0.8866147,dense
GGGGGAGGAACACAGGGG,0.88652337,dense
AGGTAAGGACACAACACT,0.88639903,conv
GGGTAACTAACACCAACG,0.88481885,conv
GGGGCAGAAACGCCAACG,0.8847763,dense
GGGAAACTAACACCGACG,0.8842503,conv
AGGAGCGAAAAACATGTA,0.8839218,conv
GGGGGAGAACCGCAAGGG,0.88389593,dense
GGGACAGAAACGCCAACG,0.8838703,dense
AGGAGCGTAAAAAAAGTG,0.88365644,conv
AGGGGACAGCCGAACGCA,0.8828059,conv
GGGGGCGAAACAACATTG,0.8825252,conv
TGGAGCGTAAAAAAAGTA,0.8819727,conv
GGGAAACAGACTCTAACG,0.88187677,conv
GGGATACTAACAACTACG,0.8818447,conv
GGGGGGGAACATAAATTG,0.88168544,conv
GGGAAACAAAGTCTAATG,0.881678,conv
AGGAAGGGACATCAAACG,0.8815796,conv
GGGTAACAACCACACGCT,0.8814439,conv
AGGAAGGAAAATCAAGAG,0.8813008,conv
AGGAGCGAAAATCATGAA,0.88098025,conv
AGGAAGGAACAGAAAGAG,0.88074845,dense
GGGTAACAACCACACTCT,0.8807359,conv
GGGGGAGAACATCATTTG,0.88058627,conv
GGGACAGAAAGACCAACG,0.8804389,dense
AGGAAGGGAAAGAAAGAG,0.8802346,dense
AGGAAGGGAAATCAAGAA,0.8802073,conv
GGGACACAGAGACTAAAG,0.8799496,conv
TGGAGCGTAAAAAAAGTG,0.8798988,conv
GGGTAACTAAAACCATCG,0.87989306,conv
GGGGGAGAACCGCAGAGG,0.87977165,dense
CGGGGACAGCCGAACGAA,0.8797443,conv
AGGAGCGAAAAACATGTG,0.87967414,conv
GGGTAAGGACACAATAGG,0.8796281,conv
GGGAAACAAAGTCCAATG,0.8795965,conv
GGGGGGGAAAGAAAATTG,0.8795652,conv
GGGTCACAAAGACAAAGG,0.8793644,conv
AGGGGACAGCACAACGCT,0.8789899,conv
GGGTAACAAAGTCCAACG,0.8785067,conv
GGGGAGGGACAGAAAGAG,0.8784419,dense
AGGAAGGGACAGCAAACG,0.8783051,conv
GGGGGCGAAAATCAAGTG,0.87805855,conv
AGGAGAGAGCAGATCACG,0.87798715,conv
GGGGGCGAAAAAACATTG,0.87792474,conv
AGGAACGAAAATCAAGAA,0.87769973,conv
GGGGGACAGCAGACCGAG,0.8776657,conv
GGGTGACAACCCAACGCT,0.87755775,conv
GGGTAACAAAATCCAAGG,0.87741196,conv
GGGAAACTGACACCAACG,0.8773382,conv
AGGTAGGGACAGAATACG,0.8772823,conv
GGGGGAGAACGGCCAACG,0.8771279,dense
GGGGGATAAAGAACATTG,0.8766087,conv
GGGAGACAGACTCTAATG,0.8764224,conv
GGGTAACAACCGCACACT,0.87630326,conv
GGGAAACTGACAACGACG,0.8761107,conv
GGGATACGGACAACGACG,0.87587005,conv
GGGTAACTAAAACCGACG,0.8758548,conv
TGGAGCGTAACAAAAGTA,0.8757563,conv
GGGGGAGGAAAGCAGGCG,0.875387,dense
GGGGGGGAAACAACATTG,0.8752114,conv
AGGTAAGGGCAGAACACG,0.8752008,conv
GGGAAGGGAAAGCAAGAG,0.87516916,dense
GGGGGGGAAAATCAAGTG,0.8751134,conv
GGGTGACAACCCAACAGT,0.87507254,conv
CGGGGACAACCCAACGCT,0.8750384,conv
GGGGGGGGAAAACAGGAG,0.8749376,dense
GGGGGACGACCCAACGCT,0.87481666,conv
AGGAGCGAAAATCATGAG,0.8747517,conv
GGGATACTAACAACATTG,0.8733198,conv
GGGAAACAGACTCCAATG,0.8731424,conv
CGGTGACAACCGAACGCA,0.87309813,conv
GGGACACAAAGTCTAAAG,0.8730897,conv
GGGAAACTAACTCCAACG,0.87306887,conv
GGGTAACAACATCACTCG,0.8728994,conv
AGGGGAGAGCAGATCACG,0.8722967,conv
GGGGGAGTAAGAACATTG,0.87182367,conv
GGGAACCCCAAAAAAATG,0.8714717,lstm
GGGATAGTAACAACATTG,0.87140304,conv
GGGAAACGGACACCGACG,0.87112653,conv
TGGAGCGTAACAAAAGTG,0.8710539,conv
AGGGAGGGACATCAATAG,0.87085074,conv
AGGGAGGAAAATCAATTG,0.8707095,conv
AGGGAGGGACAGAAAGAG,0.8706993,dense
GGGTAACTACATCAAACG,0.8703091,conv
AGGAAGGGACAGAAAGAG,0.8702854,dense
GGGACACAAAGGCTAAAG,0.8702722,conv
GGGGAGGGAAAGCAAGAG,0.87004286,dense
AGGAAGGGAAATCAAGAG,0.86999273,conv
GGGATACTAACAACAGTG,0.86974907,conv
GGGTAACAACCCAACGCT,0.86966896,conv
GGGTAACAACCCAACTCT,0.8694125,conv
AGGTAGGGACATCAAAAG,0.86932516,conv
AGGAAGGGACATCAATAG,0.8683948,conv
AGGGGAGAGCACAACGCT,0.86827666,conv
AGGGGACAGCCGAACGCT,0.86815894,conv
GGGACACAGAAGCCAAAG,0.868137,conv
AGGTAAGGGCAGAACACT,0.86792177,conv
GGGGGACAGCCCAACGCT,0.86787915,conv
AGGAGCTACAAACATGAA,0.86763936,conv
AGGAAGGGAAAACAGGAA,0.86746544,dense
GGGGGGGGACAGAAAGAG,0.86735,dense
GGGTAACAACATCACTCT,0.86684453,conv
GGGATAGTAACAACAGTG,0.86680245,conv
GGGTAACGACACAACAGT,0.86675996,conv
GGGGGAGAACCGCCAAGG,0.8667202,dense
AGGAAAGAACAGACAGCG,0.86642593,conv
CGGGGACAGCCGAACGAG,0.8663572,conv
GGGAAACAGACTCTAATG,0.86586833,conv
TGGAGCGAAACAACAGTA,0.8657717,conv
GGGAAACTAACACCGTCG,0.86559683,conv
AGGAACGAAAATCAAGAG,0.865333,conv
GGCAAACAGACACTAACG,0.8649837,conv
GGGACAGAAACACCAAGG,0.8648905,dense
GGGGAAGAAACACCGAGG,0.8648709,dense
GGGTAACAACCCAACAGT,0.8647956,conv
AGGAAGGGACATCAAGAA,0.8647735,conv
AGGTAGGGACAGCAAACG,0.8647734,conv
GGGAAACGGACATTAACG,0.8647636,conv
GGGGGACAACCCAACGGT,0.8646656,conv
GGGTAACAACCGCACGCA,0.8641023,conv
GGGTAACAACACCACTCT,0.86405617,conv
GGGTAGGGACACAATACG,0.8637216,conv
GGCAGACGGACACTAACG,0.86364937,conv
GGGTAACAACCTCAATCT,0.8635437,conv
GGGTAACAACATCATTCG,0.86348826,conv
GGGACACAAAGGCCAAAG,0.86338097,conv
GGGGGGGAAAAAACATTG,0.8630922,conv
TGGAGCAACACACAAGTA,0.86306643,conv
CGGTAACAACCGAACGCA,0.8630647,conv
GGGAAACGGACATCAACG,0.8628982,conv
CGGGGACAGCCGAACGCA,0.86287725,conv
GGGGGGGGAAAGCAAGAG,0.86238974,dense
GGGGGGGGAAAACAGGCG,0.86221015,dense
GGGAAACAAAGTCTAAGG,0.8618723,conv
GGGGGATAAAGACCATTG,0.861565,conv
AGGAGCAACGAACATGAA,0.8615625,conv
GGGAAACTAAGTCCAACG,0.861397,conv
GGGATACTAACAACGTCG,0.8613651,conv
GGGGGGTAAAGAAAATTG,0.86120605,conv
GGGGCAGAAACACCAAGG,0.8609488,dense
AGGTAGGGACACAATACG,0.8606488,conv
AGGTAGGGACATCAAACG,0.8603608,conv
CGGTGACAACCCAACGCA,0.86032206,conv
GGGACACAGAGGACAAAG,0.86019623,conv
TGGGGAGTAACAACATTG,0.8601442,conv
GGGGGAGAAACGCCGAGG,0.8601388,dense
GGGTAAGGACACAACAGG,0.8600715,conv
AGGGAGGGAAAGCAAGAG,0.8600407,dense
GGGACACAAAGACTAAGG,0.85984933,conv
GGGACACAGAGGATAAAG,0.8595862,conv
GGGAAACTACCAACGTCG,0.8595205,conv
AGGTAGGGACATAATACG,0.8594101,conv
GGGTAACTAAATCCAACG,0.8592603,conv
GGGTGACAACCGCACGCA,0.85904944,conv
GGGGAAGGACACCATTTG,0.8588571,conv
GGGTAACTAACACCGACG,0.85868156,conv
GGGGGAGGACAGCAAGGG,0.85855246,dense
GGGATACTACCAACATCG,0.85792375,conv
GGGGGGGAACATCAATTG,0.8578178,conv
GGGGAACTACGACCATCG,0.85775703,conv
GGGTAGGGACATAATACG,0.8575317,conv
AGGAACGAAAATCATGAA,0.8572706,conv
GGGTGAGGACACAACAGT,0.8572316,conv
GGGTAACTACGACAATCG,0.85722876,conv
GGGTAAGGACACAACAGT,0.85710406,conv
GGGTAACTACAACCATCG,0.8569164,conv
GGGAGCGTAACAACAGTG,0.8568941,conv
AGGGGACCGCAGAACGCA,0.8567818,conv
GGGAAACAAAGTCCAAGG,0.8566413,conv
AGGAAGGGAAAGCAAGAG,0.856633,dense
GGGGGCGAAAAAACAGTG,0.856527,conv
AGGAAAGAGCAGACCACG,0.8563979,conv
AGGTAAGGGCACAACACT,0.8560614,conv
GGGTAAGGACACAATTTG,0.8556624,conv
GGGGAAGGACATCATTTG,0.8553519,conv
AGGAGCTAAAATCATGAA,0.85500497,conv
GGCGGACGGACACTAACG,0.85494596,conv
GGGAAACGGACATGAACG,0.8547317,conv
TGGAGCGACACACAAGTA,0.8543457,conv
CGGGGACAGCCCAACGCA,0.85403764,conv
AGGAAAGGACAGACAGCG,0.8539213,conv
GGGGAGGGAAATCAATTG,0.8538701,conv
GGGATACTAACAACTCCG,0.8537273,conv
GGGGGACAGCCGACCGAA,0.85346055,conv
GGGTAACAACACAACTGT,0.8533107,conv
GGGAGGGGAACAAAGGGG,0.8520889,dense
GGGAACCCCCAAAAAATG,0.85201216,lstm
GGGAAACTACGACCATCG,0.851947,conv
AGGAGCAACAAACATGTA,0.851898,conv
GGGATACTAACAACTGCG,0.85143924,conv
AGGGAGGGAAATCAATTG,0.8512757,conv
GGGGGGTAAAGACAATTG,0.85121703,conv
GGGAGCGTAAAAACAGTG,0.85115415,conv
GGGATACTAACAACTTCG,0.8511131,conv
GGGTAACGACCCAACAGT,0.85042846,conv
GGGTAACAACCGCACGCT,0.8496808,conv
TGGAGCAACAAACATGTA,0.84942025,conv
GGGTAACTAAAACCGTCG,0.8491582,conv
GGGGGGGGAAAGCAAGCG,0.848805,dense
GGGAACCCCAAAAAAAGG,0.84854543,lstm
GGGTGACGACCCAACAGT,0.84843254,conv
CGGGGACAGCAGACCGAG,0.8482435,conv
GGGGAGGGACAGCAAGAG,0.8481972,dense
GGGGGAGAACCGCACGGG,0.8480293,dense
AGGGGGGGAAATCAATTG,0.8479424,conv
GGGGAATAACATCATTTG,0.847477,conv
CGGTAACAACCCAACGCA,0.84710616,conv
GGGTAAGGACATAATTTG,0.8467623,conv
AGGTAAGGACACAACAGG,0.84670097,conv
CGGGGACAGCCGAACGCT,0.8461273,conv
GGGTGACAACCCAACGGT,0.84585917,conv
CGGTGACAACCCAACGCT,0.8453751,conv
AGGGGACCGCAGAACGCG,0.8449915,conv
TGGAGCGAAACACCAGTA,0.844868,conv
GGGAAACAGAGTCCAATG,0.844808,conv
TGGAGCACCAAACATGAA,0.8445716,conv
AGGAAGGGACAGACAACG,0.8444427,conv
AGGAGCACCAAACATGAA,0.8443434,conv
AGGTAAGGACACAACAGT,0.84408957,conv
GGGATACTACGAACATCG,0.84341884,conv
GGGGGGGGAAATCAATTG,0.84311503,conv
GGGAAACTGACACCGACG,0.84282166,conv
GGGGGACGGCACAACGCT,0.8427314,conv
GGGACAGAAAGGCCAACG,0.84268534,dense
GGCAAACGGACACTAACG,0.8425354,conv
GGGTAAGGACCCAACAGT,0.8422208,conv
GGGTAACAACATCACTGT,0.8412171,conv
AGGAGCAACAAACGTGAA,0.8411408,conv
GGGGAAGAAACGCCGAGG,0.8410462,dense
AGGTGAGGGCACAACACT,0.8409742,conv
AGGAGAGAGCAGACCGCG,0.84080994,conv
GGGACACAAAGTCTAATG,0.8406918,conv
AGGAAGGGACATCCAAAA,0.84028345,conv
AGGTAGGGACACAACACG,0.8401819,conv
GGGAAACAGAGTCTAATG,0.8398065,conv
GGGAGCGGAACACAGGGG,0.8397567,dense
AGGAAAGAACATCCAGCG,0.83961296,conv
CGGTAACAACCACACGCT,0.8394989,conv
GGGTAAGGACACAATTGG,0.83928305,conv
GGGGGACAGCCGACCGAG,0.8391696,conv
GGGGGAGGACAGCAGGCG,0.838786,dense
AGGAAGGGACAGCAAGAG,0.8387075,dense
GGGAACCCCCCAAAAATG,0.8387026,lstm
AGGGAGGGACAGCAAGAG,0.83826876,dense
AGGAACTAAAATCATGAA,0.8382531,conv
GGGATACTGACAACGACG,0.8379862,conv
GGGTGAGGACCCAACAGT,0.83754677,conv
GGGTAACAAAGTCCAAGG,0.83724266,conv
TGGAGCAACACACATGTA,0.83630663,conv
GGGGGCGTAACAACATTG,0.8361866,conv
CGGGGACAGCCCAACGCT,0.8361609,conv
GGGATACTACCAACATTG,0.8360772,conv
GGGGTATAAAGAACATTG,0.8358772,conv
GGGGGACGACCCAACGGT,0.8354031,conv
GGGATCCTAACAACAGCG,0.8352704,conv
GGGTAACAACCCCACTCT,0.83480513,conv
GGGTAACTACATCAATCG,0.8346707,conv
GGGTAACAACCCAACTGT,0.83450073,conv
AGGTAGGGACATCAATAG,0.8341993,conv
GGGTAACGACACAACTGT,0.8341297,conv
GGGACAGAAACGCCAAGG,0.8332188,dense
CGGTAACAACCCAACTCT,0.8329609,conv
TGGGGAGTAAGAACATTG,0.8324342,conv
AAGTAAGGACAGAATACG,0.8323133,conv
GGGGCAGAAACGCCAAGG,0.83213156,dense
CGGTAACAACCCAACGCT,0.8313293,conv
AGGGGACGGCACAACGCT,0.83104277,conv
GGGGGCGTAAAAACAGTG,0.8308833,conv
AGGAAGGGACATCCAAAG,0.83039474,conv
AGGAAGGAAAATCCAGAA,0.830362,conv
GGGATACTGACAACTACG,0.8301828,conv
AGGAAAGAACAGCCAGCG,0.8298857,conv
GGGGGATAACGACCATTG,0.829617,conv
GGGGGCGTAACAACAGTG,0.8296063,conv
GGGAACCCCCAAAAAAGG,0.82953787,lstm
GGGTAACAACCTCACTCT,0.82937866,conv
GGGTAACTACATCAATCT,0.8287583,conv
GGGTAATAACATCACTCG,0.82869714,conv
AAGAAGGAAAATAAAAAA,0.82826513,dense
GGGGGAGAACCGCAGGGG,0.8280914,dense
GGGGTAGAACATCATTTG,0.8280252,conv
GGGGGGGTAACAACATTG,0.8278037,conv
GGGACACAGAGTCTAAAG,0.82718986,conv
AGGTAGGGACATAATATG,0.8269783,conv
GGGTAGGGACATAATATG,0.826637,conv
GGGAGGGGAAAACGGGAA,0.8265962,dense
TGGAGCGCAACAACAGTA,0.82652056,conv
AGGTGAGGGCAGAACACT,0.8262991,conv
TGGATAGTAACAACATTG,0.8261741,conv
GGGAAACTACCACCGTCG,0.82613367,conv
AGGAGAGAGCAGATCGCG,0.8258705,conv
AGGTAGGGACATCATAAG,0.8254165,conv
AGGGAGGGACATCAATTG,0.82519805,conv
TGGATAGTAACAACAGTG,0.82518214,conv
GGGAGGGGAACACAGGGG,0.8245492,dense
GGGTAACTAACACCGTCG,0.8244771,conv
GGGGCAGAAACACCGAGG,0.8244075,dense
GGGGGAGGAAAGCAGGGG,0.82334375,dense
GGGGGGGAAAGAACATTG,0.8232055,conv
GGGAGGGGAAAACAGGGG,0.82285994,dense
GGGAAACGGACATCGACG,0.82279086,conv
GGGAGCGTAACGACAGTG,0.8226736,conv
AGGAAGGGACATCCAACG,0.8225846,conv
GGGGAGGGACATCAATTG,0.82224846,conv
GGGGGGGGACAGCAAGAG,0.8218684,dense
GGGATATTAACAACATTG,0.821831,conv
TGGAGCGTAACAACAGTA,0.8218077,conv
TGGAGCACCACACATGAA,0.82178044,conv
AGGAAGGAAAAAGAAGAA,0.8215071,dense
AAGAAGGAAAAGAAAAAA,0.8213338,dense
GGGTAGGGACACAATATG,0.8212384,conv
GGGACACAGAGGCTAAAG,0.82107353,conv
GGGTAAGGACACAACTGG,0.82090676,conv
TGGAGCGTAACAACATTG,0.820734,conv
GGGAAACGGACATGTACG,0.820231,conv
GGGAACCCCCCAAAAAGG,0.8199071,lstm
GGGTAACAACACCACTGT,0.81971633,conv
GGGAGGGGAACACGGGAA,0.81923234,dense
GGGACACAGAGGCCAAAG,0.8191316,conv
GGGTAACTACAACCGTCG,0.81898135,conv
AGGAAAGGACATCCAGCG,0.81897,conv
AGGTAGGGACAGCATACG,0.8188747,conv
GGGACACAGACTCTAATG,0.81853974,conv
CGGTGACAACCGCACGCA,0.81795526,conv
GGGTAAGGACACCATTTG,0.8179357,conv
GGGGGAGGACCGCAAGGG,0.81778795,dense
GGGGGATTAAGAACATTG,0.81775093,conv
GGGTAATAACATCATTCG,0.8169423,conv
TGGAGCGTAACAACAGTG,0.81693834,conv
CGGTAACAACCGCACGCA,0.81605613,conv
GGGTAAGGACACAACTGT,0.8156386,conv
GGGTAAGGGCACAACAGT,0.8153276,conv
GGGAAACTGACTCCAACG,0.8150264,conv
AGGAAGGAACATCCAGAA,0.81499827,conv
GGGGGATAACGTCAATTG,0.8149758,conv
AGGGGAGCGCAGAACGCG,0.81471556,conv
GGGATACTACCAACGTCG,0.81457764,conv
GGCAGACAGACTCTAATG,0.8144041,conv
AGGAAGGGAAAAGAAGAA,0.8143935,dense
GGGTAACTAAGTCCAACG,0.81430036,conv
GGGATACTACGAACATTG,0.8137291,conv
GGGGGGGAACATCATTTG,0.8133593,conv
GGCGGACAGAGTCTAAAG,0.8133542,conv
AGGAGCTACAATCATGAA,0.81298757,conv
AGGAAGGGAAATCCAGAA,0.8128953,conv
AGGAACGAAAATCCAGAA,0.81269175,conv
GGGGGGTAACGACAATTG,0.81255704,conv
GGGGGAGAACGTCATTTG,0.8125216,conv
GGGGGAGGAACGCAGGGG,0.8120997,dense
CGGGGACAGCCGACCGAA,0.8117209,conv
AGGAAAGGACAGCCAGCG,0.8109337,conv
TGGAGCGCAACAACAGTT,0.81083953,conv
AGGAGCTACAAACGTGAA,0.81043917,conv
TGGGGATTAACAACATTG,0.8103695,conv
AGGGGAGAGCAGATCGCG,0.8098238,conv
GGGGGAGGGCACAACGCT,0.80969393,conv
GGCAGACGGACATTAACG,0.80965215,conv
GGGTAACGACCCAACTGT,0.8093983,conv
GGGATCCTAACAACAGTG,0.8092911,conv
GGGGACGGAACACAGGGG,0.809146,dense
GGGGGAGAACCGCCGAGG,0.8085261,dense
TGGGTAGTAACAACATTG,0.8083508,conv
AAGAAGGAAAAGAAAAAG,0.80814636,dense
GGGGGAGGAACGCAGCGG,0.8081068,dense
GGGGAAGAAACACCGCGG,0.8080662,dense
AGGAAGGGACAGCCAACG,0.80784655,conv
GGGGGAGCAACGCAGCGG,0.80751663,dense
GGGAGGGGAACACGGGAG,0.80724144,dense
AGGTAGGGACATCATACG,0.80668616,conv
GGCGGACAGACTCTAATG,0.8062626,conv
GGGATACTACCAACTTCG,0.80542153,conv
AGGGGAGGGCAGAACGCT,0.80512667,conv
GGGTAACTACGACCATCG,0.8047813,conv
AGGAGGGGAAAACGGGAA,0.8044469,dense
GGGAAACTACGACCGTCG,0.8042987,conv
GGGATACTACGACCATCG,0.8041867,conv
GGGTAGGGACACAATAGG,0.80383337,conv
GGGGGAGGAACCCAGGGG,0.80324745,dense
GGGTGACGACCCAACGGT,0.802829,conv
AGGAGCAACGAACGTGAA,0.8025286,conv
TGGAGCGTAACAACAGTT,0.802182,conv
GGGAAACGGACATGGACG,0.8018908,conv
GGCACACAGAGACTAAAG,0.8018539,conv
GGGTAAGGACATCATTTG,0.80130625,conv
ACGAGAGAGCAGACAAAG,0.8012589,conv
AGGGGACCGCCGAACGCA,0.80113953,conv
GGGGGAGCACCGCAGAGG,0.80088496,dense
AGGAAGGAACATCCAGAG,0.800614,conv
GGGGTATAACGAACATTG,0.8004684,conv
GGGGGGTAAAGAACATTG,0.8003865,conv
GGGGAAGGAACCCAGGGG,0.8003704,dense
