sequence,average_probability
TATTATGCTGGGTGTTTA,0.9877654
TATTATGCTGGGTTTTTA,0.98682
TATAACTCTCGTGTGCGG,0.98667145
TATACTGCGGTGTTTTTA,0.98651105
AATACTGCGGTGTTTCTA,0.9858603
TATAACTCTCGTGGGCGG,0.9852921
TATTATGCTAGTGGGTGG,0.9849878
AATACTGCGTTGTTTGTA,0.9847232
AATATGTCTCGTGTGCCG,0.9846017
TATATCTCTCGTGTGCCG,0.9843954
AATACTGCGGTGTTTTTA,0.98435926
GACTTGGGCTCCTGCTGT,0.98424774
TATAATGCTCGTGTGCCG,0.9839564
AATACTGCGGTGTTTGTA,0.983912
TATAATGCTGGGTTTTTA,0.9833891
AATATCTCTCGTGTGCCG,0.9830877
TATAGTGCTGGGTTTTTA,0.9829939
TATTACGCTAGTGGGTGG,0.98288566
TATAGCTCTCGTGTGCCG,0.98271334
TATAACTCTCGTGTGCCG,0.98256147
AATAGTGCGTTGTTTCTA,0.9818303
AATAGTGCGTTTTTTCTA,0.9818137
TATAATGCGGTGTTTTTA,0.9815496
AATAACTCTCGTGTGCGG,0.98154813
AATAACTCTCGTGTGCTG,0.98114794
AATACCGCGGTGTTTCTA,0.98090523
TATAGCGCTCGTGTGCCG,0.9807341
AATATCTATCGTGTGCTG,0.9807016
TATTATGCTAGTGGGTCG,0.9805581
AATAGTGCGGTGTTTCTA,0.98036623
TATAACGCTCGTGTGCCG,0.9800001
TATAGTGCGGTGTTTTTA,0.97999835
TATTATGCTAGGTGTTTA,0.9799398
GATACCGTGGTGGCTCTA,0.97930694
AATACCGCGGTGTGTCTA,0.97849536
AATAGTGCGTTGTTTGTA,0.97825354
AATAGTGCGTTTTTTGTA,0.978142
TATTACGCTAGTGGGTCG,0.9779715
GATACCGTGGTGGCTGTA,0.9779246
TATTATGCTAGGTTTTTA,0.9778551
TATTATGCTAGTGGATGG,0.97781706
AATTACACGGTTGGTTGA,0.9778087
AATAACTCTCGTGGGCGG,0.9777996
GACTTGGGCTCATGCTGT,0.977448
AATAGTGCGGTGTTTTTA,0.9773941
TATTATGCTAGGGGGTCG,0.97727686
GATACCGCGGTGTCTCTA,0.9771431
GACTTGGGCTCCTGCAGT,0.9770699
AATAACTCTCGTGTGCCG,0.97691864
TATTAAGCTGGGTGTTTA,0.97687143
TATTATGCGGGGTTTTTA,0.97665054
AAGGTCTATCGTGTGCGG,0.97655046
GATACCATGGTGGGTCTA,0.97594064
TATAACACTCGTGTGCGG,0.9759326
AATATGTATCGTGTGCCG,0.9759082
AATATCTATCGTGTGCCG,0.9758966
GATACCGCGGTGTCTGTA,0.9757213
TATAGTGCTCGGCTGCCG,0.9755639
TATAATGCTAGTGTGCCG,0.97544396
AATACCGCGGTGTCTCTA,0.9754214
TATTACGCTAGTGGATGG,0.97541237
TATTACACTCGTGGACGG,0.9750827
GATACCATGGTGGGTCGA,0.9746494
TATAATGCTCGTCTGCCG,0.97457284
TATAGTGCTCGTCTGCCG,0.97436494
GACCTGGTCTCCTGCAGT,0.9743228
GATACCATGGTGGCTCTA,0.9742279
GACCTGGGCTCATGCTGT,0.97414666
ATCGGCGGCGTTGGCGTA,0.9740406
AAGACTGCGTTGTTTGTA,0.97402114
AAGATCTATCGTGTGCGG,0.97350204
TATAATGCTAGTGTGTCG,0.9733938
GACCTGGGCTCATGCTTT,0.97339225
GAGGTCTATCGTGTGCGG,0.9733778
GATACCGCGGTGGCTCTA,0.9733608
GACCTGGTCATCTGCAGT,0.9732158
AATTACACGGTGGGTTGA,0.9731697
TATTATGCTAGGGGATGG,0.9730946
GATACCGCGGTGGCTGTA,0.9730792
TATTATGCTAGGTGATTA,0.9730223
GACGCCATGGTGGCTCTT,0.9729773
AAGGTGTATCGTGTGCGG,0.97292817
GATACCATGGTGGCTCGA,0.9728788
TATAATGCTAGTGGGCCG,0.97277296
TATTACACTAGTGGGTGG,0.9727421
AATACCACGGTGTTTCTA,0.972495
TATAATGCGGGGTTTTTA,0.9723554
TATAATGCTAGTGGGTCG,0.9721191
TATTATGCTAGGCGGTCG,0.9718173
GACGCCATGGTGGCTCGT,0.97179776
GTCGGCGGCGTTGCCGTA,0.9717411
AAGATCTATCGTGTGCTG,0.9716066
AAGATGTATCGTGTGCGG,0.97153276
ATCGGCGGCGTTGCCGTA,0.9714569
GACCTGGGCTCCTGCAGT,0.97126055
AATTACTATCGTGGACGG,0.9711972
AATTACACGGTGGGTCTA,0.9710669
AATACAGCGGTGTTTCTA,0.97101176
TATTATGCTAGGCTGTCG,0.97092485
TATAACACTCGTGGGCGG,0.9708458
TATTAAGCGGTGTTTTTA,0.97083366
GAGGTCTATCGTGCGCGG,0.9708281
TATTATGCTAGGTTATTA,0.97074807
TATTACACTAGTGGGCGG,0.9707159
AAGATGTATCGTGTGCTG,0.97070146
TATAGTGCGGGGTTTTTA,0.97058517
TATAACACTCGTGTGCCG,0.9705134
ATCGGCGGCGTCGGCGTA,0.9703694
TATTATGCTAGGGGATTG,0.97035897
AATAACTATCGTGTGCTG,0.9703388
GAAGACATTCTTGCTGTG,0.97029245
AAGGTGTATCGTGTGCTG,0.9702412
GAGGCCAGTCTTGCTGTG,0.9702164
ATGGGCGGCTTTGGCGTA,0.9701848
TATAGCTCTCGTCTGCCG,0.97006625
AATAACTATCGTGTGCGG,0.9700446
AATTAAGCGGTGTTTCTA,0.96986574
TATTATGCTAGGGGATTA,0.96981645
AATACAGCGGTGTTTTTA,0.9697344
GACGCCATGGTGGCTCTA,0.96946275
AATTAAGCGGTTGGTTGA,0.9693543
TATAGCGCTCGTCTGCCG,0.96932524
GAGGTCTATCGTGTGCTG,0.9692352
GTCGGCGGCGTTGCTGTA,0.9691937
AATTACACGGTGGGTCGA,0.96902764
GACGCCATGGTGGCTGTA,0.96867037
ATACAGTGTGCATCTGCG,0.96864533
GACGCCATGCTGGCTGTT,0.96855026
GAAGACATTCTTGCTCTG,0.96849704
AATACCACGGTGTGTCTA,0.9682664
GAGGTGTATCGTGTGCGG,0.9682161
ATCGGCGGCGTTGCTGTA,0.9681696
AATACAGCGGTGTTTGTA,0.9680595
ATACAGTGTGCATCGGCG,0.96804965
GACGCCATGCTGGCTCGT,0.96802866
GACGCCATGGTGGCTCGA,0.96788085
GACGCCATGCTGGCTCTT,0.96786845
TATTACATTAGTGGATGG,0.9675032
GATACCACGGTGTCTCTA,0.967078
TATTATGCTAGGGGATCG,0.96705645
GAGGTCTTTCCTGCGCTG,0.9670074
GACACCGTGGTGGCTGTA,0.9667517
GAGGTCTATCGTGCGCTG,0.9667215
AATTACACGGTTGGATGA,0.96663445
TATAGTGCTAGGCTGCCG,0.96603364
AATTAAGCGGTGTGTTTA,0.96596944
TATAACACTCGTGGGCCG,0.9657525
TATAACGCTAGTGGGTCG,0.96557724
GACGTGGGCTCATGCTGT,0.9654763
GTGGGCGGCTTTGGCGTA,0.9654309
ATCAGCGGCGTTGCCGTA,0.965372
TATTAAGCGGGTGGTTGA,0.96535265
AATTAAGCGGTGTTTTTA,0.96519995
ATGGGCGGCGTTGGCGTA,0.96500975
AATTAAGCGGTGGGTTGA,0.96485704
GAGGTGTATCGTGTGCTG,0.9648046
GACCTGGGCGCATGCTGT,0.964798
AATTAAGCGGTGGGTTTA,0.96452314
GAGGACTTTCCTGCGCGG,0.9643334
GAGACCAGTCTTGCTGTG,0.96421015
TATAACGCTAGTGGGCCG,0.9641789
GATACCACGGTGGGTCTA,0.9641743
GACGCCATGCTGGCTGTA,0.9641276
GAAAACATTCTTGCTGTG,0.9639427
TACTACATTAGTGGATGG,0.9638431
GAGGGTGCGTTTGCTGTA,0.9638264
GACGGCGGCGTTGCTGTA,0.9637713
GACGCCATGCTGGCTCTA,0.96363264
AAGATCTATCGTGTGCCG,0.963607
GACACCATGGTGGCTCGT,0.96358794
TATAAAGCGGTGTTTTTA,0.9635628
TATAGTGCTAGTCTGCCG,0.96340007
GTGGGCGGCTTTGCCGTA,0.9633203
AATACCACGGTGTCTCTA,0.96314627
GACGGCATGCTGGCTCGT,0.9630756
ATGGGCGGCGTTGCCGTA,0.9629737
AATACAGCGGTGTCTCTA,0.96297336
TATAATGCTAGTCTGCCG,0.96295005
GACCTGGTCATCTGCAAT,0.9629336
GACGGCATGCTGGCTCTT,0.96282774
GATACAGCGGTGTCTGTA,0.9627724
GAGAGTGCGTTTGCTGTA,0.96267563
AATAACTATCGTGGGCGG,0.9626408
GAGGACATTCTTGCTGTG,0.9624623
AAGATGTATCGTGTGCCG,0.9623687
AAGAGTGCGTTGTTTGTA,0.96230185
AACGGCGGCGTTGCTGTA,0.9622048
AAGAGTGCGTTTTTTGTA,0.9621819
GACGGCATGCTGGCTGGT,0.961943
GACGGCATGCTGGCTGTT,0.9617083
GTGGGCGGCTTTGCTGTA,0.9616549
GAGAACATTCTTGCTGTG,0.9615539
TACTACATTAGTGGACGG,0.9613346
AATACAGCGGTGTCTGTA,0.961122
TATTAAGCGGGTGGTTTA,0.96096563
AATTAAACGGTTGGTTGA,0.9608305
GATACCACGGTGGGTCGA,0.9605948
GACACCATGGTGGCTCTA,0.960469
GTGGGCGGCTTTGGTGTA,0.9603659
ATACAGTGTCCATCTGCG,0.9603004
GACACCATGGTGGCTGTA,0.9602002
AATTACACGGTTGGACGA,0.96010286
GATAACATGGTGGGTCGA,0.96008945
GACCTGGGCTCATGCAGT,0.96008873
GAGAGTGCGTTTTCTGTA,0.9600219
ATCGGCGGCGTCGGCGAA,0.95996964
GATACCACGGTGGCTCTA,0.95994836
TATAATGCTAGGCTGTCG,0.9598129
AACGGCGGCGTTGCCGTA,0.95940024
GAGAGCGCGTTTGCTGTA,0.9592979
TATTAAGCGGGGTGTTTA,0.9589863
AATTACACTATTGGATGG,0.95868945
ATGGGCGGCTTTGGCGAA,0.9586588
TATAATGCTAGGCGGTCG,0.9586049
TATTACACTAGTGGATGG,0.95859474
GAGGACTTTCCTGCGCTG,0.9585874
ATGGGCGGCTTCGGCGAA,0.9585748
TTAACCAGTCTAGCTGTG,0.9585556
GAGAGTGCGTTTGTTGTA,0.9584059
GAGGGTGCGTTTGTTGTA,0.95823175
GATAACATGGTGGCTCGA,0.95803857
GACGCCATGATGGCTCTT,0.9580124
TATTATGCTAGGCTATTA,0.9580038
TATTAAGCGGGGGGTTTA,0.95789146
TATTAAGCGGGGTTTTTA,0.9576395
AAGGACTATCGTGTGCGG,0.9576071
AATACCACGGTGGGTCTA,0.9575353
GTGGGCGGCGTTGCCGTA,0.9572217
GACACCATGGTGGCTCGA,0.9571672
GACGCCATGATGGCTCGT,0.95703554
ATAGAGTGTGCATCGGCG,0.9568628
GAGACCGCGGTGTCTGTA,0.9567727
TATTAAGCGGGTGGATGA,0.9567549
GATTACATTAGTGGATGG,0.95659137
GAGGACTATCGTGTGCGG,0.95633614
GTGGGCGGCGTTGCTGTA,0.95631987
GAGGACATTCTTGCTCTG,0.95627195
ATAGAGTGTGCATCGTCG,0.9562343
GAGAGTGCGTTTTTTGTA,0.95610535
TATTACACTAGTGGATGA,0.9558737
GAGACCAGTCTGGCTGTG,0.9558008
GACAGCGGCGTTGCTGTA,0.95578253
TATTAAGCTAGGTGTTTA,0.9555896
AATACAACGGTGTTTCTA,0.9555339
GACGTGGGCGCATGCTGT,0.9551142
GATTACATGATTGGACGT,0.9550446
GAGGTCTATCCTGTGCTG,0.95500493
GACTTGGTCTCCAGCAGT,0.95495766
ATAGAGTGTGCATCTGCG,0.95481753
GACGCCAGGCTGGCTGTT,0.95465016
AATTAAGCGGGTGGTTGA,0.95449287
GACTACATTAGTGGATGG,0.9537861
GACACCGCGGTGGCTGTA,0.953621
GAGGACAGTCTTGCTGTG,0.953549
GACGCCAGGCTGGCTGTG,0.95338804
GACGCCAGGGTGGCTGTA,0.9532888
AATTAAACGGTGGGTTTA,0.9532553
TATTACACTAGTGGACGG,0.95306146
AATTACACTATTGGACGT,0.9530332
GAGCCCGGGGTCGCTCCG,0.9526037
GAGCCCGGGGTCGCTCCC,0.9525981
AATACCACGGTGGGTCGA,0.9524493
AATACCACGGTGGCTCTA,0.95235467
GACACCGGGCTGGCTGTT,0.95226556
AATAAAGCGGTGTTTCTA,0.95222163
AATTAAACGGTGGGTTGA,0.95219046
GACACCGGGGTGGCTGTA,0.9520121
GACACCGGCGTGGCTGTA,0.9518997
AATAAAGCGGTGTTTTTA,0.9518703
AACAGCGGCGTTGCTGTA,0.95173067
GACTTGGGCTCAAGCTGT,0.9514115
AAGTACTATCGTGGACGG,0.95124406
AATTACACTATTGGACGG,0.95121115
GACGCCATGATGGCTCTA,0.95107317
GAGGCATTTCCTGCGCTG,0.9508089
GAGGGCGGCGTTGCTGTA,0.95067406
AAGACCAGTCTGGCTGTG,0.9504762
GAGAGCGCGGTTGCTGTA,0.95035803
GACGACATTCGTGGACGG,0.94992805
ATACAATGTGCATCTGCT,0.9499052
GACCTGGTCACCTGCAGT,0.94971573
AATTAAGCGGGGTGTTTA,0.94970316
AATTAAACGGTGGGTCTA,0.94958276
GAGGTCTATCCTGCGCTG,0.9493448
GAAGCCATTATTGATCTG,0.9493065
GAGACCGCGGTGGCTGTA,0.9490171
AAGGTGTATCGTGAGCTG,0.9487409
ATACAGCGTGCATCTGCG,0.9485691
AAGCCCGGGGTCGCTCCC,0.94856477
GAGGCCATTCCTGCTCTG,0.9484856
AACAGCGGCGTTGCCGTA,0.9481514
GATTACATGATGGGACGT,0.9481447
ATAAAGTGTGCATCTGCG,0.9479561
GACGCCAGGCTGGCTGTA,0.9478469
TAACGCATTATCGATGAG,0.94778085
ATACAGGGTCAGTCTGCG,0.94775444
GAGAACAGTCTTGCTGTG,0.947645
TATTAAGCTAGTGGATGG,0.9475548
AGCACCGCTCTGGCCGGG,0.9475378
GTGGGTGCATTTGCTGTA,0.94745696
GACTACATTAGTGGACGG,0.9472923
AAGCCCGGGGTCGCTCCG,0.9471962
TGTAGTGCTCGGCTGCCG,0.9469635
GTGGGAGCCTTTGGCGTA,0.9469634
GAAGACATTATTGCTGTG,0.94688934
ATAACCAGTCTAGCTGTG,0.94676805
GACGGCAGGCTGGCTGTT,0.9466442
AAGAACTATCGTGTGCGG,0.9464454
TATAACACTAGTGGGCGG,0.94643843
AAAGACATTATTGCTGTG,0.94643676
GAAAACAGTCTTGCTGTG,0.9464029
GAGGACTATCGTGCGCGG,0.94608665
GTGGGTGCATTTGGTGTA,0.9459679
GAGGGTGCATTTGCTGTA,0.9458951
GAGCCCCGGGTCGCTCCC,0.9458329
GACAGCGGCGTGGCTGTA,0.94569784
GAGACAGCGTTGTCTGTA,0.9455043
GAAGCCATTATTGAGCTG,0.94542587
ATACAATGTGCATCTGCG,0.945209
GAGGTATTTCCTGCGCTG,0.945159
GACACCGGGCTGGCTGTA,0.9451443
ATACAATGTGCATCGGCG,0.94481885
TATTAAGCTAGTGGATGA,0.94472194
GAGGCCATTCATGCTGGG,0.9445163
TATTAAGCGAGTGGTTGA,0.94448966
TAGACCAGTCTAGCTGTG,0.9444199
ATAAACATTCTAGCTGTG,0.9442171
GAGCCCGGGCTCGCTCCG,0.9441648
GTGGGCGCATTTGCTGTA,0.94376653
GTGGGAGCCTTTGGTGTA,0.9437552
GAAGACATTCCTGCTCTG,0.9437326
GAGGACTATCGTGCGCTG,0.9437285
AAGACAGCGGTGTTTGTA,0.94357294
AATTACTATAGTGGACGG,0.9434412
AATTACACGGTGGGACGA,0.94339365
GACAGCGGGGTGGCTGTA,0.9432273
AATTACACGATTGGATGG,0.94320387
GAAGACATTATTGCTCTG,0.94300634
GACCTGGGCTCAAGCTGT,0.9429828
GAGACCGGGGTGGCTGTA,0.9429451
GAGGGCGCATTTGCTGTA,0.94281036
GAAGCCATTACTGCTCTG,0.9425128
GAGGACTTTCCTGCACGG,0.942337
TAAACCAGTCTAGCTGTG,0.9423104
AATTACACTAGTGGATGG,0.94227815
ATAAAGGGTCTAGCTGTG,0.942209
ATACAGGGTCCATCTGCG,0.9419438
GTGGGTGCATTTGTTGTA,0.94158304
GAGGGTGCATTTGTTGTA,0.9411874
TATTACATTAATGGATGG,0.94114983
AATAACTATCGTGGACGG,0.9411404
GAGGCCCGGGTCGCTCCC,0.94092995
GACCTGGGCACATGTTGT,0.94092745
GAGGGCGGCGTGGCTGTA,0.94082034
AAGCCCGGGGTCGCGCCG,0.94063157
GACGGCATGCTGGCACGT,0.94062304
GAGGTATATCGTGTGCTG,0.9406103
ATACAGTGTACATCTGCG,0.94030046
GAGGTGTATCGTGAGCTG,0.94021064
TTACGGGGTATAGCTGAG,0.9400267
AGCAGCGCTCTGGCCGGG,0.93996483
AACAGCGGCGTGGCTGTA,0.939893
AGGATGTATCGTGTGCTG,0.93988013
GACACCAGGCTGGCTGTT,0.93967897
AAGCCCGGGCTCGCTCCG,0.9394354
GAGGCCATTCATGCTGTG,0.93928987
AGTATGTCTCGTCTGCCG,0.9392788
GTGGGAGGCTTTGGCGTA,0.93906856
GACCTGGGCACATGCTGT,0.939052
GACACCAGGGTGGCTGTA,0.9390442
GACCTGGTCATCAGCAGT,0.9388988
TGTAGTGCTCGTCTGCCG,0.9388447
TATAACACTAGTGGGCCG,0.9386393
ATCCTCATCATCGATATC,0.93838453
ATCGGCGGCGATGGCGTA,0.93826205
AGCGGCGGCTTCGGCGAA,0.9382175
ATACAGTGTACATCGTCG,0.9378435
GAGGCCATTCAGGCTGGG,0.9378418
AATTACACTAGTGGATGA,0.9376979
GACACCAGGCTGGCTGTG,0.93769014
AATTACACGATTGGATGA,0.9374186
GAGAGCGCGGTGGCTGTA,0.9368574
GACAACATGGTGGCTCGA,0.93681306
AAGCCCGCGCTCGCTCCG,0.9367096
ATAAAGTGTCCATCTGCG,0.9366062
ATACAGTGTACATCTTCG,0.9363208
TAGACCAGTCTGACTGTG,0.93605417
ACGGCCTTCCCTGCGCCG,0.9359265
TTACGGGGTATATCTTAG,0.9358754
AATTAAGCGGGTGGATGA,0.9356607
TGTAGTTCTCGTCTGCCG,0.9355183
AAGCCCGGGGTCGCCCCG,0.93540365
GACCTGGTCATCAGCAGC,0.93519354
GAGAGCGCATTTGCTGTA,0.93508756
GAGGGAGCGTTTGCTGTA,0.9349065
AATTACACGATTGGACGT,0.93487877
AAGGCCGCGCTCGCTCCG,0.93481475
ATAACGGGTCTAACTGTG,0.9346315
AATAACACGGTGGGTCTA,0.9344758
AGGAGCGCTCTGGCCGGG,0.93393195
TGTATTTCTCGTCTGCCG,0.9339093
AGTATTTCTCGTCTGCCG,0.93384093
GAGCCCGGGGTCCCTCCC,0.9335512
AAGCCCGCGGTCGCCCCG,0.93344617
TTACGGGTTATCGATAAG,0.93316674
GACCTGGGCACCTGCAGT,0.93314326
ATAACCGGTCTAACTGTG,0.9331311
ATCGGCGGCGATGCCGTA,0.9328542
GAGACAGCGGTGTCTGTA,0.9327787
TTACAGGGTATAGCTGAG,0.9325264
GAGCCCGGGGGCGCTCCG,0.9324994
GAGAGCGGCGTGGCTGTA,0.9322836
GAGGCATTTACTGCGCTG,0.93203026
GTGGGCGGATTTGCTGTA,0.93177825
GTGGGAGGCTTTGGTGTA,0.931764
GTGGGCGGATTTGGTGTA,0.93169576
TAACGGGTTATCGATAAT,0.93163455
GAGGACTTTCCTGCACTG,0.9315522
AAGCCCTGGGGCCCTCCG,0.93144035
AATACAACGGTGGGTCTA,0.93075746
GCCGCCTTCCCCGCGCCC,0.93071556
AGCACCGCTCGGGCGGGG,0.93062454
AAGAACTATCGTGGGCGG,0.930439
ACCGCCTTCACCGCGCTC,0.9303599
GAGGGCGCAGTTGCTGTA,0.9302436
GACACCAGGCTGGCTGTA,0.9301017
GAGGCCATTACTGCGCTG,0.9300132
GAGGACATTCCTGCGCTG,0.92998457
GAGGGCGGATTTGCTGTA,0.929562
GAGACCAGGCTGGCTGTG,0.92946696
GACGACATGGTGGCACGT,0.92921233
AAGACAGCGGTGTCTGTA,0.92915434
AAGAGAGCGTTGTTTGTA,0.9288845
GAAGACATTCTAGCTGTG,0.928866
TTACAGGGTATATCTTAG,0.92884743
GATAACATGGTGGGACGA,0.9288052
TAACGGGTTATCGATAAG,0.928787
GACCAATGGGCATGCTTT,0.92868876
ATACAGGGTATATCTGAG,0.9282226
GACGCCAGTCAGGCTGGG,0.9281899
TTACAGGGTATAGCTTAG,0.92809594
AAGGCCTGGGGCCCTCCC,0.92803544
AAGAGCGCTCGCGCTGCG,0.9279238
AATTACATTAATGGATGG,0.92772883
ATACAGGGTATATCTTAG,0.9276436
ACCGCCTTCCCCGCGCCG,0.9275798
ATAGAATGTGCATCGGCG,0.92745346
ACCGCCTTCCCCGCGCCC,0.92731667
AATAACACGGTGGGTCGA,0.92730486
AAGGCCGCCCTCGCTGCG,0.9272452
AAGGCCTGGGGCCCTCCG,0.92697835
ATAGAATGTGCATCGTCG,0.9268083
AGACAGTGTACGTCTGCG,0.92631096
GAGGACTATCCTGCGCGG,0.9263047
GACGCCATGATGGCACGT,0.92609996
AGCACCGCTCGGGCCGGG,0.9260652
GAGAGAGCGTTTGCTGTA,0.92597383
GAGGAATTTCCTGCGCTG,0.9259652
GAGGCCAGTCATGCTGTG,0.92593473
GACGACATTAGTGGATGG,0.92586195
GAGGCCTGGGGCCCTCCC,0.9258382
GAGAGCGGGGTGGCTGTA,0.9257512
TATTAAACTAGTGGATGG,0.92567044
AAGCCCGGGCTCGCCCCG,0.9255709
GACCAGGGCGCATGCTGT,0.92543197
GATAACATGGTGGCACGA,0.9253489
GAGGCCTGGGGCCCTCCG,0.92531806
GACCTGGTCATCTACAAT,0.92514014
AAGCCCGGGGGCGCTCCG,0.9250737
GTGGGCGGAGTTGCTGTA,0.92492276
GACCAGGGGGCATGCTTT,0.92433333
AATTACACGATTGGACGA,0.92427146
GAAGGCATTATTGAGCTG,0.923846
ATCGGCGGCGACGGCGTA,0.9235744
AAAGACATTCTAGCTGTG,0.92349654
TATTAAGCGAGTGGATGA,0.92336404
GAGCCCGGGCGCGCTCCG,0.92283255
TAAGGCATTATCGATGAG,0.92281294
TAGACCGGGCTGACTGTG,0.92272645
GAGGCAATTCCTGCGCTG,0.9226126
GAGAGAGCGTTGTCTGTA,0.92254454
AGGAGCGCTCGCGCTGGG,0.9224533
TAACGCATTATCGATAAT,0.9224195
ATCATCGTCATCATCATC,0.922158
AATTACATTAATGGACGT,0.9220107
GACCAGGGGGCATGCTGT,0.92162955
GAGAGCGCAGTTGCTGTA,0.92156327
AGCGGCGGCGTCGGCGAA,0.92132986
GAGACAGCGGTGGCTGTA,0.92128927
CCCGCCTTCCCCGCGCCC,0.9212292
GAGGCCATTACTGCTCTG,0.92117673
ACCGCCTTCCCTGAGCCG,0.9211513
GAAGGCATTATTGATCTG,0.92106557
AGGATGTATCGTGTGCCG,0.92094445
ATAAAGGGTCCATCTGTG,0.92048
TAACGCATTATCGATAAG,0.92032224
GAGGACTATCGTGTACGG,0.9201355
ATGACGGGTCTAACTGTG,0.92004746
GACGAGGGCTCATCCTGT,0.9199699
AACCTCATCATCGATATC,0.9199649
GATTACACGATGGGACGT,0.9199254
GAGGACTATCGTGGACGG,0.9195173
ATAAACAGTCTAGCTGTG,0.9194954
ACCGCCTTCACCGCCCTC,0.91947716
AAGACCAGGCTGGCTGTG,0.9194049
GAGGACATTCCTGCTCTG,0.91937536
GAAGCCATTATCGAGCTG,0.9193282
AAGCCCGCGCTCGCCCCG,0.9192377
ATGACCGGTCTAACTGTG,0.919235
GAGGCCCGGGGCGCTCCC,0.9190756
TATTAAACTAGTGGATGA,0.91906327
GACGCCATTCAGGCAGGG,0.91890275
GACGTGGGCACATGCTGT,0.9188725
AATTACATTAATGGACGG,0.91871905
TATTACAATAGTGGATGG,0.9185426
AAGGACTATCGTGGACGG,0.91844594
GAAGCATTTACTGAGCTG,0.91820884
GAGGTGTATCCTGAGCTG,0.9180486
GACCTGGGCACATCCTGT,0.91782
GAGACCAGTCTAGCTGTG,0.9177611
TTACGGGGTATCGATAAG,0.9176912
ATCAGCGGCGATGCCGTA,0.9176718
AGCAGCGCTCGGGCCGGG,0.9175455
AAGCCCGCCCTCGCTCCG,0.91753316
GAGGTATTTACTGCGCTG,0.9170586
ATAAAGGGTCAGTCTGCG,0.91705465
GAGGGCGGAGTTGCTGTA,0.91689783
GAGGACTATCCTGCGCTG,0.91681594
CGGATGTATCGTGTGCCG,0.9165183
GAGCCCGGGGCCGCTCCC,0.9163349
ACGACGGGTCTAACTGTG,0.9163181
TTAACCAGTCTAACTGTG,0.91617393
GACACCGGCGTGACTGTA,0.9161393
AAGGCCGCCCTCGCTCCG,0.9159712
GACTACATTAATGGATGG,0.91588503
AAGCCCGGGCGCGCTCCG,0.91578394
AAGCCCGCCCTGGCCCCG,0.91576433
AACCTGGTCATCATCAAC,0.9157574
GAGAGAGCGTTGGCTGTA,0.9156205
AGGCAGCGTGCGTCTGCT,0.9155511
ACCGCCTTCACCGCGCCC,0.9155192
AGCACCGCCCTGGCGGGG,0.91538256
GACGGCATTCATGCACGT,0.91530085
AGGAGCGCTCGGGCTGGG,0.91506004
GATTACATTAATGGATGG,0.91503835
GTAGAGTGGGCATCGTCT,0.91490424
GACACCGGGGTGACTGTA,0.9147336
GAGGTCTATCCTGAGCTG,0.91465205
TAAAACAGTCTAGCTGTG,0.9144074
AAAGGCATTATCGATGTG,0.9141849
AAAGACATTATTGATGTG,0.9141733
GACACCGGGCTGACTGTT,0.91410285
GTACAATGGGCATCGGCT,0.9140672
ATACAGGGTATAGCTGAG,0.9139851
AATTACACGATGGGACGT,0.91397417
AGGGGCGGCTTCGGCGAA,0.91393006
ATCCCCATCATCGATATC,0.9139243
GAGGCACGGGTCGCTCCC,0.91390413
AGGGGCGGCTTTGGCGAA,0.91384715
ATACAACGTGCATCTGCT,0.9135494
CCCCCCTTCCCCGCGCCC,0.91345423
CACCCCGGGGCGGCCCCC,0.91344243
ACGGCCTTCCCTGAGCCG,0.9133754
ATACAGGGTCAATCTGCG,0.9133496
AAGCCCGCGCGCGCTCCG,0.9132138
AACATGGTCATCATCATC,0.9130868
GAGGCAATTCCTGCTCTG,0.912989
GACCTGGTCATCAGCAAT,0.91266435
AAGGCCGGGCGCGCTCCG,0.9125633
ACCCCCTTCACCGCCCTC,0.91247725
GACGCCATTCAGGCACGG,0.9123859
CAGCCCGGGGCGGCCCCC,0.9122774
GACGACATTAGTGGACGG,0.9119437
AAGGCCGCGCGCGCTCCG,0.9114923
GGAGCCATTATTGAGCTG,0.91128105
CACCCCGCGGCGGCCCCC,0.9111574
AAGACCAGTCTAGCTGTG,0.9111148
ACCCCCTTCCCCGCCCCC,0.91110337
GACGACATTCATGGACGG,0.9110078
GACGGCATGATGGCACGT,0.9109575
AGCACCGCCCTGGCCGGG,0.91092855
TAACGGGTTATCCATAAT,0.9109222
GAAGACATTATTGATGTG,0.91087836
GAGACCAGTCATGCTGTG,0.9106036
GAGGCCAGTCAGGCTGGG,0.9105241
GAGGACTTTCATGCACGG,0.910524
GCCGCCTTCACCGAGCTG,0.9102218
AATAAAACGGTGGTTCTA,0.91014653
TTACGCATTATAGATGAG,0.9101023
AACAGCGGCGTTACTGTA,0.91010165
GAAAACATTCTAGCTGTG,0.9100287
GAGCCCGGGGCCGCGCCC,0.90997714
GAAGCCATTACTGATCTG,0.9099615
AACATCGTCATCATCATC,0.9099363
AAAGACATTATTGATCTG,0.90991384
GAGGCCAGTCAGGCTGTG,0.90984076
GACGAGGGCGCATGCTGT,0.90983796
GACACCGGGCTGACTGTG,0.9098322
ATACAATGGGCATCGGCT,0.90977865
GTAGAGTGGGCATCGTCG,0.90959334
AAGCCCGGGGCCGCTCCC,0.90956396
TTACGGGGTATATCTAAG,0.9095058
ATACAATGGGCATCTGCT,0.90933955
AAGGGCGCTCGCGCAGCG,0.9092775
TTACGGGGTATAGCTAAG,0.90854096
TATTACAATAGTGGACGG,0.9083385
GCCGCCTTCACCGAGCTC,0.9083174
GAGCCCGGGGGCCCTCCG,0.90825516
AAAGGCATTATCGATCTG,0.90812063
GAGGACATTCATGCTGGG,0.9080877
GCCGCCTTCCCCGAGCCG,0.9079397
ACCGCCTTCACCGAGCTC,0.90793914
ATCGGCGGCGATGCCGAA,0.90793145
GACCTGGTCATCATCAAC,0.9079127
GAGCCCGGGGGCCCTCCC,0.9079007
CGGATCTATCGTGTGCCG,0.907681
ATAAAGAGTCTAGCTGTG,0.9074589
GATTACATTAATGGACGG,0.9074426
AGGGGCGCCTGCGGAGGC,0.90726805
AATTACACGAGTGGATGA,0.9068397
AAGTACTATAGTGGACGG,0.90678316
AACCCCGGGGCGGCCCCC,0.90677553
ATAGAGTGTACATCTGCG,0.9067089
GAGAGCGGAGTTGCTGTA,0.90670204
ATACAACGTGCATCTGCG,0.9066412
AACAGCGGCGTTACCGTA,0.906555
GACGGCATGCAGGCTGGT,0.9064856
GACCTGGTCATCAGCAAC,0.90648323
GAGGACTATCGTGCACGG,0.90643984
GACAACATGGTGGCACGT,0.9063116
CCCCCCTTCCCCGCCCCC,0.90630704
GATTACATTAATGGACGT,0.9062973
GAGAGAGCGGTGTCTGTA,0.9062694
AGGAGCGCTCGGGCCGGG,0.9061995
GAAGCCATTACTGAGCTG,0.9059076
TAACGGGGTATCGATAAT,0.90580446
GACGGCATTCAGGCAGGT,0.90543824
GACTACATTAATGGACGT,0.90530556
TAGACCAGGCTGACTGTG,0.9050824
TTACACAGTATAGCTGAG,0.90503633
CAGCCCGGGGCCGCCCCC,0.9050337
AGGGTGTATCGTGAGCTG,0.90494096
GACATGGTCATCATCAGC,0.9048989
ATAAAGGGTCCATCTGCG,0.9048795
AACCCCGCGGCGGCCCCC,0.9048413
AAGACCAGTCTGACTGTG,0.9048295
ATACAGGGTACATCTGCG,0.9046214
AGGGGTGCATTTGGTGTA,0.9045753
ATAGAGTGTACATCGTCG,0.90424323
GACACCAGTCAGGCTGGG,0.9040941
AGGGGCGCGTGCGGAGGC,0.9040672
GACGGCATGCAGGCTCGT,0.9040335
AAGCCCGCGGCGGCCCCC,0.9039344
AACCCCGCGGCGGCCCCG,0.90389246
GAGGTATATCCTGCGCTG,0.9038813
GACATGGTCATCAGCAGC,0.9035431
GAAGACATTATTGATCTG,0.9035023
AACACCGGCGTGACTGTA,0.9034631
TTACGGATTATCGATAAG,0.903444
GAGGGCGGAGTGGCTGTA,0.9032728
TAACGGGGTATCGATAAG,0.90325
AGCAGCGCCCTGGCCGGG,0.9031667
AAGCCCTGGGGCCCACCG,0.9030846
GACTACATTAATGGACGG,0.90308005
ACCGCCTTCACCGCCCCC,0.9030669
AAGCCCGGGGCGGCCCCC,0.90305376
AACACCGCCCTGGCCGCG,0.90305173
AAGCCCGCGGCGGCCCCG,0.9030304
AAGCCCGGGGCGGCCCCG,0.9030206
AAGACCGCCCTCGCTGCG,0.9030204
GAAGACATTACTGCTCTG,0.9029371
AGACAGCGTGCATCTGCT,0.9029015
GACGAGGGGGCATGCTGT,0.9028183
GAGCCCGGGGCCGCCCCC,0.90274787
AAGCCCGGGGCCGCGCCG,0.9026246
GACGAGGGGGCATGCTTT,0.9024633
AAGGCCGCCCGCGCTGCG,0.9023192
GACACCGGGCTGACTGTA,0.9023132
ATACAGGGTACATCTTCG,0.9022737
GACGAGGGCGCATCGTGT,0.9022253
AAGCCCGGGGCCGCGCCC,0.9021914
GACGGCATTCAGGCAGGG,0.90213865
GAGCCCCGGGCCGCTCCC,0.9017596
AAGAGCGCCCTCGCTGCG,0.9015831
GACAGCGGCGTGACTGTA,0.901523
AGGACCGCCCTGGCCGGG,0.90152055
TAACGGGGTACATCTTAT,0.90129524
AGGGCCTAGGGCTGACGT,0.90109605
ATAAACGGTCTAACTGTG,0.90098894
AAGCCCGGGGGCCCTCCG,0.9008806
GACCTGGGCACATGCAGT,0.9004198
AATTACACGATGGGACGA,0.90026766
AGGGGCGGCTGCGGAGGC,0.90025985
TAACGCATTATAGATGAG,0.9002473
GTGGGAGCATTTGGTGTA,0.90005434
AGGCTGCGTAAGTCTGCT,0.8999299
TTACGGGGTACATCTTAT,0.8999031
TTACGGGGTATAGATGAG,0.89952576
ATAAACATTATAGCTGTG,0.89932054
GAACAATGGGCATGCTTT,0.89928496
AGACAGTGTAAGTCTGCG,0.8992497
AAGACCGCCCTGGCCGCG,0.89921194
ATCATCATCATCATCATC,0.8989504
ATACAATGGGCATCGGCG,0.89886767
TTACGGGGTACATCTTAG,0.898526
ATAACCAGTCTAACTGTG,0.89821035
GACGAGGGGGCATCGTGT,0.89808387
TTACAGGGTATATCTAAG,0.89800125
AGGATGTATCGTGAGCTG,0.8978961
GAGGACATTCATGCTGTG,0.89781183
AGGCTGCGTCAGTCTGCG,0.89764106
AACACCGGGCTGACTGTG,0.8975799
ATCGGCGGCGACGGCGAA,0.89749587
AAACGGGTTATCGATAAT,0.8972882
TAACGGATTATCGATAAT,0.89722806
GACCTGGTCACCTACAGT,0.89721644
GACACCGGCCTGACTGTA,0.8971733
AAGCCCGCCCTCGCCCCG,0.8971705
ATACAGGGTACATCGTCG,0.8971149
GAGCAATGGGCATGCTTT,0.8967823
AAGCCCGGGGCCGCCCCG,0.8967102
AATTACACTAATGGATGG,0.89668685
GACGACATTCATGCACGT,0.8966099
AAGGGCGCCCGCGCTGCG,0.8965726
GAGGACATTCAGGCTGGG,0.8965227
AAGGCCTGGGGCCCACCG,0.8965199
AAGCCCGGGGCCGCCCCC,0.8964727
AAAAACATTCTAGCTGTG,0.8963773
TACTACAATAGTGGACGG,0.896363
GACGGCATTCAGGCACGT,0.8961342
AGGAGCGCTCGCGCTGCG,0.8960731
ACCCCCTTCACCGCCCCC,0.8959882
ATAAAGTGTACATCTGCG,0.89582855
CACACCGGGGCGGCCCCC,0.8957711
GAGCCCCGGGCCGCGCCC,0.89575666
AGGGGAGGCTTTGGCGTA,0.8956387
TAACGGATTATCGATAAG,0.8954373
AGACAGGGTCAGTCTGCG,0.895371
TTACAGGGTACATCGTAT,0.89523906
AAGCCCGCGGCCGCCCCG,0.89523077
AGGGGTGCATTCGGCGAA,0.89500827
GAGGCCCGGGCCGCTCCC,0.8948959
GAGAGAGCGGTGGCTGTA,0.89482987
TAAACCAGTCTAACTGTG,0.8948122
GATAACATGATGGGACGT,0.89473814
AACCCCGCCGCGGCCCCC,0.894691
GAACAATGGGCATCGTTT,0.8944891
TTACAGGGTATAGCTAAG,0.8943354
GAAGGCATTATCGATCTG,0.89431953
GACGACATTCATGCACGG,0.8943018
GAGACCGGGCTGACTGTG,0.89429384
AACCCCGCCGCGGCCCCG,0.89428705
GACGGCATTCAGGCACGG,0.8942474
ACAAAGGGTCAGTCTGCG,0.8941895
AAAACCAGTCTAGCTGTG,0.89406884
GAAGGCATTATCGAGCTG,0.89369494
GAGGGAGCATTTGCTGTA,0.89361733
GTGGGAGCATTTGCTGTA,0.89357704
AAGAACTATCGTGGACGG,0.8935682
ACCGCCTTCACCGACCTC,0.8935174
AACAGCGGCGTGACTGTA,0.8934391
TTACAGGGTACATCGTAG,0.89339113
AAGACCGCCCTCGCTCCG,0.89306045
ATAAAGGGTCTAACTGTG,0.89299726
AGACAGCGTGCATCTGCG,0.8929759
AAGCCCGCCGCGGCCCCG,0.8929583
AGGGGTGCATTCGGTGAA,0.89295685
ATCCCCATCATCGACATC,0.8929564
AAGACCGCCCTGGCCCCG,0.89265907
GAGGCACGGGGCGGTCCC,0.89210814
GAGGCCCGGGCCGCGCCC,0.8919053
GACGCCAGGCAGGCTGTT,0.8918656
AGCACCGCCCTGGCCGCG,0.89183736
GACAACATGGTGGCACGA,0.89180696
TATTAAACGAGTGGATGA,0.89168566
GAGGCCATTCAGGCAGGG,0.8915951
AAGGCCGCCCGCGCTCCG,0.89153105
AGGGGCGGCTGCGGAGGA,0.89151335
GACGCCAGGCAGGCTGGT,0.89150846
AACACCGGGCTGACTGTA,0.89108205
GACACCAGGCTGACTGTT,0.8909008
GAGGCATTTACTGAGCTG,0.89078057
GACGTGGGCACATCCTGT,0.89059526
GACGAGGGCGCATCCTGT,0.89051056
GATAACACGGTGGGACGA,0.89032274
GAGGTATATCGTGAGCTG,0.8901097
TAAACCGGGCTAACTGTG,0.8898566
ACGAAGGGTCAGTCTGCG,0.889567
TTACAGGGTACATCTTAG,0.8893052
GACGCCAGGCAGGCTGTG,0.8892871
ATCAGCGGCGATGCCGAA,0.8892656
GACGAGGGGGCATCCTGT,0.889209
AGGGGCGGCTGCGGCGAA,0.8891784
TTACAGGGTACATCTTAT,0.8891024
GACGCCAGGCAGGCTGGG,0.88893336
GAGGACATTCATGCTCGG,0.88881946
ATAACCGGGCTAACTGTG,0.8885961
AGGGGTGCATTTGGCGAA,0.888392
AACCGCATCATCGATATT,0.888049
AGCAGCGCTCAGGCTGGG,0.8879024
AACACCGCGGCGGCCCCC,0.88780487
AAGACCGGGCTGACTGTG,0.88772804
AGACAGGGTACGTCTGCG,0.8876926
TTACAGAGTATAGCTGAG,0.8876178
GAGACCAGTCAGGCTGTG,0.88736475
GAGAGCGGAGTGGCTGTA,0.88731897
TAGACCAGTCTAACTGTG,0.88720167
AACACCGGGGCGGCCCCC,0.88718677
ATAAACAGTCTAGCTGAG,0.8871122
AGGAGCGCCCTGGCCGGG,0.88685715
AGGCTGCGTAAGTCTGCG,0.88666433
AGCACCGCCCGGGCGGGG,0.8866185
GACACCAGGCTGACTGTG,0.88661826
AACACCGGCCTGACTGTA,0.8865966
AAGAGCGCTCGCGCAGCG,0.88645697
GAGGCCATTACTGAGCTG,0.8862373
AATTAAGCGAGTGGATGA,0.8859424
GATAACATGATGGCACGT,0.88591146
GGGGGTGCATTTGGTGTA,0.8859041
CAGACCGGGGCGGCCCCC,0.88584566
AAGGCACGGGGCGGTCCC,0.88570154
AAGCCCTGGCGCCCACCG,0.88557607
AACCCCATCATCGATATT,0.8851986
ACGGCCTACCCTGCGCCG,0.88516945
GAGACCAGTCAGGCTGGG,0.88489944
TTACAGGGTATAGATGAG,0.8844623
ATACAGGGTACATCTGAG,0.8843841
TTACACATTATAGATGAG,0.8842716
AAGCCCGGGCGCCCTCCG,0.88412535
TAGACCGGGCTAACTGTG,0.88409454
AACACCGCCGCGGCCCCT,0.88392013
AAGACCGCCCTCGCCGCG,0.88386786
TAACAGGGTACATCTTAT,0.8838169
GAGGCACGGGGCGCTCCC,0.8836274
AAGCCCGCGCCGGCCCCG,0.88357997
ATACAGGGTACATCTTAG,0.88356566
AGCGCCATCATCGAGCTC,0.8833871
AAGCCCGGGCGCGCACCG,0.8831959
GGGGTGTATCGTGAGCTG,0.88288087
GACCAAGGGGCATGCTTT,0.8827619
GACGCCAGTCAGGCAGGG,0.8827295
AGGCAGCGTGCATCTGCT,0.8826783
GACGACATGATGGCACGT,0.8825506
TTACGGATTATAGATGAG,0.8818269
AACCGCATCATCGATATC,0.88178056
GAGGACTATCATGCGCGG,0.88166726
CAGCCAGGGGCGGCCCCC,0.88152915
AATTACACTAATGGACGT,0.88132364
AAGTACAATCGTGGACGG,0.88112456
AAAGGCATTATCGATGAG,0.8808532
GTGGGAGGATTTGGTGTA,0.8807965
TAACGGGGTATCCATAAT,0.88078696
TAGACAGGGCTGACTGTG,0.8805799
GACCTGGGCACATATTGT,0.8804384
AACACCGCCGCGGCGCCA,0.88043153
ATAAAGAGTCCATCTGTG,0.8803411
AACACCGCCGCGGCCCCG,0.88023406
GTAGAGGGGGCATCGTCT,0.8802177
GAGGCCCGGGGCCCTCCG,0.88020355
AACCCCATCATCGATATC,0.8800727
AACACCGCCGCGGCCCCC,0.8800607
AGCGCCTTCACCGAGCTC,0.8799253
GATAACATGATGGGACGA,0.879594
GGAGCCATTATCGAGCTG,0.87950635
GAGGACATTCAGGCTCGG,0.8790975
AGACAGCGTACGTCTGCG,0.8789292
GAGGCCCGGGGCCCTCCC,0.8788845
AAAGACATTATCGATGTG,0.8787874
AATAACACGGTGGGACGA,0.8786171
GAGCCAGGGGCCGCGCCC,0.878496
AAGACCGCCCGCGCTGCG,0.8783695
GAGGACATTCCTGCACGG,0.87835497
AAGGCCCGGGGCCCTCCG,0.8783077
AAGGCACGGGGCGCTCCC,0.8781739
AGACAGTGTACATCTGCG,0.8779054
GATTACATGAATGGACGT,0.87780714
AACATGGTCATCATCAAC,0.8777765
ATCACCATCATCATCATC,0.8776428
AACAGCGGCGATGCCGTA,0.87764275
AGGACCGCCCTGGCCGCG,0.8774809
AAGGCCCGGGGCCCTCCC,0.8772801
AATTACACTAATGGACGG,0.8772075
CAGCCAGGGGCCGCCCCC,0.8771992
GACCTGGTCACCAGCAGT,0.8767426
AACACCGCCGCGGCCCCA,0.8765324
AGGCAGGGTCAGTCTGCG,0.8764112
GACCGGGTCATCTACAAT,0.8763727
GAGGACATTCATGCTCTG,0.8761194
TACCGGGTCATCCATAAT,0.87597567
AAACGCATTATCGATAAT,0.8758893
AGGACCGCCCTCGCTGCG,0.87572724
AAAGGCATTATCGATATT,0.8755534
AGCAGCGCTCAGGCCGGG,0.87552476
ATCAGCGGCGACGGCGAA,0.87549156
AAACGGGTTATCCATAAT,0.8754321
ATACAGGGTACATCGTAG,0.87533116
TAACAGGGTACATCGTAT,0.875282
GAGGAATTTACTGCGCTG,0.87518966
AAGGCCTGGCGCCCACCG,0.87496835
GTAGAATGGGCATCGGCT,0.8745949
ATAAAGAGTCTAGCTGAG,0.87437356
GTAGAGGGGGCATCGTCG,0.87390846
AAGGCCGCGCGCGCACCG,0.8738501
AGGGGCGCCGGCGGAGGC,0.87375796
GTACAATGGGCATCGACT,0.8734616
AAGACCGGGGCGGCCCCC,0.87345916
AAGACCGCCCTCGCCCCG,0.87333703
ATGACGGGGCTAACTGTG,0.8729671
AAGGCCGGGCGCGCACCG,0.8729646
TAAGGCATTATCGATAAG,0.872722
AACATCGTCATCATCAAC,0.872294
TTACGGGTTATAGATAAG,0.8719941
AAGAGCGCCCGCGCTGCG,0.8714572
GAGGCAATTACTGCGCTG,0.8708537
GAGGACAGTCATGCTGTG,0.8707769
AAAGGCATTATCGATATG,0.8706907
AATTACAATAGTGGACGG,0.87059903
AGGGGAGCGTGCGGCGGA,0.8702256
GACGGCAGGCAGGCTGGT,0.87006223
AAACGCATTATCGATAAG,0.87003756
AGGGGCGGCGGCGGAGGC,0.8699878
AGGGGCTAGGGCTGACGT,0.86995715
AACCCCGCCCCGGCCCCG,0.86987174
ATAGAATGGGCATCGGCG,0.8694508
GAGCCAGGGGCCGCCCCC,0.8691464
AGGATGTATCGTGAGCCG,0.86909187
CAGGCACGGGCCGGCCCC,0.86890763
AACACCACGGCGGCCCCT,0.8688381
GACCTGGGCACATACTGT,0.86866075
GAGGCACGGGCCGGTCCC,0.8683668
ATGACCGGGCTAACTGTG,0.86734575
AGGGGCTAGGGCTGAGGT,0.86733335
GACGGCAGGCAGGCTGTT,0.8672564
GTAGAATGGGCATCGGCG,0.8672178
ATAGAATGGGCATCGTCG,0.8671853
AACACGGCCCCGGCGGCA,0.8668457
AAGCCCGCGCCCGCCCCG,0.86683935
AGGGGAGCCTTTGGCGAA,0.86660546
GACCTGGGCACCTACAGT,0.8666
GACGACATTCAGGCACGT,0.8664611
GACGACAATCGTGGACGG,0.8663316
GGGCAACGGGTGTCTGCT,0.8661896
ATCCTCATCATCAATATC,0.8661279
GAGGACATTCCTGCACTG,0.865858
GAGCCACGGGCCGCGCCC,0.86564314
GAGAACAGTCTAGCTGTG,0.8654058
AAGCCAGGGGCCGCCCCC,0.8653926
AAGGCCGGCCGCGCACCG,0.8653919
AAGAACAGTCTAGCTGTG,0.86502993
AGGCAGCGTCAGTCTGCG,0.86499375
AACACCACGGCGGCCCCC,0.8649011
GAGGAAATTCCTGCGCTG,0.86486864
GACGACATTAATGGATGG,0.8646315
AGGCAGCGTACGTCTGCT,0.86441225
GAAGAGGGCGCATCGTGT,0.8642003
GAAAACAGTCTAGCTGTG,0.8641997
ATAAACATTATAGCTGAG,0.864188
AACACCGCCCCGGCGGCG,0.8641752
GACGACATTCAGGCACGG,0.86401063
AAGGCACGGGCCGGTCCC,0.86399657
AAAGACATTATAGCTGTG,0.8639913
GAGGCACGGGCCGGGCCC,0.8639538
GACGGCAGTCAGGCAGGT,0.8638744
AGGAGCGCTCAGGCTGGG,0.86370325
GAGACCAGGCTGACTGTG,0.86367226
GACCGGGGCATCTATAAT,0.8636135
ATAAAAAGTCTAGCTGTG,0.8628053
GTAGAGTGTACATCGTCG,0.8626402
AAGCCCGCCCCGGCCCCG,0.86258346
AGGGTGTATCCTGAGCTG,0.862539
TTACGGGGTATACCTAAT,0.8622777
GACAACATGATGGGACGT,0.8620549
AGGGGCGGCGGCGGAGGA,0.8618977
AAGGGCGCGCGCGCAGCG,0.8618143
ACGACGGGGCTAACTGTG,0.8614511
ATCACCGGCGATACCGTA,0.8614124
ATAAAGAGTCCATCTGCG,0.86139107
GTAGAATGGGCATCGTCT,0.8612088
ATACAGAGTATAGCTGAG,0.8611845
GACGGCAGTCAGGCAGGG,0.86090547
AGGAGCGCCCGCGCTGGG,0.86077344
CAGCCACGGGCCGCCCCC,0.86048055
AATAACAATCGTGGACGG,0.8604343
AGCCCCATCATCGATATT,0.86034507
TTACGGGGTATACCTAAG,0.860279
GACACCAGGCAGGCTGTG,0.86001635
GAGGTATTTACTGAGCTG,0.8600025
GACACCAGGCAGGCTGGG,0.8599422
GAAGAGGGGGCATCGTGT,0.8599075
AACACCGCCCCGGCGGCA,0.8598706
GGGGCCTTCCCTGAGCTG,0.85980576
ATCCTCATCATCAACATC,0.85953826
AACACCGCCCCGGCGCCA,0.85952944
AAAGGCATTATCGAGATG,0.85914755
GAGGCACGGGCCGGCCCC,0.85910684
ATAAAGAGTCCAGCTGTG,0.85898834
AACACAGCGGCGGCCCCC,0.8589712
AAACGCATCATCGATATT,0.8586357
AAGGTACGGGGCGGACCC,0.85859114
GTACAGGGTACATCGTAT,0.8584974
AGGGGAGGCTTTGGCGAA,0.8584693
AAGGGCGATCGCGCAGCG,0.85824203
GACATGGTCATCAGCAAC,0.8575369
ATAAAGGGTCAATCTGCG,0.8575187
ATCAGCGGCGACGCCGAA,0.8574771
TTACGGGGTACATCTAAT,0.8573993
AACACCGCCCCGGCCGCG,0.8573573
AGCACCGCCCCGGCGGGG,0.85729444
AAGGCCGCCCGCGCAGCG,0.8571808
AAAAACAGTCTAGCTGTG,0.8570216
TAACGGGTCATCCATAAT,0.8569317
AACACCACCGCGGCCCCT,0.8568344
GAGCCACGGGCCGCCCCC,0.85657495
ACCCCCTTCACCACCCTC,0.8565149
GGGGGGGGGGGGGGGGGG,0.8564969
AGCACCGCACGGGCGGGG,0.8563797
GACCAGGGCACATCTTGT,0.85628396
AGCGCCTTCACCGACCTC,0.85624826
GTACAACGGGCATCGGCT,0.8559518
AGGGGAGCCTTCGGCGAA,0.85589796
CCCCCCCTCCCCGCCCCC,0.8557141
GACATGGTCATCATCAAC,0.85540235
AGGGGAGGCTTCGGCGAA,0.85529023
GTAGAATGGGCATCGTCG,0.855256
ATAAACAGTATAGCTGTG,0.8552356
TAACGGGGTATACCTAAT,0.8552256
GGCGCCTTCACCGAGCTT,0.8551371
AACACCGCCCCGGCCCCG,0.8551263
TAGTACAATAGTGGACGG,0.8550405
AACACCGCCCCGGCCCCC,0.8548538
AACACCACCGCGGCGCCA,0.8547303
TTACGGGGTACATCTAAG,0.8546101
AAGACCAGGCTGACTGTG,0.8543628
CCGACCTACCCTGCGCCG,0.8541284
AGCGGCGGCTACGGCGAA,0.8540485
GACGGCATGCAGGCAGGT,0.8539728
AGGATGTATCGTCTGCCG,0.8539499
AGCGCCATCATCGACCTC,0.8539479
AGGAGCGCCCTCGCTGCG,0.85390586
AGGCAACGTGCGTCTGCT,0.8538376
GAAGAATGGGCATCGTTT,0.85348696
GACAACATGATGGCACGT,0.85334444
GAGGCACGGGCCGCTCCC,0.85327905
GAAGCAATTATCGAGCTG,0.85326314
AACACAGGGGCGGCCCCC,0.8531521
AGCCCCATCATCGAGATT,0.85306144
GGCGCCTTCACCGAGCTG,0.85276854
AGGAGCGCCCTGGCCGCG,0.85238457
AGCCCCATCATCGATATC,0.8522499
AGGACCGCCCTCGCCGCG,0.8522051
AGGGGCTAGGGCGGAGGT,0.85193163
ATAGAGGGTACATCGTCG,0.85187715
AGGGCCTTCCCTGAGCCG,0.85180545
GGGCAACGGGTGTCTATT,0.85168403
AGGAGCGCTCACGCTGGG,0.8514743
ATAAACAGTCTAACTGTG,0.85141873
GACCAGGGCACATCGTGT,0.85104865
AAACGGATTATCGATAAT,0.8507274
AGGAGCGCTCGCGCAGCG,0.8506912
AGGGGCGGCTGCGGAGAA,0.85053545
CAGGCACGGGCCGCCCCC,0.85048187
AACACCGCCCCGGCCCCA,0.85032135
AGCACCGCCCCGGCGGTG,0.8502896
GACGAAGGGGCATGCTTT,0.8502715
GAAGGCATTATCGAGATG,0.8502147
GACGACAATCGTGCACGG,0.85019195
TAACGGGGTACATCTAAT,0.85015506
GACTACAATAGTGGACGG,0.8501241
GAGCAATGGGCATGCATT,0.849927
GAGGCACGGGCCGCGCCC,0.8498532
ATACAACGGGCATCTGCT,0.84948903
GGCGCCATCATCGAGCTT,0.8494416
GAACGGGGTACATCTTAT,0.849362
AAACGCATCATCGAGATT,0.849042
TTACGGGGTATAGATAAT,0.84873533
AGGCAGCGTACGTCTGCG,0.84843236
TTACGGAGTATAGATGAG,0.84828115
ATACAGGGTAAATCTGCG,0.847752
AACACCACCGCGGCCCCA,0.8476746
GAACAATGGGCATCGATT,0.8474567
GGAGCCATTACTGAGCTG,0.8473339
ATACAACGGGCATCGGCT,0.84727377
AAGCCCGGGCGCCCACCG,0.84711593
ATAGAGTGGACATCGTCG,0.8468988
AGGAGCGCTCAGGCCGGG,0.8468143
TTACGGGGTATAGATAAG,0.8467863
GACGACATTAATGGACGT,0.8467135
GACGAAGGGGCATCGTGT,0.846624
GGAGCATTTACTGAGCTG,0.84659445
GGCGCCTTCACCGAGCTC,0.84644836
AGACAGGGTAAGTCTGCG,0.84635407
TAACGCATTATAGATAAG,0.84634674
GAGGCATTCACTGAGCTG,0.846305
AGCACCGCCCCGGCCGGG,0.84607697
GAGGCCAGTCAGGCAGGG,0.8459942
AAAGGCATTATAGATGTG,0.84591675
AGGAGCGCCCGGGCCGGG,0.84568304
AGACAGCGTAAGTCTGCG,0.84553754
GACGGCATGCAGGCACGT,0.84529734
TTACACAGTATAGATGAG,0.84501374
TTAAACAGTATAGCTGAG,0.8449717
ACCCCCCTCACCGCCCCC,0.84492683
GAACGGGGTACATCGTAT,0.8448027
GATAACATTAATGGACGT,0.8446591
GAGCAATGGGCATCGATT,0.8445596
ATCATCGTCATCAACATC,0.8443359
CGGATCTACCGTGCGCCG,0.8443182
ATAAACATTATAGATGTG,0.84427637
AGCCCCATCATCGAGATC,0.844248
GACGACATTAATGGACGG,0.844075
AAGGGCGATCGCGCACCG,0.84405386
TAAACCAGGCTAACTGTG,0.84404624
GAGCAACGGGTATCGATT,0.84396434
AGCGCCATCATCGAGATT,0.8437722
AACCGCATCATCCATATT,0.84341204
AATTAAACGAGTGGATGA,0.8426773
CAGACAGGGGCGGCCCCC,0.84265554
CCCCCCTACCCCGCGCCC,0.8425825
AAGGCACGGGGCGGACCC,0.84252924
AGAAAGGGTCAGTCTGCG,0.8420546
AGCACCGCCCCGGCGGTA,0.8420192
AGGGGAGCGTGCGGAGGC,0.8419148
GAAGACATTACTGATCTG,0.84186524
AAGGCCGCCCGCGCACCG,0.8418141
GGCGCCATCATCGAGCTC,0.8409664
AAGGGCGCCCGCGCAGCG,0.840817
CAGCAAGGGGCCGCCCCC,0.8405811
ATCGCCATCATCAACCTC,0.8403753
AAGACCGCCCCGGCCGCG,0.8399713
AAAAACATTATAGCTGTG,0.8398615
ATAAAGAGTCCAGCTGCG,0.8397364
TTACAGGGTATACCTAAG,0.8397078
GACGAAGGGGCATCGTTT,0.8396972
AGGGGAGCCTGCGGAGGC,0.8396837
ATAAAGGGTACATCTGCG,0.8396707
AACCGGGTCATCCATAAT,0.83882743
GGGGGGGGGGCGGGGGGG,0.83859545
AGGGGCGACGGCTGAGGT,0.8380776
GACGCCAGGCAGGCAGGT,0.8377854
GAGACAGGGCTGACTGTG,0.837385
AGGCAGCGTAAGTCTGCT,0.8372833
ACGGCCTACCCTGAGCCG,0.8368074
ATAAAGAGTCCATCTGAG,0.83678305
AACCTGGTCATCAACAAC,0.83674324
AACACAACGGCGGCGCCT,0.8366635
CCGATCCATCGTCCGCCG,0.8366241
AGGGCCTAGGGATGAGGT,0.83601755
ATAACGGGTCAAACTGTG,0.83588606
GACGCCAGGCAGGCAGGG,0.8358109
GAGGTATATCCTGAGCTG,0.83576393
AAGACCGCCCCGGCCCCG,0.8357257
GAAGAGGGGGCATCGTCT,0.83547956
AAGGCCCGGGGCCCACCG,0.8350378
GAAGCAATTACTGAGCTG,0.83491206
GACCTGGGCACCTATAAT,0.83487356
ACCCCCTTCACCACCCCC,0.834844
AGCGCCATCATCGAGATC,0.83483964
ATCCCCATCATCAATATC,0.83475804
AAAGGCATTATCGATAAT,0.8344686
AGCAGCGCACGGGCGGGG,0.8342595
AAGACGGGGCTAACTGTG,0.83419657
GAAGAATGGGCATCCTTT,0.83400726
AGGCTGCGTAAGTCTACT,0.83399737
AGGGGCGAGGGCTGAGGT,0.8338558
AAGGCCCGGGGCCCACCC,0.8332234
ATCAGCGGCGATACCGTA,0.83312166
TAGACCAGGCTAACTGTG,0.8330569
AAAACCGGGCTAACTGTG,0.8326659
GGGGTGTATCCTGAGCTG,0.8324968
GAGGCACGGGCCGCCCCC,0.8323906
AAGACCGGGCTAACTGTG,0.8323519
GGAGCAATTATTGAGCTG,0.832072
AAACGAATTATCGATATT,0.8319552
AAGGCACGGGGCGCACCC,0.83168983
AGGGCCTAGGGATGACGT,0.8315803
TTAGAGGGTACATCGTAG,0.8306648
AAAGACATTATCGATATG,0.83038443
GAGACCAGGCAGGCTGTG,0.83017296
AAGGCACGGGGCCCTCCC,0.8300465
AGACAACGTGCATCTGCT,0.82990766
AGGAGCGCCCTCGCCGCG,0.8296688
AAAGGCATTATCGATAAG,0.82965297
AACACAACGGCGGCCCCT,0.82959014
AATAACACGATGGGACGA,0.8292865
AGCCCCATCATCGACATC,0.8289228
AAGACAGGGCTGACTGTG,0.82839155
TAACGGGGTATAGATAAT,0.8283905
AAGGCCGGGCGCCCACCG,0.8277466
CAGCAACGGGCCGCCCCC,0.8268912
TAAAGCATTATAGATGAG,0.8267492
AGCACCGCCCCGGCGGCG,0.8263797
AGGCAGGGTAAGTCTGCG,0.82618845
AACACAACGGCGGCGCCA,0.82588404
AACACAACGGCGGCCCCC,0.825746
AAGACAGGGGCGGCCCCC,0.82564735
GACCGGGTCATCCATAAT,0.8253734
GATAACACGATGGGACGA,0.8253527
GACGGCATTAAGGCACGT,0.82523936
GGGGCCTTCCCTGAGCCG,0.82457846
AGCGGCGGCGACGGCGAA,0.8245493
AGCAGCGCACGGGCCGGG,0.82454455
GACCTGGTCATCAACAAT,0.8243988
GAAGAATGGGCATCGTCT,0.8241709
GACGAAGGGGCATCCTTT,0.82407105
ATGACCGGCGATACCGTG,0.82377434
AAACGCATCATCGATAAT,0.82346267
ATAAAAAGTCTAGCTGAG,0.82344633
ATCACCATCATCAACCTC,0.8233177
AGCAGCGGCGATGGCGAA,0.82311904
AAACGGATTATCCATAAT,0.82269835
AGGCAGCGTAAGTCTGCG,0.8223333
AGGGGAGCCTGCGGCGAA,0.8212578
GAACAATGGGCATCGACT,0.821241
AAGGCACGGGCCGGACCC,0.8209412
AAGGGCGCTCACGCAGCG,0.8209387
ATAGAGGGTACATCGTAG,0.8205504
AACCGGGTCATCCACAAT,0.820532
AAGAGCGCCCGCGCAGCG,0.82053137
GACAACATTAATGGACGT,0.82039535
AAGGCCGAGCGCGCACCG,0.82032305
GAACGGGGTATCCATAAT,0.82026404
TTACAGAGTATAGATGAG,0.82020515
AGACGCATCATCGAGATT,0.81977636
ATCACCGGCCATACCGTA,0.8196387
AGGGGAGCGTGCGGCGAA,0.81923723
GGGGCCTTCACTGAGCTG,0.8190365
ATAAAGGGTCCAACTGTG,0.81872714
ACCGCCATCACCGACCTC,0.8187214
CCCCCCCCCCCCGCGCCC,0.8184442
ATCACCATCACCATCCTC,0.81844133
TTAAACATTATAGATGAG,0.81832826
TAACGGGGCATCCATAAT,0.8181823
GAAGAGGGCGCATCGTAT,0.8180504
AACACAACCGCGGCGCCA,0.8175815
GAACAGGGTACATCTTAT,0.8172763
GACGACATTAATGCACGG,0.8170643
CAGGAACGGGCCGGCCCC,0.81685126
GACGACATTAATGCACGT,0.8167878
ATCCCCATCATCAACATC,0.81672114
AACAAAGCGGCGGCCCCC,0.81646746
AGGAGCGCCCGCGCTGCG,0.8164131
GAAGAGGGGGCATCGTAT,0.81625223
AGCACCGCCCCGGCGGCA,0.8162323
AGACAGCGTACATCTGCT,0.8161711
ATAAAGAGTCCAGCTGAG,0.8158285
AGGAGCGCCCGGGCTGCG,0.81578445
GTAGAGGGTACATCGTCG,0.81574285
GACCTGGTCATCAACAAC,0.81554985
AGGGGCGGCGGCGGAGAA,0.8154898
GAGGTATTCACTGAGCTG,0.8153381
AGCACCGCCCCGGCCGCG,0.8152754
ATAAAGGGTCAGACTGCG,0.8152313
ATCCGCATCATCAATATC,0.81521416
ATAAACAGTATAGCTGAG,0.81482095
GGGGGGGGGCCGGGGGGG,0.81465554
GACCTGGGCACATATTAT,0.8142
TTACGGATTATAGATAAG,0.81376237
GACCTGGGCACCTACAAT,0.81359273
GAGCAACGGGTATCGACT,0.8132621
GAGGACATTCAGGCAGGG,0.8130575
GAGGACAATCGTGGACGG,0.81231517
ATAAAGGGTACATCTGAG,0.81208956
TAGACAGGGCTAACTGTG,0.812025
CCGATCTACCCTGAGCCG,0.8120008
AGGGGCGACGGCGGAGGT,0.81135374
GTAGAGTGGACATCGTCG,0.8109828
GACCTGGGCACATATAGT,0.81016946
GAGCAACGGGTCAGCATT,0.8099449
AGGAAGGGTCAGTCTGCG,0.8099333
GAGGTATATAGTGAGCTG,0.80963534
AGGGGCGAGGGCGGAGGT,0.80960983
GGGGGGGGAGGGGGGGGG,0.80886275
GACGACATTAAGGGACGT,0.8087011
GAACAGGGTACATCGTAT,0.8084275
TAACGGATTATAGATAAG,0.80841255
GACGAGGGCACATCGTGT,0.80830497
GACACCAGGCAGGCAGGG,0.8081728
GAGCAATGGGCATCGACT,0.80795515
GATAACATTAAGGGACGT,0.8071979
AGCGCCATCATCGACATC,0.80712265
GGGCAACGGGTGTCTACT,0.807081
AGCAGCGGCGATGCCGAA,0.80667776
AAAGACATTATAGATGTG,0.8066594
GACCGGGTCATCCACAAT,0.80634344
AACAAAGGGGCGGCCCCC,0.80570704
AACCGCATCATCAATATT,0.80561095
GGCGCCTTCACCGACCTC,0.8053959
GTAGAATGGGCATCGACT,0.8052796
AGGAGCGCCCGGGCCGCG,0.80514
AAGTACAATAGTGGACGG,0.80497956
AAGAGCGCTCACGCAGCG,0.80489737
AGCAGCGGCGACGGCGAA,0.80473596
GAACAACGGGCATCGGCT,0.80433553
AAACGGGTCATCCATAAT,0.80414045
GAGGACATTCATGCACGG,0.8038491
AGACAGCGTACATCTGCG,0.8037362
GGGGGGGGGAGGGGGGGG,0.8029786
AGGGGCGAGGGCGGAGGC,0.80281204
GAGGAACGGGCCGGGCCC,0.80239373
AAGGTACGGGGCCGACCC,0.80235064
GACGGCAGGCAGGCAGGG,0.8022352
ACGACCTACCCTGAGCCG,0.8020809
ATCATCATCATCAACATC,0.80207914
GACGGCAGGCAGGCAGGT,0.80196387
AAGGAACGGGCCGGTCCC,0.8011518
GGAGCATTTACCGAGCTG,0.8006842
ATAAACATTATAGATGAG,0.8004609
AAGGCACGGGGCCGACCC,0.80022836
CCGACCTACCCTGAGCCG,0.8000246
